[    5294ms] [LOG] [HMR] connected @ webpack-internal:///(app-pages-browser)/./node_modules/next/dist/next-devtools/shared/forward-logs-shared.js:27
[    6202ms] [LOG] [Fast Refresh] rebuilding @ webpack-internal:///(app-pages-browser)/./node_modules/next/dist/next-devtools/shared/forward-logs-shared.js:27
[    7049ms] [LOG] [Fast Refresh] done in 850ms @ webpack-internal:///(app-pages-browser)/./node_modules/next/dist/next-devtools/shared/forward-logs-shared.js:27
[   12882ms] [INFO] Download the React DevTools for a better development experience: https://react.dev/link/react-devtools @ webpack-internal:///(app-pages-browser)/./node_modules/next/dist/next-devtools/shared/forward-logs-shared.js:27
[   13089ms] [TIMESTAMP] Server Requests Track @ webpack-internal:///(app-pages-browser)/./node_modules/next/dist/compiled/react-server-dom-webpack/cjs/react-server-dom-webpack-client.browser.development.js:1241
[   13090ms] [TIMESTAMP] Server Components Track @ webpack-internal:///(app-pages-browser)/./node_modules/next/dist/compiled/react-server-dom-webpack/cjs/react-server-dom-webpack-client.browser.development.js:1249
[   13511ms] [LOG] [HMR] connected @ webpack-internal:///(app-pages-browser)/./node_modules/next/dist/next-devtools/shared/forward-logs-shared.js:27
[   13599ms] [TIMESTAMP] Blocking Track @ webpack-internal:///(app-pages-browser)/./node_modules/next/dist/compiled/react-dom/cjs/react-dom-client.development.js:18271
[   13599ms] [TIMESTAMP] Transition Track @ webpack-internal:///(app-pages-browser)/./node_modules/next/dist/compiled/react-dom/cjs/react-dom-client.development.js:18279
[   13600ms] [TIMESTAMP] Suspense Track @ webpack-internal:///(app-pages-browser)/./node_modules/next/dist/compiled/react-dom/cjs/react-dom-client.development.js:18287
[   13600ms] [TIMESTAMP] Idle Track @ webpack-internal:///(app-pages-browser)/./node_modules/next/dist/compiled/react-dom/cjs/react-dom-client.development.js:18295
[   13624ms] [TIMESTAMP] Blocked @ webpack-internal:///(app-pages-browser)/./node_modules/next/dist/compiled/react-dom/cjs/react-dom-client.development.js:17801
[   13688ms] [TIMESTAMP] Blocked @ webpack-internal:///(app-pages-browser)/./node_modules/next/dist/compiled/react-dom/cjs/react-dom-client.development.js:17801
[   13702ms] [TIMESTAMP] Server Requests Track @ webpack-internal:///(app-pages-browser)/./node_modules/next/dist/compiled/react-server-dom-webpack/cjs/react-server-dom-webpack-client.browser.development.js:1241
[   13703ms] [TIMESTAMP] Server Components Track @ webpack-internal:///(app-pages-browser)/./node_modules/next/dist/compiled/react-server-dom-webpack/cjs/react-server-dom-webpack-client.browser.development.js:1249
[   13704ms] [TIMESTAMP] ​Preloads @ webpack-internal:///(app-pages-browser)/./node_modules/next/dist/compiled/react-server-dom-webpack/cjs/react-server-dom-webpack-client.browser.development.js:3943
[   13708ms] [TIMESTAMP] ​Loading @ webpack-internal:///(app-pages-browser)/./node_modules/next/dist/compiled/react-server-dom-webpack/cjs/react-server-dom-webpack-client.browser.development.js:3943
[   13708ms] [TIMESTAMP] ​HTTPAccessErrorFallback @ webpack-internal:///(app-pages-browser)/./node_modules/next/dist/compiled/react-server-dom-webpack/cjs/react-server-dom-webpack-client.browser.development.js:3943
[   13709ms] [TIMESTAMP] ​NotFound @ webpack-internal:///(app-pages-browser)/./node_modules/next/dist/compiled/react-server-dom-webpack/cjs/react-server-dom-webpack-client.browser.development.js:3943
[   13709ms] [TIMESTAMP] ​RootLayout @ webpack-internal:///(app-pages-browser)/./node_modules/next/dist/compiled/react-server-dom-webpack/cjs/react-server-dom-webpack-client.browser.development.js:3943
[   13710ms] [TIMESTAMP] ​HTTPAccessErrorFallback @ webpack-internal:///(app-pages-browser)/./node_modules/next/dist/compiled/react-server-dom-webpack/cjs/react-server-dom-webpack-client.browser.development.js:3943
[   13710ms] [TIMESTAMP] ​NotFound @ webpack-internal:///(app-pages-browser)/./node_modules/next/dist/compiled/react-server-dom-webpack/cjs/react-server-dom-webpack-client.browser.development.js:3943
[   13713ms] [TIMESTAMP] ​Next.MetadataOutlet @ webpack-internal:///(app-pages-browser)/./node_modules/next/dist/compiled/react-server-dom-webpack/cjs/react-server-dom-webpack-client.browser.development.js:3943
[   13713ms] [TIMESTAMP] ​NonIndex @ webpack-internal:///(app-pages-browser)/./node_modules/next/dist/compiled/react-server-dom-webpack/cjs/react-server-dom-webpack-client.browser.development.js:3943
[   13715ms] [TIMESTAMP] ​Next.Viewport @ webpack-internal:///(app-pages-browser)/./node_modules/next/dist/compiled/react-server-dom-webpack/cjs/react-server-dom-webpack-client.browser.development.js:3943
[   13716ms] [TIMESTAMP] ​ViewportWrapper @ webpack-internal:///(app-pages-browser)/./node_modules/next/dist/compiled/react-server-dom-webpack/cjs/react-server-dom-webpack-client.browser.development.js:3943
[   13716ms] [TIMESTAMP] ​Next.Metadata @ webpack-internal:///(app-pages-browser)/./node_modules/next/dist/compiled/react-server-dom-webpack/cjs/react-server-dom-webpack-client.browser.development.js:3943
[   13718ms] [TIMESTAMP] ​MetadataWrapper @ webpack-internal:///(app-pages-browser)/./node_modules/next/dist/compiled/react-server-dom-webpack/cjs/react-server-dom-webpack-client.browser.development.js:3943
[   13730ms] [TIMESTAMP] Blocked @ webpack-internal:///(app-pages-browser)/./node_modules/next/dist/compiled/react-dom/cjs/react-dom-client.development.js:17801
[   13781ms] [TIMESTAMP] Blocked @ webpack-internal:///(app-pages-browser)/./node_modules/next/dist/compiled/react-dom/cjs/react-dom-client.development.js:17801
[   13786ms] [TIMESTAMP] Errored @ webpack-internal:///(app-pages-browser)/./node_modules/next/dist/compiled/react-dom/cjs/react-dom-client.development.js:4630
[   13792ms] [TIMESTAMP] Blocking Track @ webpack-internal:///(app-pages-browser)/./node_modules/next/dist/compiled/react-dom/cjs/react-dom-client.development.js:18271
[   13797ms] [TIMESTAMP] Transition Track @ webpack-internal:///(app-pages-browser)/./node_modules/next/dist/compiled/react-dom/cjs/react-dom-client.development.js:18279
[   13801ms] [TIMESTAMP] Suspense Track @ webpack-internal:///(app-pages-browser)/./node_modules/next/dist/compiled/react-dom/cjs/react-dom-client.development.js:18287
[   13804ms] [TIMESTAMP] Idle Track @ webpack-internal:///(app-pages-browser)/./node_modules/next/dist/compiled/react-dom/cjs/react-dom-client.development.js:18295
[   13842ms] [ERROR] Encountered a script tag while rendering React component. Scripts inside React components are never executed when rendering on the client. Consider using template tag instead (https://developer.mozilla.org/en-US/docs/Web/HTML/Element/template). @ webpack-internal:///(app-pages-browser)/./node_modules/next/dist/next-devtools/userspace/app/errors/intercept-console-error.js:57
[   13888ms] [TIMESTAMP] Errored @ webpack-internal:///(app-pages-browser)/./node_modules/next/dist/compiled/react-dom/cjs/react-dom-client.development.js:4630
[   13915ms] [TIMESTAMP] Commit @ webpack-internal:///(app-pages-browser)/./node_modules/next/dist/compiled/react-dom/cjs/react-dom-client.development.js:4724
[   13931ms] Error: Element type is invalid. Received a promise that resolves to: undefined. Lazy element type must resolve to a class or function.
    at beginWork (webpack-internal:///(app-pages-browser)/./node_modules/next/dist/compiled/react-dom/cjs/react-dom-client.development.js:12104:19)
    at runWithFiberInDEV (webpack-internal:///(app-pages-browser)/./node_modules/next/dist/compiled/react-dom/cjs/react-dom-client.development.js:990:13)
    at performUnitOfWork (webpack-internal:///(app-pages-browser)/./node_modules/next/dist/compiled/react-dom/cjs/react-dom-client.development.js:18989:22)
    at workLoopSync (webpack-internal:///(app-pages-browser)/./node_modules/next/dist/compiled/react-dom/cjs/react-dom-client.development.js:18817:58)
    at renderRootSync (webpack-internal:///(app-pages-browser)/./node_modules/next/dist/compiled/react-dom/cjs/react-dom-client.development.js:18798:11)
    at performWorkOnRoot (webpack-internal:///(app-pages-browser)/./node_modules/next/dist/compiled/react-dom/cjs/react-dom-client.development.js:17903:35)
    at performWorkOnRootViaSchedulerTask (webpack-internal:///(app-pages-browser)/./node_modules/next/dist/compiled/react-dom/cjs/react-dom-client.development.js:20472:24)
    at performWorkUntilDeadline (webpack-internal:///(app-pages-browser)/./node_modules/next/dist/compiled/scheduler/cjs/scheduler.development.js:45:56)
    at EventHandlerNonNull* (webpack-internal:///(app-pages-browser)/./node_modules/next/dist/compiled/scheduler/cjs/scheduler.development.js:223:7)
    at  (webpack-internal:///(app-pages-browser)/./node_modules/next/dist/compiled/scheduler/cjs/scheduler.development.js:364:5)
    at (app-pages-browser)/./node_modules/next/dist/compiled/scheduler/cjs/scheduler.development.js (http://localhost:3000/_next/static/chunks/main-app.js?v=1785511292487:1324:1)
    at options.factory (http://localhost:3000/_next/static/chunks/webpack.js?v=1785511292487:708:31)
    at __webpack_require__ (http://localhost:3000/_next/static/chunks/webpack.js?v=1785511292487:29:33)
    at fn (http://localhost:3000/_next/static/chunks/webpack.js?v=1785511292487:361:21)
    at  (webpack-internal:///(app-pages-browser)/./node_modules/next/dist/compiled/scheduler/index.js:4:20)
    at (app-pages-browser)/./node_modules/next/dist/compiled/scheduler/index.js (http://localhost:3000/_next/static/chunks/main-app.js?v=1785511292487:1335:1)
    at options.factory (http://localhost:3000/_next/static/chunks/webpack.js?v=1785511292487:708:31)
    at __webpack_require__ (http://localhost:3000/_next/static/chunks/webpack.js?v=1785511292487:29:33)
    at fn (http://localhost:3000/_next/static/chunks/webpack.js?v=1785511292487:361:21)
    at  (webpack-internal:///(app-pages-browser)/./node_modules/next/dist/compiled/react-dom/cjs/react-dom-client.development.js:26424:40)
    at  (webpack-internal:///(app-pages-browser)/./node_modules/next/dist/compiled/react-dom/cjs/react-dom-client.development.js:30808:5)
    at (app-pages-browser)/./node_modules/next/dist/compiled/react-dom/cjs/react-dom-client.development.js (http://localhost:3000/_next/static/chunks/main-app.js?v=1785511292487:1182:1)
    at options.factory (http://localhost:3000/_next/static/chunks/webpack.js?v=1785511292487:708:31)
    at __webpack_require__ (http://localhost:3000/_next/static/chunks/webpack.js?v=1785511292487:29:33)
    at fn (http://localhost:3000/_next/static/chunks/webpack.js?v=1785511292487:361:21)
    at  (webpack-internal:///(app-pages-browser)/./node_modules/next/dist/compiled/react-dom/client.js:32:20)
    at (app-pages-browser)/./node_modules/next/dist/compiled/react-dom/client.js (http://localhost:3000/_next/static/chunks/main-app.js?v=1785511292487:1204:1)
    at options.factory (http://localhost:3000/_next/static/chunks/webpack.js?v=1785511292487:708:31)
    at __webpack_require__ (http://localhost:3000/_next/static/chunks/webpack.js?v=1785511292487:29:33)
    at fn (http://localhost:3000/_next/static/chunks/webpack.js?v=1785511292487:361:21)
    at  (webpack-internal:///(app-pages-browser)/./node_modules/next/dist/client/app-index.js:14:58)
    at (app-pages-browser)/./node_modules/next/dist/client/app-index.js (http://localhost:3000/_next/static/chunks/main-app.js?v=1785511292487:116:1)
    at options.factory (http://localhost:3000/_next/static/chunks/webpack.js?v=1785511292487:708:31)
    at __webpack_require__ (http://localhost:3000/_next/static/chunks/webpack.js?v=1785511292487:29:33)
    at fn (http://localhost:3000/_next/static/chunks/webpack.js?v=1785511292487:361:21)
    at  (webpack-internal:///(app-pages-browser)/./node_modules/next/dist/client/app-next-dev.js:15:44)
    at appBootstrap/< (webpack-internal:///(app-pages-browser)/./node_modules/next/dist/client/app-bootstrap.js:60:16)
    at loadScriptsInSequence (webpack-internal:///(app-pages-browser)/./node_modules/next/dist/client/app-bootstrap.js:25:16)
    at appBootstrap (webpack-internal:///(app-pages-browser)/./node_modules/next/dist/client/app-bootstrap.js:54:26)
    at  (webpack-internal:///(app-pages-browser)/./node_modules/next/dist/client/app-next-dev.js:13:32)
    at (app-pages-browser)/./node_modules/next/dist/client/app-next-dev.js (http://localhost:3000/_next/static/chunks/main-app.js?v=1785511292487:138:1)
    at options.factory (http://localhost:3000/_next/static/chunks/webpack.js?v=1785511292487:708:31)
    at __webpack_require__ (http://localhost:3000/_next/static/chunks/webpack.js?v=1785511292487:29:33)
    at __webpack_exec__ (http://localhost:3000/_next/static/chunks/main-app.js?v=1785511292487:1956:67)
    at  (http://localhost:3000/_next/static/chunks/main-app.js?v=1785511292487:1957:154)
    at webpackJsonpCallback (http://localhost:3000/_next/static/chunks/webpack.js?v=1785511292487:1395:46)
    at  (http://localhost:3000/_next/static/chunks/main-app.js?v=1785511292487:9:61)
[   13937ms] [TIMESTAMP] Waiting for Paint @ webpack-internal:///(app-pages-browser)/./node_modules/next/dist/compiled/react-dom/cjs/react-dom-client.development.js:19929
[   13942ms] [TIMESTAMP] Root @ webpack-internal:///(app-pages-browser)/./node_modules/next/dist/compiled/react-dom/cjs/react-dom-client.development.js:4426
[   13945ms] [TIMESTAMP] ServerRoot @ webpack-internal:///(app-pages-browser)/./node_modules/next/dist/compiled/react-dom/cjs/react-dom-client.development.js:4426
[   13945ms] [TIMESTAMP] AppRouter @ webpack-internal:///(app-pages-browser)/./node_modules/next/dist/compiled/react-dom/cjs/react-dom-client.development.js:4426
[   13947ms] [TIMESTAMP] RootErrorBoundary @ webpack-internal:///(app-pages-browser)/./node_modules/next/dist/compiled/react-dom/cjs/react-dom-client.development.js:4426
[   13950ms] [TIMESTAMP] ErrorBoundary @ webpack-internal:///(app-pages-browser)/./node_modules/next/dist/compiled/react-dom/cjs/react-dom-client.development.js:4426
[   13950ms] [TIMESTAMP] ErrorBoundaryHandler @ webpack-internal:///(app-pages-browser)/./node_modules/next/dist/compiled/react-dom/cjs/react-dom-client.development.js:4426
[   13953ms] [TIMESTAMP] Router @ webpack-internal:///(app-pages-browser)/./node_modules/next/dist/compiled/react-dom/cjs/react-dom-client.development.js:4426
[   13962ms] [TIMESTAMP] HistoryUpdater @ webpack-internal:///(app-pages-browser)/./node_modules/next/dist/compiled/react-dom/cjs/react-dom-client.development.js:4426
[   13963ms] [TIMESTAMP] RuntimeStylesForWebpack @ webpack-internal:///(app-pages-browser)/./node_modules/next/dist/compiled/react-dom/cjs/react-dom-client.development.js:4426
[   13965ms] [TIMESTAMP] HotReload @ webpack-internal:///(app-pages-browser)/./node_modules/next/dist/compiled/react-dom/cjs/react-dom-client.development.js:4426
[   13968ms] [TIMESTAMP] ErroredHtml @ webpack-internal:///(app-pages-browser)/./node_modules/next/dist/compiled/react-dom/cjs/react-dom-client.development.js:4426
[   13968ms] [TIMESTAMP] ErrorBoundary @ webpack-internal:///(app-pages-browser)/./node_modules/next/dist/compiled/react-dom/cjs/react-dom-client.development.js:4426
[   13969ms] [TIMESTAMP] ErrorBoundaryHandler @ webpack-internal:///(app-pages-browser)/./node_modules/next/dist/compiled/react-dom/cjs/react-dom-client.development.js:4426
[   13973ms] [TIMESTAMP] SegmentViewNode @ webpack-internal:///(app-pages-browser)/./node_modules/next/dist/compiled/react-dom/cjs/react-dom-client.development.js:4426
[   13974ms] [TIMESTAMP] DefaultGlobalError @ webpack-internal:///(app-pages-browser)/./node_modules/next/dist/compiled/react-dom/cjs/react-dom-client.development.js:4426
[   13974ms] [TIMESTAMP] WarningIcon @ webpack-internal:///(app-pages-browser)/./node_modules/next/dist/compiled/react-dom/cjs/react-dom-client.development.js:4426
[   13978ms] [TIMESTAMP] HotReload @ webpack-internal:///(app-pages-browser)/./node_modules/next/dist/compiled/react-dom/cjs/react-dom-client.development.js:4554
[   13983ms] [TIMESTAMP] Router @ webpack-internal:///(app-pages-browser)/./node_modules/next/dist/compiled/react-dom/cjs/react-dom-client.development.js:4554
[   13990ms] [TIMESTAMP] Router @ webpack-internal:///(app-pages-browser)/./node_modules/next/dist/compiled/react-dom/cjs/react-dom-client.development.js:4554
[   13990ms] [TIMESTAMP] Remaining Effects @ webpack-internal:///(app-pages-browser)/./node_modules/next/dist/compiled/react-dom/cjs/react-dom-client.development.js:19980
[   14013ms] [TIMESTAMP] Blocking Track @ webpack-internal:///(app-pages-browser)/./node_modules/next/dist/compiled/react-dom/cjs/react-dom-client.development.js:18271
[   14013ms] [TIMESTAMP] Transition Track @ webpack-internal:///(app-pages-browser)/./node_modules/next/dist/compiled/react-dom/cjs/react-dom-client.development.js:18279
[   14014ms] [TIMESTAMP] Suspense Track @ webpack-internal:///(app-pages-browser)/./node_modules/next/dist/compiled/react-dom/cjs/react-dom-client.development.js:18287
[   14016ms] [TIMESTAMP] Idle Track @ webpack-internal:///(app-pages-browser)/./node_modules/next/dist/compiled/react-dom/cjs/react-dom-client.development.js:18295
[   14088ms] [TIMESTAMP] Blocked @ webpack-internal:///(app-pages-browser)/./node_modules/next/dist/compiled/react-dom/cjs/react-dom-client.development.js:17801
[   14163ms] [TIMESTAMP] Blocked @ webpack-internal:///(app-pages-browser)/./node_modules/next/dist/compiled/react-dom/cjs/react-dom-client.development.js:17801
[   14165ms] [TIMESTAMP] Render @ webpack-internal:///(app-pages-browser)/./node_modules/next/dist/compiled/react-dom/cjs/react-dom-client.development.js:19292
[   14166ms] [TIMESTAMP] Commit @ webpack-internal:///(app-pages-browser)/./node_modules/next/dist/compiled/react-dom/cjs/react-dom-client.development.js:4724
[   21436ms] [INFO] Download the React DevTools for a better development experience: https://react.dev/link/react-devtools @ webpack-internal:///(app-pages-browser)/./node_modules/next/dist/next-devtools/shared/forward-logs-shared.js:27
[   21724ms] [TIMESTAMP] Server Requests Track @ webpack-internal:///(app-pages-browser)/./node_modules/next/dist/compiled/react-server-dom-webpack/cjs/react-server-dom-webpack-client.browser.development.js:1241
[   21730ms] [TIMESTAMP] Server Components Track @ webpack-internal:///(app-pages-browser)/./node_modules/next/dist/compiled/react-server-dom-webpack/cjs/react-server-dom-webpack-client.browser.development.js:1249
[   22052ms] [LOG] [HMR] connected @ webpack-internal:///(app-pages-browser)/./node_modules/next/dist/next-devtools/shared/forward-logs-shared.js:27
[   22633ms] [TIMESTAMP] Blocking Track @ webpack-internal:///(app-pages-browser)/./node_modules/next/dist/compiled/react-dom/cjs/react-dom-client.development.js:18271
[   22636ms] [TIMESTAMP] Transition Track @ webpack-internal:///(app-pages-browser)/./node_modules/next/dist/compiled/react-dom/cjs/react-dom-client.development.js:18279
[   22718ms] [TIMESTAMP] Suspense Track @ webpack-internal:///(app-pages-browser)/./node_modules/next/dist/compiled/react-dom/cjs/react-dom-client.development.js:18287
[   22722ms] [TIMESTAMP] Idle Track @ webpack-internal:///(app-pages-browser)/./node_modules/next/dist/compiled/react-dom/cjs/react-dom-client.development.js:18295
[   22731ms] [TIMESTAMP] Server Requests Track @ webpack-internal:///(app-pages-browser)/./node_modules/next/dist/compiled/react-server-dom-webpack/cjs/react-server-dom-webpack-client.browser.development.js:1241
[   22731ms] [TIMESTAMP] Server Components Track @ webpack-internal:///(app-pages-browser)/./node_modules/next/dist/compiled/react-server-dom-webpack/cjs/react-server-dom-webpack-client.browser.development.js:1249
[   22739ms] [TIMESTAMP] ​Preloads @ webpack-internal:///(app-pages-browser)/./node_modules/next/dist/compiled/react-server-dom-webpack/cjs/react-server-dom-webpack-client.browser.development.js:3943
[   22740ms] [TIMESTAMP] ​Loading @ webpack-internal:///(app-pages-browser)/./node_modules/next/dist/compiled/react-server-dom-webpack/cjs/react-server-dom-webpack-client.browser.development.js:3943
[   22741ms] [TIMESTAMP] ​HTTPAccessErrorFallback @ webpack-internal:///(app-pages-browser)/./node_modules/next/dist/compiled/react-server-dom-webpack/cjs/react-server-dom-webpack-client.browser.development.js:3943
[   22744ms] [TIMESTAMP] ​NotFound @ webpack-internal:///(app-pages-browser)/./node_modules/next/dist/compiled/react-server-dom-webpack/cjs/react-server-dom-webpack-client.browser.development.js:3943
[   22744ms] [TIMESTAMP] ​RootLayout @ webpack-internal:///(app-pages-browser)/./node_modules/next/dist/compiled/react-server-dom-webpack/cjs/react-server-dom-webpack-client.browser.development.js:3943
[   22745ms] [TIMESTAMP] ​HTTPAccessErrorFallback @ webpack-internal:///(app-pages-browser)/./node_modules/next/dist/compiled/react-server-dom-webpack/cjs/react-server-dom-webpack-client.browser.development.js:3943
[   22748ms] [TIMESTAMP] ​NotFound @ webpack-internal:///(app-pages-browser)/./node_modules/next/dist/compiled/react-server-dom-webpack/cjs/react-server-dom-webpack-client.browser.development.js:3943
[   22749ms] [TIMESTAMP] ​Next.MetadataOutlet @ webpack-internal:///(app-pages-browser)/./node_modules/next/dist/compiled/react-server-dom-webpack/cjs/react-server-dom-webpack-client.browser.development.js:3943
[   22750ms] [TIMESTAMP] ​NonIndex @ webpack-internal:///(app-pages-browser)/./node_modules/next/dist/compiled/react-server-dom-webpack/cjs/react-server-dom-webpack-client.browser.development.js:3943
[   22769ms] [TIMESTAMP] ​Next.Viewport @ webpack-internal:///(app-pages-browser)/./node_modules/next/dist/compiled/react-server-dom-webpack/cjs/react-server-dom-webpack-client.browser.development.js:3943
[   22773ms] [TIMESTAMP] ​ViewportWrapper @ webpack-internal:///(app-pages-browser)/./node_modules/next/dist/compiled/react-server-dom-webpack/cjs/react-server-dom-webpack-client.browser.development.js:3943
[   22776ms] [TIMESTAMP] ​Next.Metadata @ webpack-internal:///(app-pages-browser)/./node_modules/next/dist/compiled/react-server-dom-webpack/cjs/react-server-dom-webpack-client.browser.development.js:3943
[   22785ms] [TIMESTAMP] ​MetadataWrapper @ webpack-internal:///(app-pages-browser)/./node_modules/next/dist/compiled/react-server-dom-webpack/cjs/react-server-dom-webpack-client.browser.development.js:3943
[   22809ms] [TIMESTAMP] Blocked @ webpack-internal:///(app-pages-browser)/./node_modules/next/dist/compiled/react-dom/cjs/react-dom-client.development.js:17801
[   22828ms] [TIMESTAMP] Blocked @ webpack-internal:///(app-pages-browser)/./node_modules/next/dist/compiled/react-dom/cjs/react-dom-client.development.js:17801
[   22863ms] [TIMESTAMP] Blocked @ webpack-internal:///(app-pages-browser)/./node_modules/next/dist/compiled/react-dom/cjs/react-dom-client.development.js:17801
[   22943ms] [TIMESTAMP] Blocked @ webpack-internal:///(app-pages-browser)/./node_modules/next/dist/compiled/react-dom/cjs/react-dom-client.development.js:17801
[   23184ms] [TIMESTAMP] Errored @ webpack-internal:///(app-pages-browser)/./node_modules/next/dist/compiled/react-dom/cjs/react-dom-client.development.js:4630
[   23184ms] [TIMESTAMP] Blocking Track @ webpack-internal:///(app-pages-browser)/./node_modules/next/dist/compiled/react-dom/cjs/react-dom-client.development.js:18271
[   23184ms] [TIMESTAMP] Transition Track @ webpack-internal:///(app-pages-browser)/./node_modules/next/dist/compiled/react-dom/cjs/react-dom-client.development.js:18279
[   23184ms] [TIMESTAMP] Suspense Track @ webpack-internal:///(app-pages-browser)/./node_modules/next/dist/compiled/react-dom/cjs/react-dom-client.development.js:18287
[   23185ms] [TIMESTAMP] Idle Track @ webpack-internal:///(app-pages-browser)/./node_modules/next/dist/compiled/react-dom/cjs/react-dom-client.development.js:18295
[   23185ms] [ERROR] Encountered a script tag while rendering React component. Scripts inside React components are never executed when rendering on the client. Consider using template tag instead (https://developer.mozilla.org/en-US/docs/Web/HTML/Element/template). @ webpack-internal:///(app-pages-browser)/./node_modules/next/dist/next-devtools/userspace/app/errors/intercept-console-error.js:57
[   23185ms] [TIMESTAMP] Errored @ webpack-internal:///(app-pages-browser)/./node_modules/next/dist/compiled/react-dom/cjs/react-dom-client.development.js:4630
[   23208ms] [TIMESTAMP] Commit @ webpack-internal:///(app-pages-browser)/./node_modules/next/dist/compiled/react-dom/cjs/react-dom-client.development.js:4724
[   23243ms] Error: Element type is invalid. Received a promise that resolves to: undefined. Lazy element type must resolve to a class or function.
    at beginWork (webpack-internal:///(app-pages-browser)/./node_modules/next/dist/compiled/react-dom/cjs/react-dom-client.development.js:12104:19)
    at runWithFiberInDEV (webpack-internal:///(app-pages-browser)/./node_modules/next/dist/compiled/react-dom/cjs/react-dom-client.development.js:990:13)
    at performUnitOfWork (webpack-internal:///(app-pages-browser)/./node_modules/next/dist/compiled/react-dom/cjs/react-dom-client.development.js:18989:22)
    at workLoopSync (webpack-internal:///(app-pages-browser)/./node_modules/next/dist/compiled/react-dom/cjs/react-dom-client.development.js:18817:58)
    at renderRootSync (webpack-internal:///(app-pages-browser)/./node_modules/next/dist/compiled/react-dom/cjs/react-dom-client.development.js:18798:11)
    at performWorkOnRoot (webpack-internal:///(app-pages-browser)/./node_modules/next/dist/compiled/react-dom/cjs/react-dom-client.development.js:17903:35)
    at performWorkOnRootViaSchedulerTask (webpack-internal:///(app-pages-browser)/./node_modules/next/dist/compiled/react-dom/cjs/react-dom-client.development.js:20472:24)
    at performWorkUntilDeadline (webpack-internal:///(app-pages-browser)/./node_modules/next/dist/compiled/scheduler/cjs/scheduler.development.js:45:56)
    at EventHandlerNonNull* (webpack-internal:///(app-pages-browser)/./node_modules/next/dist/compiled/scheduler/cjs/scheduler.development.js:223:7)
    at  (webpack-internal:///(app-pages-browser)/./node_modules/next/dist/compiled/scheduler/cjs/scheduler.development.js:364:5)
    at (app-pages-browser)/./node_modules/next/dist/compiled/scheduler/cjs/scheduler.development.js (http://localhost:3000/_next/static/chunks/main-app.js?v=1785511298742:1324:1)
    at options.factory (http://localhost:3000/_next/static/chunks/webpack.js?v=1785511298742:708:31)
    at __webpack_require__ (http://localhost:3000/_next/static/chunks/webpack.js?v=1785511298742:29:33)
    at fn (http://localhost:3000/_next/static/chunks/webpack.js?v=1785511298742:361:21)
    at  (webpack-internal:///(app-pages-browser)/./node_modules/next/dist/compiled/scheduler/index.js:4:20)
    at (app-pages-browser)/./node_modules/next/dist/compiled/scheduler/index.js (http://localhost:3000/_next/static/chunks/main-app.js?v=1785511298742:1335:1)
    at options.factory (http://localhost:3000/_next/static/chunks/webpack.js?v=1785511298742:708:31)
    at __webpack_require__ (http://localhost:3000/_next/static/chunks/webpack.js?v=1785511298742:29:33)
    at fn (http://localhost:3000/_next/static/chunks/webpack.js?v=1785511298742:361:21)
    at  (webpack-internal:///(app-pages-browser)/./node_modules/next/dist/compiled/react-dom/cjs/react-dom-client.development.js:26424:40)
    at  (webpack-internal:///(app-pages-browser)/./node_modules/next/dist/compiled/react-dom/cjs/react-dom-client.development.js:30808:5)
    at (app-pages-browser)/./node_modules/next/dist/compiled/react-dom/cjs/react-dom-client.development.js (http://localhost:3000/_next/static/chunks/main-app.js?v=1785511298742:1182:1)
    at options.factory (http://localhost:3000/_next/static/chunks/webpack.js?v=1785511298742:708:31)
    at __webpack_require__ (http://localhost:3000/_next/static/chunks/webpack.js?v=1785511298742:29:33)
    at fn (http://localhost:3000/_next/static/chunks/webpack.js?v=1785511298742:361:21)
    at  (webpack-internal:///(app-pages-browser)/./node_modules/next/dist/compiled/react-dom/client.js:32:20)
    at (app-pages-browser)/./node_modules/next/dist/compiled/react-dom/client.js (http://localhost:3000/_next/static/chunks/main-app.js?v=1785511298742:1204:1)
    at options.factory (http://localhost:3000/_next/static/chunks/webpack.js?v=1785511298742:708:31)
    at __webpack_require__ (http://localhost:3000/_next/static/chunks/webpack.js?v=1785511298742:29:33)
    at fn (http://localhost:3000/_next/static/chunks/webpack.js?v=1785511298742:361:21)
    at  (webpack-internal:///(app-pages-browser)/./node_modules/next/dist/client/app-index.js:14:58)
    at (app-pages-browser)/./node_modules/next/dist/client/app-index.js (http://localhost:3000/_next/static/chunks/main-app.js?v=1785511298742:116:1)
    at options.factory (http://localhost:3000/_next/static/chunks/webpack.js?v=1785511298742:708:31)
    at __webpack_require__ (http://localhost:3000/_next/static/chunks/webpack.js?v=1785511298742:29:33)
    at fn (http://localhost:3000/_next/static/chunks/webpack.js?v=1785511298742:361:21)
    at  (webpack-internal:///(app-pages-browser)/./node_modules/next/dist/client/app-next-dev.js:15:44)
    at appBootstrap/< (webpack-internal:///(app-pages-browser)/./node_modules/next/dist/client/app-bootstrap.js:60:16)
    at loadScriptsInSequence (webpack-internal:///(app-pages-browser)/./node_modules/next/dist/client/app-bootstrap.js:25:16)
    at appBootstrap (webpack-internal:///(app-pages-browser)/./node_modules/next/dist/client/app-bootstrap.js:54:26)
    at  (webpack-internal:///(app-pages-browser)/./node_modules/next/dist/client/app-next-dev.js:13:32)
    at (app-pages-browser)/./node_modules/next/dist/client/app-next-dev.js (http://localhost:3000/_next/static/chunks/main-app.js?v=1785511298742:138:1)
    at options.factory (http://localhost:3000/_next/static/chunks/webpack.js?v=1785511298742:708:31)
    at __webpack_require__ (http://localhost:3000/_next/static/chunks/webpack.js?v=1785511298742:29:33)
    at __webpack_exec__ (http://localhost:3000/_next/static/chunks/main-app.js?v=1785511298742:1956:67)
    at  (http://localhost:3000/_next/static/chunks/main-app.js?v=1785511298742:1957:154)
    at webpackJsonpCallback (http://localhost:3000/_next/static/chunks/webpack.js?v=1785511298742:1395:46)
    at  (http://localhost:3000/_next/static/chunks/main-app.js?v=1785511298742:9:61)
[   23270ms] [TIMESTAMP] Waiting for Paint @ webpack-internal:///(app-pages-browser)/./node_modules/next/dist/compiled/react-dom/cjs/react-dom-client.development.js:19929
[   23282ms] [TIMESTAMP] Root @ webpack-internal:///(app-pages-browser)/./node_modules/next/dist/compiled/react-dom/cjs/react-dom-client.development.js:4426
[   23285ms] [TIMESTAMP] ServerRoot @ webpack-internal:///(app-pages-browser)/./node_modules/next/dist/compiled/react-dom/cjs/react-dom-client.development.js:4426
[   23297ms] [TIMESTAMP] AppRouter @ webpack-internal:///(app-pages-browser)/./node_modules/next/dist/compiled/react-dom/cjs/react-dom-client.development.js:4426
[   23455ms] [TIMESTAMP] RootErrorBoundary @ webpack-internal:///(app-pages-browser)/./node_modules/next/dist/compiled/react-dom/cjs/react-dom-client.development.js:4426
[   23461ms] [TIMESTAMP] ErrorBoundary @ webpack-internal:///(app-pages-browser)/./node_modules/next/dist/compiled/react-dom/cjs/react-dom-client.development.js:4426
[   23462ms] [TIMESTAMP] ErrorBoundaryHandler @ webpack-internal:///(app-pages-browser)/./node_modules/next/dist/compiled/react-dom/cjs/react-dom-client.development.js:4426
[   23465ms] [TIMESTAMP] Router @ webpack-internal:///(app-pages-browser)/./node_modules/next/dist/compiled/react-dom/cjs/react-dom-client.development.js:4426
[   23466ms] [TIMESTAMP] HistoryUpdater @ webpack-internal:///(app-pages-browser)/./node_modules/next/dist/compiled/react-dom/cjs/react-dom-client.development.js:4426
[   23470ms] [TIMESTAMP] HistoryUpdater @ webpack-internal:///(app-pages-browser)/./node_modules/next/dist/compiled/react-dom/cjs/react-dom-client.development.js:4554
[   23481ms] [TIMESTAMP] RuntimeStylesForWebpack @ webpack-internal:///(app-pages-browser)/./node_modules/next/dist/compiled/react-dom/cjs/react-dom-client.development.js:4426
[   23484ms] [TIMESTAMP] HotReload @ webpack-internal:///(app-pages-browser)/./node_modules/next/dist/compiled/react-dom/cjs/react-dom-client.development.js:4426
[   23486ms] [TIMESTAMP] ErroredHtml @ webpack-internal:///(app-pages-browser)/./node_modules/next/dist/compiled/react-dom/cjs/react-dom-client.development.js:4426
[   23487ms] [TIMESTAMP] ErrorBoundary @ webpack-internal:///(app-pages-browser)/./node_modules/next/dist/compiled/react-dom/cjs/react-dom-client.development.js:4426
[   23495ms] [TIMESTAMP] ErrorBoundaryHandler @ webpack-internal:///(app-pages-browser)/./node_modules/next/dist/compiled/react-dom/cjs/react-dom-client.development.js:4426
[   23497ms] [TIMESTAMP] SegmentViewNode @ webpack-internal:///(app-pages-browser)/./node_modules/next/dist/compiled/react-dom/cjs/react-dom-client.development.js:4426
[   23500ms] [TIMESTAMP] SegmentTrieNode @ webpack-internal:///(app-pages-browser)/./node_modules/next/dist/compiled/react-dom/cjs/react-dom-client.development.js:4426
[   23502ms] [TIMESTAMP] DefaultGlobalError @ webpack-internal:///(app-pages-browser)/./node_modules/next/dist/compiled/react-dom/cjs/react-dom-client.development.js:4426
[   23504ms] [TIMESTAMP] WarningIcon @ webpack-internal:///(app-pages-browser)/./node_modules/next/dist/compiled/react-dom/cjs/react-dom-client.development.js:4426
[   23511ms] [TIMESTAMP] HotReload @ webpack-internal:///(app-pages-browser)/./node_modules/next/dist/compiled/react-dom/cjs/react-dom-client.development.js:4554
[   23514ms] [TIMESTAMP] Router @ webpack-internal:///(app-pages-browser)/./node_modules/next/dist/compiled/react-dom/cjs/react-dom-client.development.js:4554
[   23517ms] [TIMESTAMP] SegmentTrieNode @ webpack-internal:///(app-pages-browser)/./node_modules/next/dist/compiled/react-dom/cjs/react-dom-client.development.js:4554
[   23523ms] [TIMESTAMP] ErroredHtml @ webpack-internal:///(app-pages-browser)/./node_modules/next/dist/compiled/react-dom/cjs/react-dom-client.development.js:4554
[   23524ms] [TIMESTAMP] HotReload @ webpack-internal:///(app-pages-browser)/./node_modules/next/dist/compiled/react-dom/cjs/react-dom-client.development.js:4554
[   23526ms] [TIMESTAMP] SegmentTrieNode @ webpack-internal:///(app-pages-browser)/./node_modules/next/dist/compiled/react-dom/cjs/react-dom-client.development.js:4554
[   23529ms] [TIMESTAMP] Remaining Effects @ webpack-internal:///(app-pages-browser)/./node_modules/next/dist/compiled/react-dom/cjs/react-dom-client.development.js:19980
[   23800ms] [TIMESTAMP] Blocking Track @ webpack-internal:///(app-pages-browser)/./node_modules/next/dist/compiled/react-dom/cjs/react-dom-client.development.js:18271
[   23801ms] [TIMESTAMP] Transition Track @ webpack-internal:///(app-pages-browser)/./node_modules/next/dist/compiled/react-dom/cjs/react-dom-client.development.js:18279
[   23801ms] [TIMESTAMP] Suspense Track @ webpack-internal:///(app-pages-browser)/./node_modules/next/dist/compiled/react-dom/cjs/react-dom-client.development.js:18287
[   23801ms] [TIMESTAMP] Idle Track @ webpack-internal:///(app-pages-browser)/./node_modules/next/dist/compiled/react-dom/cjs/react-dom-client.development.js:18295
[   23801ms] [TIMESTAMP] Commit @ webpack-internal:///(app-pages-browser)/./node_modules/next/dist/compiled/react-dom/cjs/react-dom-client.development.js:4724
[   30069ms] [INFO] Download the React DevTools for a better development experience: https://react.dev/link/react-devtools @ webpack-internal:///(app-pages-browser)/./node_modules/next/dist/next-devtools/shared/forward-logs-shared.js:27
[   30345ms] [TIMESTAMP] Server Requests Track @ webpack-internal:///(app-pages-browser)/./node_modules/next/dist/compiled/react-server-dom-webpack/cjs/react-server-dom-webpack-client.browser.development.js:1241
[   30346ms] [TIMESTAMP] Server Components Track @ webpack-internal:///(app-pages-browser)/./node_modules/next/dist/compiled/react-server-dom-webpack/cjs/react-server-dom-webpack-client.browser.development.js:1249
[   30497ms] [LOG] [HMR] connected @ webpack-internal:///(app-pages-browser)/./node_modules/next/dist/next-devtools/shared/forward-logs-shared.js:27
[   30563ms] [TIMESTAMP] Blocking Track @ webpack-internal:///(app-pages-browser)/./node_modules/next/dist/compiled/react-dom/cjs/react-dom-client.development.js:18271
[   30563ms] [TIMESTAMP] Transition Track @ webpack-internal:///(app-pages-browser)/./node_modules/next/dist/compiled/react-dom/cjs/react-dom-client.development.js:18279
[   30563ms] [TIMESTAMP] Suspense Track @ webpack-internal:///(app-pages-browser)/./node_modules/next/dist/compiled/react-dom/cjs/react-dom-client.development.js:18287
[   30565ms] [TIMESTAMP] Idle Track @ webpack-internal:///(app-pages-browser)/./node_modules/next/dist/compiled/react-dom/cjs/react-dom-client.development.js:18295
[   30580ms] [TIMESTAMP] Blocked @ webpack-internal:///(app-pages-browser)/./node_modules/next/dist/compiled/react-dom/cjs/react-dom-client.development.js:17801
[   30610ms] [TIMESTAMP] Blocked @ webpack-internal:///(app-pages-browser)/./node_modules/next/dist/compiled/react-dom/cjs/react-dom-client.development.js:17801
[   30628ms] [TIMESTAMP] Server Requests Track @ webpack-internal:///(app-pages-browser)/./node_modules/next/dist/compiled/react-server-dom-webpack/cjs/react-server-dom-webpack-client.browser.development.js:1241
[   30629ms] [TIMESTAMP] Server Components Track @ webpack-internal:///(app-pages-browser)/./node_modules/next/dist/compiled/react-server-dom-webpack/cjs/react-server-dom-webpack-client.browser.development.js:1249
[   30631ms] [TIMESTAMP] ​Preloads @ webpack-internal:///(app-pages-browser)/./node_modules/next/dist/compiled/react-server-dom-webpack/cjs/react-server-dom-webpack-client.browser.development.js:3943
[   30632ms] [TIMESTAMP] ​Loading @ webpack-internal:///(app-pages-browser)/./node_modules/next/dist/compiled/react-server-dom-webpack/cjs/react-server-dom-webpack-client.browser.development.js:3943
[   30633ms] [TIMESTAMP] ​HTTPAccessErrorFallback @ webpack-internal:///(app-pages-browser)/./node_modules/next/dist/compiled/react-server-dom-webpack/cjs/react-server-dom-webpack-client.browser.development.js:3943
[   30635ms] [TIMESTAMP] ​NotFound @ webpack-internal:///(app-pages-browser)/./node_modules/next/dist/compiled/react-server-dom-webpack/cjs/react-server-dom-webpack-client.browser.development.js:3943
[   30640ms] [TIMESTAMP] ​RootLayout @ webpack-internal:///(app-pages-browser)/./node_modules/next/dist/compiled/react-server-dom-webpack/cjs/react-server-dom-webpack-client.browser.development.js:3943
[   30641ms] [TIMESTAMP] ​HTTPAccessErrorFallback @ webpack-internal:///(app-pages-browser)/./node_modules/next/dist/compiled/react-server-dom-webpack/cjs/react-server-dom-webpack-client.browser.development.js:3943
[   30642ms] [TIMESTAMP] ​NotFound @ webpack-internal:///(app-pages-browser)/./node_modules/next/dist/compiled/react-server-dom-webpack/cjs/react-server-dom-webpack-client.browser.development.js:3943
[   30643ms] [TIMESTAMP] ​Next.MetadataOutlet @ webpack-internal:///(app-pages-browser)/./node_modules/next/dist/compiled/react-server-dom-webpack/cjs/react-server-dom-webpack-client.browser.development.js:3943
[   30643ms] [TIMESTAMP] ​NonIndex @ webpack-internal:///(app-pages-browser)/./node_modules/next/dist/compiled/react-server-dom-webpack/cjs/react-server-dom-webpack-client.browser.development.js:3943
[   30644ms] [TIMESTAMP] ​Next.Viewport @ webpack-internal:///(app-pages-browser)/./node_modules/next/dist/compiled/react-server-dom-webpack/cjs/react-server-dom-webpack-client.browser.development.js:3943
[   30645ms] [TIMESTAMP] ​ViewportWrapper @ webpack-internal:///(app-pages-browser)/./node_modules/next/dist/compiled/react-server-dom-webpack/cjs/react-server-dom-webpack-client.browser.development.js:3943
[   30645ms] [TIMESTAMP] ​Next.Metadata @ webpack-internal:///(app-pages-browser)/./node_modules/next/dist/compiled/react-server-dom-webpack/cjs/react-server-dom-webpack-client.browser.development.js:3943
[   30646ms] [TIMESTAMP] ​MetadataWrapper @ webpack-internal:///(app-pages-browser)/./node_modules/next/dist/compiled/react-server-dom-webpack/cjs/react-server-dom-webpack-client.browser.development.js:3943
[   30648ms] [TIMESTAMP] Blocked @ webpack-internal:///(app-pages-browser)/./node_modules/next/dist/compiled/react-dom/cjs/react-dom-client.development.js:17801
[   30659ms] [TIMESTAMP] Blocked @ webpack-internal:///(app-pages-browser)/./node_modules/next/dist/compiled/react-dom/cjs/react-dom-client.development.js:17801
[   30687ms] [TIMESTAMP] Errored @ webpack-internal:///(app-pages-browser)/./node_modules/next/dist/compiled/react-dom/cjs/react-dom-client.development.js:4630
[   30688ms] [TIMESTAMP] Blocking Track @ webpack-internal:///(app-pages-browser)/./node_modules/next/dist/compiled/react-dom/cjs/react-dom-client.development.js:18271
[   30688ms] [TIMESTAMP] Transition Track @ webpack-internal:///(app-pages-browser)/./node_modules/next/dist/compiled/react-dom/cjs/react-dom-client.development.js:18279
[   30689ms] [TIMESTAMP] Suspense Track @ webpack-internal:///(app-pages-browser)/./node_modules/next/dist/compiled/react-dom/cjs/react-dom-client.development.js:18287
[   30695ms] [TIMESTAMP] Idle Track @ webpack-internal:///(app-pages-browser)/./node_modules/next/dist/compiled/react-dom/cjs/react-dom-client.development.js:18295
[   30736ms] [ERROR] Encountered a script tag while rendering React component. Scripts inside React components are never executed when rendering on the client. Consider using template tag instead (https://developer.mozilla.org/en-US/docs/Web/HTML/Element/template). @ webpack-internal:///(app-pages-browser)/./node_modules/next/dist/next-devtools/userspace/app/errors/intercept-console-error.js:57
[   30759ms] [TIMESTAMP] Errored @ webpack-internal:///(app-pages-browser)/./node_modules/next/dist/compiled/react-dom/cjs/react-dom-client.development.js:4630
[   30796ms] [TIMESTAMP] Commit @ webpack-internal:///(app-pages-browser)/./node_modules/next/dist/compiled/react-dom/cjs/react-dom-client.development.js:4724
[   30801ms] Error: Element type is invalid. Received a promise that resolves to: undefined. Lazy element type must resolve to a class or function.
    at beginWork (webpack-internal:///(app-pages-browser)/./node_modules/next/dist/compiled/react-dom/cjs/react-dom-client.development.js:12104:19)
    at runWithFiberInDEV (webpack-internal:///(app-pages-browser)/./node_modules/next/dist/compiled/react-dom/cjs/react-dom-client.development.js:990:13)
    at performUnitOfWork (webpack-internal:///(app-pages-browser)/./node_modules/next/dist/compiled/react-dom/cjs/react-dom-client.development.js:18989:22)
    at workLoopSync (webpack-internal:///(app-pages-browser)/./node_modules/next/dist/compiled/react-dom/cjs/react-dom-client.development.js:18817:58)
    at renderRootSync (webpack-internal:///(app-pages-browser)/./node_modules/next/dist/compiled/react-dom/cjs/react-dom-client.development.js:18798:11)
    at performWorkOnRoot (webpack-internal:///(app-pages-browser)/./node_modules/next/dist/compiled/react-dom/cjs/react-dom-client.development.js:17903:35)
    at performWorkOnRootViaSchedulerTask (webpack-internal:///(app-pages-browser)/./node_modules/next/dist/compiled/react-dom/cjs/react-dom-client.development.js:20472:24)
    at performWorkUntilDeadline (webpack-internal:///(app-pages-browser)/./node_modules/next/dist/compiled/scheduler/cjs/scheduler.development.js:45:56)
    at EventHandlerNonNull* (webpack-internal:///(app-pages-browser)/./node_modules/next/dist/compiled/scheduler/cjs/scheduler.development.js:223:7)
    at  (webpack-internal:///(app-pages-browser)/./node_modules/next/dist/compiled/scheduler/cjs/scheduler.development.js:364:5)
    at (app-pages-browser)/./node_modules/next/dist/compiled/scheduler/cjs/scheduler.development.js (http://localhost:3000/_next/static/chunks/main-app.js?v=1785511308124:1324:1)
    at options.factory (http://localhost:3000/_next/static/chunks/webpack.js?v=1785511308124:708:31)
    at __webpack_require__ (http://localhost:3000/_next/static/chunks/webpack.js?v=1785511308124:29:33)
    at fn (http://localhost:3000/_next/static/chunks/webpack.js?v=1785511308124:361:21)
    at  (webpack-internal:///(app-pages-browser)/./node_modules/next/dist/compiled/scheduler/index.js:4:20)
    at (app-pages-browser)/./node_modules/next/dist/compiled/scheduler/index.js (http://localhost:3000/_next/static/chunks/main-app.js?v=1785511308124:1335:1)
    at options.factory (http://localhost:3000/_next/static/chunks/webpack.js?v=1785511308124:708:31)
    at __webpack_require__ (http://localhost:3000/_next/static/chunks/webpack.js?v=1785511308124:29:33)
    at fn (http://localhost:3000/_next/static/chunks/webpack.js?v=1785511308124:361:21)
    at  (webpack-internal:///(app-pages-browser)/./node_modules/next/dist/compiled/react-dom/cjs/react-dom-client.development.js:26424:40)
    at  (webpack-internal:///(app-pages-browser)/./node_modules/next/dist/compiled/react-dom/cjs/react-dom-client.development.js:30808:5)
    at (app-pages-browser)/./node_modules/next/dist/compiled/react-dom/cjs/react-dom-client.development.js (http://localhost:3000/_next/static/chunks/main-app.js?v=1785511308124:1182:1)
    at options.factory (http://localhost:3000/_next/static/chunks/webpack.js?v=1785511308124:708:31)
    at __webpack_require__ (http://localhost:3000/_next/static/chunks/webpack.js?v=1785511308124:29:33)
    at fn (http://localhost:3000/_next/static/chunks/webpack.js?v=1785511308124:361:21)
    at  (webpack-internal:///(app-pages-browser)/./node_modules/next/dist/compiled/react-dom/client.js:32:20)
    at (app-pages-browser)/./node_modules/next/dist/compiled/react-dom/client.js (http://localhost:3000/_next/static/chunks/main-app.js?v=1785511308124:1204:1)
    at options.factory (http://localhost:3000/_next/static/chunks/webpack.js?v=1785511308124:708:31)
    at __webpack_require__ (http://localhost:3000/_next/static/chunks/webpack.js?v=1785511308124:29:33)
    at fn (http://localhost:3000/_next/static/chunks/webpack.js?v=1785511308124:361:21)
    at  (webpack-internal:///(app-pages-browser)/./node_modules/next/dist/client/app-index.js:14:58)
    at (app-pages-browser)/./node_modules/next/dist/client/app-index.js (http://localhost:3000/_next/static/chunks/main-app.js?v=1785511308124:116:1)
    at options.factory (http://localhost:3000/_next/static/chunks/webpack.js?v=1785511308124:708:31)
    at __webpack_require__ (http://localhost:3000/_next/static/chunks/webpack.js?v=1785511308124:29:33)
    at fn (http://localhost:3000/_next/static/chunks/webpack.js?v=1785511308124:361:21)
    at  (webpack-internal:///(app-pages-browser)/./node_modules/next/dist/client/app-next-dev.js:15:44)
    at appBootstrap/< (webpack-internal:///(app-pages-browser)/./node_modules/next/dist/client/app-bootstrap.js:60:16)
    at loadScriptsInSequence (webpack-internal:///(app-pages-browser)/./node_modules/next/dist/client/app-bootstrap.js:25:16)
    at appBootstrap (webpack-internal:///(app-pages-browser)/./node_modules/next/dist/client/app-bootstrap.js:54:26)
    at  (webpack-internal:///(app-pages-browser)/./node_modules/next/dist/client/app-next-dev.js:13:32)
    at (app-pages-browser)/./node_modules/next/dist/client/app-next-dev.js (http://localhost:3000/_next/static/chunks/main-app.js?v=1785511308124:138:1)
    at options.factory (http://localhost:3000/_next/static/chunks/webpack.js?v=1785511308124:708:31)
    at __webpack_require__ (http://localhost:3000/_next/static/chunks/webpack.js?v=1785511308124:29:33)
    at __webpack_exec__ (http://localhost:3000/_next/static/chunks/main-app.js?v=1785511308124:1956:67)
    at  (http://localhost:3000/_next/static/chunks/main-app.js?v=1785511308124:1957:154)
    at webpackJsonpCallback (http://localhost:3000/_next/static/chunks/webpack.js?v=1785511308124:1395:46)
    at  (http://localhost:3000/_next/static/chunks/main-app.js?v=1785511308124:9:61)
[   30807ms] [TIMESTAMP] Waiting for Paint @ webpack-internal:///(app-pages-browser)/./node_modules/next/dist/compiled/react-dom/cjs/react-dom-client.development.js:19929
[   30808ms] [TIMESTAMP] Root @ webpack-internal:///(app-pages-browser)/./node_modules/next/dist/compiled/react-dom/cjs/react-dom-client.development.js:4426
[   30809ms] [TIMESTAMP] ServerRoot @ webpack-internal:///(app-pages-browser)/./node_modules/next/dist/compiled/react-dom/cjs/react-dom-client.development.js:4426
[   30810ms] [TIMESTAMP] AppRouter @ webpack-internal:///(app-pages-browser)/./node_modules/next/dist/compiled/react-dom/cjs/react-dom-client.development.js:4426
[   30810ms] [TIMESTAMP] RootErrorBoundary @ webpack-internal:///(app-pages-browser)/./node_modules/next/dist/compiled/react-dom/cjs/react-dom-client.development.js:4426
[   30812ms] [TIMESTAMP] ErrorBoundary @ webpack-internal:///(app-pages-browser)/./node_modules/next/dist/compiled/react-dom/cjs/react-dom-client.development.js:4426
[   30813ms] [TIMESTAMP] ErrorBoundaryHandler @ webpack-internal:///(app-pages-browser)/./node_modules/next/dist/compiled/react-dom/cjs/react-dom-client.development.js:4426
[   30815ms] [TIMESTAMP] Router @ webpack-internal:///(app-pages-browser)/./node_modules/next/dist/compiled/react-dom/cjs/react-dom-client.development.js:4426
[   30815ms] [TIMESTAMP] HistoryUpdater @ webpack-internal:///(app-pages-browser)/./node_modules/next/dist/compiled/react-dom/cjs/react-dom-client.development.js:4426
[   30817ms] [TIMESTAMP] HistoryUpdater @ webpack-internal:///(app-pages-browser)/./node_modules/next/dist/compiled/react-dom/cjs/react-dom-client.development.js:4554
[   30819ms] [TIMESTAMP] RuntimeStylesForWebpack @ webpack-internal:///(app-pages-browser)/./node_modules/next/dist/compiled/react-dom/cjs/react-dom-client.development.js:4426
[   30822ms] [TIMESTAMP] HotReload @ webpack-internal:///(app-pages-browser)/./node_modules/next/dist/compiled/react-dom/cjs/react-dom-client.development.js:4426
[   30825ms] [TIMESTAMP] ErroredHtml @ webpack-internal:///(app-pages-browser)/./node_modules/next/dist/compiled/react-dom/cjs/react-dom-client.development.js:4426
[   30826ms] [TIMESTAMP] ErrorBoundary @ webpack-internal:///(app-pages-browser)/./node_modules/next/dist/compiled/react-dom/cjs/react-dom-client.development.js:4426
[   30826ms] [TIMESTAMP] ErrorBoundaryHandler @ webpack-internal:///(app-pages-browser)/./node_modules/next/dist/compiled/react-dom/cjs/react-dom-client.development.js:4426
[   30827ms] [TIMESTAMP] SegmentViewNode @ webpack-internal:///(app-pages-browser)/./node_modules/next/dist/compiled/react-dom/cjs/react-dom-client.development.js:4426
[   30827ms] [TIMESTAMP] SegmentTrieNode @ webpack-internal:///(app-pages-browser)/./node_modules/next/dist/compiled/react-dom/cjs/react-dom-client.development.js:4426
[   30827ms] [TIMESTAMP] DefaultGlobalError @ webpack-internal:///(app-pages-browser)/./node_modules/next/dist/compiled/react-dom/cjs/react-dom-client.development.js:4426
[   30828ms] [TIMESTAMP] WarningIcon @ webpack-internal:///(app-pages-browser)/./node_modules/next/dist/compiled/react-dom/cjs/react-dom-client.development.js:4426
[   30834ms] [TIMESTAMP] HotReload @ webpack-internal:///(app-pages-browser)/./node_modules/next/dist/compiled/react-dom/cjs/react-dom-client.development.js:4554
[   30835ms] [TIMESTAMP] Router @ webpack-internal:///(app-pages-browser)/./node_modules/next/dist/compiled/react-dom/cjs/react-dom-client.development.js:4554
[   30843ms] [TIMESTAMP] Router @ webpack-internal:///(app-pages-browser)/./node_modules/next/dist/compiled/react-dom/cjs/react-dom-client.development.js:4554
[   30847ms] [TIMESTAMP] Remaining Effects @ webpack-internal:///(app-pages-browser)/./node_modules/next/dist/compiled/react-dom/cjs/react-dom-client.development.js:19980
[   30875ms] [TIMESTAMP] Blocking Track @ webpack-internal:///(app-pages-browser)/./node_modules/next/dist/compiled/react-dom/cjs/react-dom-client.development.js:18271
[   30876ms] [TIMESTAMP] Transition Track @ webpack-internal:///(app-pages-browser)/./node_modules/next/dist/compiled/react-dom/cjs/react-dom-client.development.js:18279
[   30877ms] [TIMESTAMP] Suspense Track @ webpack-internal:///(app-pages-browser)/./node_modules/next/dist/compiled/react-dom/cjs/react-dom-client.development.js:18287
[   30881ms] [TIMESTAMP] Idle Track @ webpack-internal:///(app-pages-browser)/./node_modules/next/dist/compiled/react-dom/cjs/react-dom-client.development.js:18295
[   30894ms] [TIMESTAMP] Blocked @ webpack-internal:///(app-pages-browser)/./node_modules/next/dist/compiled/react-dom/cjs/react-dom-client.development.js:17801
[   30906ms] [TIMESTAMP] Render @ webpack-internal:///(app-pages-browser)/./node_modules/next/dist/compiled/react-dom/cjs/react-dom-client.development.js:19292
[   30910ms] [TIMESTAMP] Commit @ webpack-internal:///(app-pages-browser)/./node_modules/next/dist/compiled/react-dom/cjs/react-dom-client.development.js:4724
[   36315ms] [INFO] Download the React DevTools for a better development experience: https://react.dev/link/react-devtools @ webpack-internal:///(app-pages-browser)/./node_modules/next/dist/next-devtools/shared/forward-logs-shared.js:27
[   36424ms] [TIMESTAMP] Server Requests Track @ webpack-internal:///(app-pages-browser)/./node_modules/next/dist/compiled/react-server-dom-webpack/cjs/react-server-dom-webpack-client.browser.development.js:1241
[   36424ms] [TIMESTAMP] Server Components Track @ webpack-internal:///(app-pages-browser)/./node_modules/next/dist/compiled/react-server-dom-webpack/cjs/react-server-dom-webpack-client.browser.development.js:1249
[   36530ms] [LOG] [HMR] connected @ webpack-internal:///(app-pages-browser)/./node_modules/next/dist/next-devtools/shared/forward-logs-shared.js:27
[   36574ms] [TIMESTAMP] Blocking Track @ webpack-internal:///(app-pages-browser)/./node_modules/next/dist/compiled/react-dom/cjs/react-dom-client.development.js:18271
[   36575ms] [TIMESTAMP] Transition Track @ webpack-internal:///(app-pages-browser)/./node_modules/next/dist/compiled/react-dom/cjs/react-dom-client.development.js:18279
[   36576ms] [TIMESTAMP] Suspense Track @ webpack-internal:///(app-pages-browser)/./node_modules/next/dist/compiled/react-dom/cjs/react-dom-client.development.js:18287
[   36576ms] [TIMESTAMP] Idle Track @ webpack-internal:///(app-pages-browser)/./node_modules/next/dist/compiled/react-dom/cjs/react-dom-client.development.js:18295
[   36593ms] [TIMESTAMP] Blocked @ webpack-internal:///(app-pages-browser)/./node_modules/next/dist/compiled/react-dom/cjs/react-dom-client.development.js:17801
[   36616ms] [TIMESTAMP] Blocked @ webpack-internal:///(app-pages-browser)/./node_modules/next/dist/compiled/react-dom/cjs/react-dom-client.development.js:17801
[   36654ms] [TIMESTAMP] Server Requests Track @ webpack-internal:///(app-pages-browser)/./node_modules/next/dist/compiled/react-server-dom-webpack/cjs/react-server-dom-webpack-client.browser.development.js:1241
[   36654ms] [TIMESTAMP] Server Components Track @ webpack-internal:///(app-pages-browser)/./node_modules/next/dist/compiled/react-server-dom-webpack/cjs/react-server-dom-webpack-client.browser.development.js:1249
[   36657ms] [TIMESTAMP] ​Preloads @ webpack-internal:///(app-pages-browser)/./node_modules/next/dist/compiled/react-server-dom-webpack/cjs/react-server-dom-webpack-client.browser.development.js:3943
[   36658ms] [TIMESTAMP] ​Loading @ webpack-internal:///(app-pages-browser)/./node_modules/next/dist/compiled/react-server-dom-webpack/cjs/react-server-dom-webpack-client.browser.development.js:3943
[   36659ms] [TIMESTAMP] ​HTTPAccessErrorFallback @ webpack-internal:///(app-pages-browser)/./node_modules/next/dist/compiled/react-server-dom-webpack/cjs/react-server-dom-webpack-client.browser.development.js:3943
[   36660ms] [TIMESTAMP] ​NotFound @ webpack-internal:///(app-pages-browser)/./node_modules/next/dist/compiled/react-server-dom-webpack/cjs/react-server-dom-webpack-client.browser.development.js:3943
[   36662ms] [TIMESTAMP] ​RootLayout @ webpack-internal:///(app-pages-browser)/./node_modules/next/dist/compiled/react-server-dom-webpack/cjs/react-server-dom-webpack-client.browser.development.js:3943
[   36662ms] [TIMESTAMP] ​HTTPAccessErrorFallback @ webpack-internal:///(app-pages-browser)/./node_modules/next/dist/compiled/react-server-dom-webpack/cjs/react-server-dom-webpack-client.browser.development.js:3943
[   36663ms] [TIMESTAMP] ​NotFound @ webpack-internal:///(app-pages-browser)/./node_modules/next/dist/compiled/react-server-dom-webpack/cjs/react-server-dom-webpack-client.browser.development.js:3943
[   36663ms] [TIMESTAMP] ​Next.MetadataOutlet @ webpack-internal:///(app-pages-browser)/./node_modules/next/dist/compiled/react-server-dom-webpack/cjs/react-server-dom-webpack-client.browser.development.js:3943
[   36665ms] [TIMESTAMP] ​NonIndex @ webpack-internal:///(app-pages-browser)/./node_modules/next/dist/compiled/react-server-dom-webpack/cjs/react-server-dom-webpack-client.browser.development.js:3943
[   36666ms] [TIMESTAMP] ​Next.Viewport @ webpack-internal:///(app-pages-browser)/./node_modules/next/dist/compiled/react-server-dom-webpack/cjs/react-server-dom-webpack-client.browser.development.js:3943
[   36667ms] [TIMESTAMP] ​ViewportWrapper @ webpack-internal:///(app-pages-browser)/./node_modules/next/dist/compiled/react-server-dom-webpack/cjs/react-server-dom-webpack-client.browser.development.js:3943
[   36673ms] [TIMESTAMP] ​Next.Metadata @ webpack-internal:///(app-pages-browser)/./node_modules/next/dist/compiled/react-server-dom-webpack/cjs/react-server-dom-webpack-client.browser.development.js:3943
[   36674ms] [TIMESTAMP] ​MetadataWrapper @ webpack-internal:///(app-pages-browser)/./node_modules/next/dist/compiled/react-server-dom-webpack/cjs/react-server-dom-webpack-client.browser.development.js:3943
[   36682ms] [TIMESTAMP] Blocked @ webpack-internal:///(app-pages-browser)/./node_modules/next/dist/compiled/react-dom/cjs/react-dom-client.development.js:17801
[   36683ms] [TIMESTAMP] Errored @ webpack-internal:///(app-pages-browser)/./node_modules/next/dist/compiled/react-dom/cjs/react-dom-client.development.js:4630
[   36683ms] [TIMESTAMP] Blocking Track @ webpack-internal:///(app-pages-browser)/./node_modules/next/dist/compiled/react-dom/cjs/react-dom-client.development.js:18271
[   36683ms] [TIMESTAMP] Transition Track @ webpack-internal:///(app-pages-browser)/./node_modules/next/dist/compiled/react-dom/cjs/react-dom-client.development.js:18279
[   36684ms] [TIMESTAMP] Suspense Track @ webpack-internal:///(app-pages-browser)/./node_modules/next/dist/compiled/react-dom/cjs/react-dom-client.development.js:18287
[   36684ms] [TIMESTAMP] Idle Track @ webpack-internal:///(app-pages-browser)/./node_modules/next/dist/compiled/react-dom/cjs/react-dom-client.development.js:18295
[   36701ms] [ERROR] Encountered a script tag while rendering React component. Scripts inside React components are never executed when rendering on the client. Consider using template tag instead (https://developer.mozilla.org/en-US/docs/Web/HTML/Element/template). @ webpack-internal:///(app-pages-browser)/./node_modules/next/dist/next-devtools/userspace/app/errors/intercept-console-error.js:57
[   36721ms] [TIMESTAMP] Errored @ webpack-internal:///(app-pages-browser)/./node_modules/next/dist/compiled/react-dom/cjs/react-dom-client.development.js:4630
[   36752ms] [TIMESTAMP] SegmentTrieNode @ webpack-internal:///(app-pages-browser)/./node_modules/next/dist/compiled/react-dom/cjs/react-dom-client.development.js:4554
[   36763ms] [TIMESTAMP] Commit @ webpack-internal:///(app-pages-browser)/./node_modules/next/dist/compiled/react-dom/cjs/react-dom-client.development.js:4724
[   36770ms] Error: Element type is invalid. Received a promise that resolves to: undefined. Lazy element type must resolve to a class or function.
    at beginWork (webpack-internal:///(app-pages-browser)/./node_modules/next/dist/compiled/react-dom/cjs/react-dom-client.development.js:12104:19)
    at runWithFiberInDEV (webpack-internal:///(app-pages-browser)/./node_modules/next/dist/compiled/react-dom/cjs/react-dom-client.development.js:990:13)
    at performUnitOfWork (webpack-internal:///(app-pages-browser)/./node_modules/next/dist/compiled/react-dom/cjs/react-dom-client.development.js:18989:22)
    at workLoopSync (webpack-internal:///(app-pages-browser)/./node_modules/next/dist/compiled/react-dom/cjs/react-dom-client.development.js:18817:58)
    at renderRootSync (webpack-internal:///(app-pages-browser)/./node_modules/next/dist/compiled/react-dom/cjs/react-dom-client.development.js:18798:11)
    at performWorkOnRoot (webpack-internal:///(app-pages-browser)/./node_modules/next/dist/compiled/react-dom/cjs/react-dom-client.development.js:17903:35)
    at performWorkOnRootViaSchedulerTask (webpack-internal:///(app-pages-browser)/./node_modules/next/dist/compiled/react-dom/cjs/react-dom-client.development.js:20472:24)
    at performWorkUntilDeadline (webpack-internal:///(app-pages-browser)/./node_modules/next/dist/compiled/scheduler/cjs/scheduler.development.js:45:56)
    at EventHandlerNonNull* (webpack-internal:///(app-pages-browser)/./node_modules/next/dist/compiled/scheduler/cjs/scheduler.development.js:223:7)
    at  (webpack-internal:///(app-pages-browser)/./node_modules/next/dist/compiled/scheduler/cjs/scheduler.development.js:364:5)
    at (app-pages-browser)/./node_modules/next/dist/compiled/scheduler/cjs/scheduler.development.js (http://localhost:3000/_next/static/chunks/main-app.js?v=1785511315592:1324:1)
    at options.factory (http://localhost:3000/_next/static/chunks/webpack.js?v=1785511315592:708:31)
    at __webpack_require__ (http://localhost:3000/_next/static/chunks/webpack.js?v=1785511315592:29:33)
    at fn (http://localhost:3000/_next/static/chunks/webpack.js?v=1785511315592:361:21)
    at  (webpack-internal:///(app-pages-browser)/./node_modules/next/dist/compiled/scheduler/index.js:4:20)
    at (app-pages-browser)/./node_modules/next/dist/compiled/scheduler/index.js (http://localhost:3000/_next/static/chunks/main-app.js?v=1785511315592:1335:1)
    at options.factory (http://localhost:3000/_next/static/chunks/webpack.js?v=1785511315592:708:31)
    at __webpack_require__ (http://localhost:3000/_next/static/chunks/webpack.js?v=1785511315592:29:33)
    at fn (http://localhost:3000/_next/static/chunks/webpack.js?v=1785511315592:361:21)
    at  (webpack-internal:///(app-pages-browser)/./node_modules/next/dist/compiled/react-dom/cjs/react-dom-client.development.js:26424:40)
    at  (webpack-internal:///(app-pages-browser)/./node_modules/next/dist/compiled/react-dom/cjs/react-dom-client.development.js:30808:5)
    at (app-pages-browser)/./node_modules/next/dist/compiled/react-dom/cjs/react-dom-client.development.js (http://localhost:3000/_next/static/chunks/main-app.js?v=1785511315592:1182:1)
    at options.factory (http://localhost:3000/_next/static/chunks/webpack.js?v=1785511315592:708:31)
    at __webpack_require__ (http://localhost:3000/_next/static/chunks/webpack.js?v=1785511315592:29:33)
    at fn (http://localhost:3000/_next/static/chunks/webpack.js?v=1785511315592:361:21)
    at  (webpack-internal:///(app-pages-browser)/./node_modules/next/dist/compiled/react-dom/client.js:32:20)
    at (app-pages-browser)/./node_modules/next/dist/compiled/react-dom/client.js (http://localhost:3000/_next/static/chunks/main-app.js?v=1785511315592:1204:1)
    at options.factory (http://localhost:3000/_next/static/chunks/webpack.js?v=1785511315592:708:31)
    at __webpack_require__ (http://localhost:3000/_next/static/chunks/webpack.js?v=1785511315592:29:33)
    at fn (http://localhost:3000/_next/static/chunks/webpack.js?v=1785511315592:361:21)
    at  (webpack-internal:///(app-pages-browser)/./node_modules/next/dist/client/app-index.js:14:58)
    at (app-pages-browser)/./node_modules/next/dist/client/app-index.js (http://localhost:3000/_next/static/chunks/main-app.js?v=1785511315592:116:1)
    at options.factory (http://localhost:3000/_next/static/chunks/webpack.js?v=1785511315592:708:31)
    at __webpack_require__ (http://localhost:3000/_next/static/chunks/webpack.js?v=1785511315592:29:33)
    at fn (http://localhost:3000/_next/static/chunks/webpack.js?v=1785511315592:361:21)
    at  (webpack-internal:///(app-pages-browser)/./node_modules/next/dist/client/app-next-dev.js:15:44)
    at appBootstrap/< (webpack-internal:///(app-pages-browser)/./node_modules/next/dist/client/app-bootstrap.js:60:16)
    at loadScriptsInSequence (webpack-internal:///(app-pages-browser)/./node_modules/next/dist/client/app-bootstrap.js:25:16)
    at appBootstrap (webpack-internal:///(app-pages-browser)/./node_modules/next/dist/client/app-bootstrap.js:54:26)
    at  (webpack-internal:///(app-pages-browser)/./node_modules/next/dist/client/app-next-dev.js:13:32)
    at (app-pages-browser)/./node_modules/next/dist/client/app-next-dev.js (http://localhost:3000/_next/static/chunks/main-app.js?v=1785511315592:138:1)
    at options.factory (http://localhost:3000/_next/static/chunks/webpack.js?v=1785511315592:708:31)
    at __webpack_require__ (http://localhost:3000/_next/static/chunks/webpack.js?v=1785511315592:29:33)
    at __webpack_exec__ (http://localhost:3000/_next/static/chunks/main-app.js?v=1785511315592:1956:67)
    at  (http://localhost:3000/_next/static/chunks/main-app.js?v=1785511315592:1957:154)
    at webpackJsonpCallback (http://localhost:3000/_next/static/chunks/webpack.js?v=1785511315592:1395:46)
    at  (http://localhost:3000/_next/static/chunks/main-app.js?v=1785511315592:9:61)
[   36773ms] [TIMESTAMP] Waiting for Paint @ webpack-internal:///(app-pages-browser)/./node_modules/next/dist/compiled/react-dom/cjs/react-dom-client.development.js:19929
[   36775ms] [TIMESTAMP] Root @ webpack-internal:///(app-pages-browser)/./node_modules/next/dist/compiled/react-dom/cjs/react-dom-client.development.js:4426
[   36776ms] [TIMESTAMP] ServerRoot @ webpack-internal:///(app-pages-browser)/./node_modules/next/dist/compiled/react-dom/cjs/react-dom-client.development.js:4426
[   36776ms] [TIMESTAMP] AppRouter @ webpack-internal:///(app-pages-browser)/./node_modules/next/dist/compiled/react-dom/cjs/react-dom-client.development.js:4426
[   36777ms] [TIMESTAMP] RootErrorBoundary @ webpack-internal:///(app-pages-browser)/./node_modules/next/dist/compiled/react-dom/cjs/react-dom-client.development.js:4426
[   36778ms] [TIMESTAMP] ErrorBoundary @ webpack-internal:///(app-pages-browser)/./node_modules/next/dist/compiled/react-dom/cjs/react-dom-client.development.js:4426
[   36781ms] [TIMESTAMP] ErrorBoundaryHandler @ webpack-internal:///(app-pages-browser)/./node_modules/next/dist/compiled/react-dom/cjs/react-dom-client.development.js:4426
[   36782ms] [TIMESTAMP] Router @ webpack-internal:///(app-pages-browser)/./node_modules/next/dist/compiled/react-dom/cjs/react-dom-client.development.js:4426
[   36782ms] [TIMESTAMP] HistoryUpdater @ webpack-internal:///(app-pages-browser)/./node_modules/next/dist/compiled/react-dom/cjs/react-dom-client.development.js:4426
[   36785ms] [TIMESTAMP] HistoryUpdater @ webpack-internal:///(app-pages-browser)/./node_modules/next/dist/compiled/react-dom/cjs/react-dom-client.development.js:4554
[   36788ms] [TIMESTAMP] RuntimeStylesForWebpack @ webpack-internal:///(app-pages-browser)/./node_modules/next/dist/compiled/react-dom/cjs/react-dom-client.development.js:4426
[   36790ms] [TIMESTAMP] HotReload @ webpack-internal:///(app-pages-browser)/./node_modules/next/dist/compiled/react-dom/cjs/react-dom-client.development.js:4426
[   36796ms] [TIMESTAMP] ErroredHtml @ webpack-internal:///(app-pages-browser)/./node_modules/next/dist/compiled/react-dom/cjs/react-dom-client.development.js:4426
[   36796ms] [TIMESTAMP] ErrorBoundary @ webpack-internal:///(app-pages-browser)/./node_modules/next/dist/compiled/react-dom/cjs/react-dom-client.development.js:4426
[   36798ms] [TIMESTAMP] ErrorBoundaryHandler @ webpack-internal:///(app-pages-browser)/./node_modules/next/dist/compiled/react-dom/cjs/react-dom-client.development.js:4426
[   36800ms] [TIMESTAMP] SegmentViewNode @ webpack-internal:///(app-pages-browser)/./node_modules/next/dist/compiled/react-dom/cjs/react-dom-client.development.js:4426
[   36801ms] [TIMESTAMP] DefaultGlobalError @ webpack-internal:///(app-pages-browser)/./node_modules/next/dist/compiled/react-dom/cjs/react-dom-client.development.js:4426
[   36801ms] [TIMESTAMP] WarningIcon @ webpack-internal:///(app-pages-browser)/./node_modules/next/dist/compiled/react-dom/cjs/react-dom-client.development.js:4426
[   36809ms] [TIMESTAMP] HotReload @ webpack-internal:///(app-pages-browser)/./node_modules/next/dist/compiled/react-dom/cjs/react-dom-client.development.js:4554
[   36811ms] [TIMESTAMP] Router @ webpack-internal:///(app-pages-browser)/./node_modules/next/dist/compiled/react-dom/cjs/react-dom-client.development.js:4554
[   36817ms] [TIMESTAMP] Remaining Effects @ webpack-internal:///(app-pages-browser)/./node_modules/next/dist/compiled/react-dom/cjs/react-dom-client.development.js:19980
[   36840ms] [TIMESTAMP] Blocking Track @ webpack-internal:///(app-pages-browser)/./node_modules/next/dist/compiled/react-dom/cjs/react-dom-client.development.js:18271
[   36840ms] [TIMESTAMP] Transition Track @ webpack-internal:///(app-pages-browser)/./node_modules/next/dist/compiled/react-dom/cjs/react-dom-client.development.js:18279
[   36841ms] [TIMESTAMP] Suspense Track @ webpack-internal:///(app-pages-browser)/./node_modules/next/dist/compiled/react-dom/cjs/react-dom-client.development.js:18287
[   36841ms] [TIMESTAMP] Idle Track @ webpack-internal:///(app-pages-browser)/./node_modules/next/dist/compiled/react-dom/cjs/react-dom-client.development.js:18295
[   36843ms] [TIMESTAMP] Commit @ webpack-internal:///(app-pages-browser)/./node_modules/next/dist/compiled/react-dom/cjs/react-dom-client.development.js:4724
[   40006ms] [INFO] Download the React DevTools for a better development experience: https://react.dev/link/react-devtools @ webpack-internal:///(app-pages-browser)/./node_modules/next/dist/next-devtools/shared/forward-logs-shared.js:27
[   40126ms] [TIMESTAMP] Server Requests Track @ webpack-internal:///(app-pages-browser)/./node_modules/next/dist/compiled/react-server-dom-webpack/cjs/react-server-dom-webpack-client.browser.development.js:1241
[   40127ms] [TIMESTAMP] Server Components Track @ webpack-internal:///(app-pages-browser)/./node_modules/next/dist/compiled/react-server-dom-webpack/cjs/react-server-dom-webpack-client.browser.development.js:1249
[   40225ms] [LOG] [HMR] connected @ webpack-internal:///(app-pages-browser)/./node_modules/next/dist/next-devtools/shared/forward-logs-shared.js:27
[   40265ms] [TIMESTAMP] Blocking Track @ webpack-internal:///(app-pages-browser)/./node_modules/next/dist/compiled/react-dom/cjs/react-dom-client.development.js:18271
[   40266ms] [TIMESTAMP] Transition Track @ webpack-internal:///(app-pages-browser)/./node_modules/next/dist/compiled/react-dom/cjs/react-dom-client.development.js:18279
[   40266ms] [TIMESTAMP] Suspense Track @ webpack-internal:///(app-pages-browser)/./node_modules/next/dist/compiled/react-dom/cjs/react-dom-client.development.js:18287
[   40266ms] [TIMESTAMP] Idle Track @ webpack-internal:///(app-pages-browser)/./node_modules/next/dist/compiled/react-dom/cjs/react-dom-client.development.js:18295
[   40273ms] [TIMESTAMP] Blocked @ webpack-internal:///(app-pages-browser)/./node_modules/next/dist/compiled/react-dom/cjs/react-dom-client.development.js:17801
[   40285ms] [TIMESTAMP] Blocked @ webpack-internal:///(app-pages-browser)/./node_modules/next/dist/compiled/react-dom/cjs/react-dom-client.development.js:17801
[   40313ms] [TIMESTAMP] Blocked @ webpack-internal:///(app-pages-browser)/./node_modules/next/dist/compiled/react-dom/cjs/react-dom-client.development.js:17801
[   40327ms] [TIMESTAMP] Blocked @ webpack-internal:///(app-pages-browser)/./node_modules/next/dist/compiled/react-dom/cjs/react-dom-client.development.js:17801
[   40337ms] [TIMESTAMP] Server Requests Track @ webpack-internal:///(app-pages-browser)/./node_modules/next/dist/compiled/react-server-dom-webpack/cjs/react-server-dom-webpack-client.browser.development.js:1241
[   40338ms] [TIMESTAMP] Server Components Track @ webpack-internal:///(app-pages-browser)/./node_modules/next/dist/compiled/react-server-dom-webpack/cjs/react-server-dom-webpack-client.browser.development.js:1249
[   40340ms] [TIMESTAMP] ​Preloads @ webpack-internal:///(app-pages-browser)/./node_modules/next/dist/compiled/react-server-dom-webpack/cjs/react-server-dom-webpack-client.browser.development.js:3943
[   40342ms] [TIMESTAMP] ​Loading @ webpack-internal:///(app-pages-browser)/./node_modules/next/dist/compiled/react-server-dom-webpack/cjs/react-server-dom-webpack-client.browser.development.js:3943
[   40343ms] [TIMESTAMP] ​HTTPAccessErrorFallback @ webpack-internal:///(app-pages-browser)/./node_modules/next/dist/compiled/react-server-dom-webpack/cjs/react-server-dom-webpack-client.browser.development.js:3943
[   40344ms] [TIMESTAMP] ​NotFound @ webpack-internal:///(app-pages-browser)/./node_modules/next/dist/compiled/react-server-dom-webpack/cjs/react-server-dom-webpack-client.browser.development.js:3943
[   40344ms] [TIMESTAMP] ​RootLayout @ webpack-internal:///(app-pages-browser)/./node_modules/next/dist/compiled/react-server-dom-webpack/cjs/react-server-dom-webpack-client.browser.development.js:3943
[   40344ms] [TIMESTAMP] ​HTTPAccessErrorFallback @ webpack-internal:///(app-pages-browser)/./node_modules/next/dist/compiled/react-server-dom-webpack/cjs/react-server-dom-webpack-client.browser.development.js:3943
[   40344ms] [TIMESTAMP] ​NotFound @ webpack-internal:///(app-pages-browser)/./node_modules/next/dist/compiled/react-server-dom-webpack/cjs/react-server-dom-webpack-client.browser.development.js:3943
[   40345ms] [TIMESTAMP] ​Next.MetadataOutlet @ webpack-internal:///(app-pages-browser)/./node_modules/next/dist/compiled/react-server-dom-webpack/cjs/react-server-dom-webpack-client.browser.development.js:3943
[   40346ms] [TIMESTAMP] ​NonIndex @ webpack-internal:///(app-pages-browser)/./node_modules/next/dist/compiled/react-server-dom-webpack/cjs/react-server-dom-webpack-client.browser.development.js:3943
[   40346ms] [TIMESTAMP] ​Next.Viewport @ webpack-internal:///(app-pages-browser)/./node_modules/next/dist/compiled/react-server-dom-webpack/cjs/react-server-dom-webpack-client.browser.development.js:3943
[   40346ms] [TIMESTAMP] ​ViewportWrapper @ webpack-internal:///(app-pages-browser)/./node_modules/next/dist/compiled/react-server-dom-webpack/cjs/react-server-dom-webpack-client.browser.development.js:3943
[   40346ms] [TIMESTAMP] ​Next.Metadata @ webpack-internal:///(app-pages-browser)/./node_modules/next/dist/compiled/react-server-dom-webpack/cjs/react-server-dom-webpack-client.browser.development.js:3943
[   40346ms] [TIMESTAMP] ​MetadataWrapper @ webpack-internal:///(app-pages-browser)/./node_modules/next/dist/compiled/react-server-dom-webpack/cjs/react-server-dom-webpack-client.browser.development.js:3943
[   40347ms] [TIMESTAMP] Blocked @ webpack-internal:///(app-pages-browser)/./node_modules/next/dist/compiled/react-dom/cjs/react-dom-client.development.js:17801
[   40383ms] [TIMESTAMP] Blocked @ webpack-internal:///(app-pages-browser)/./node_modules/next/dist/compiled/react-dom/cjs/react-dom-client.development.js:17801
[   40383ms] [TIMESTAMP] Errored @ webpack-internal:///(app-pages-browser)/./node_modules/next/dist/compiled/react-dom/cjs/react-dom-client.development.js:4630
[   40383ms] [TIMESTAMP] Blocking Track @ webpack-internal:///(app-pages-browser)/./node_modules/next/dist/compiled/react-dom/cjs/react-dom-client.development.js:18271
[   40384ms] [TIMESTAMP] Transition Track @ webpack-internal:///(app-pages-browser)/./node_modules/next/dist/compiled/react-dom/cjs/react-dom-client.development.js:18279
[   40384ms] [TIMESTAMP] Suspense Track @ webpack-internal:///(app-pages-browser)/./node_modules/next/dist/compiled/react-dom/cjs/react-dom-client.development.js:18287
[   40384ms] [TIMESTAMP] Idle Track @ webpack-internal:///(app-pages-browser)/./node_modules/next/dist/compiled/react-dom/cjs/react-dom-client.development.js:18295
[   40399ms] [ERROR] Encountered a script tag while rendering React component. Scripts inside React components are never executed when rendering on the client. Consider using template tag instead (https://developer.mozilla.org/en-US/docs/Web/HTML/Element/template). @ webpack-internal:///(app-pages-browser)/./node_modules/next/dist/next-devtools/userspace/app/errors/intercept-console-error.js:57
[   40408ms] [TIMESTAMP] Errored @ webpack-internal:///(app-pages-browser)/./node_modules/next/dist/compiled/react-dom/cjs/react-dom-client.development.js:4630
[   40426ms] [TIMESTAMP] SegmentTrieNode @ webpack-internal:///(app-pages-browser)/./node_modules/next/dist/compiled/react-dom/cjs/react-dom-client.development.js:4554
[   40427ms] [TIMESTAMP] Commit @ webpack-internal:///(app-pages-browser)/./node_modules/next/dist/compiled/react-dom/cjs/react-dom-client.development.js:4724
[   40431ms] Error: Element type is invalid. Received a promise that resolves to: undefined. Lazy element type must resolve to a class or function.
    at beginWork (webpack-internal:///(app-pages-browser)/./node_modules/next/dist/compiled/react-dom/cjs/react-dom-client.development.js:12104:19)
    at runWithFiberInDEV (webpack-internal:///(app-pages-browser)/./node_modules/next/dist/compiled/react-dom/cjs/react-dom-client.development.js:990:13)
    at performUnitOfWork (webpack-internal:///(app-pages-browser)/./node_modules/next/dist/compiled/react-dom/cjs/react-dom-client.development.js:18989:22)
    at workLoopSync (webpack-internal:///(app-pages-browser)/./node_modules/next/dist/compiled/react-dom/cjs/react-dom-client.development.js:18817:58)
    at renderRootSync (webpack-internal:///(app-pages-browser)/./node_modules/next/dist/compiled/react-dom/cjs/react-dom-client.development.js:18798:11)
    at performWorkOnRoot (webpack-internal:///(app-pages-browser)/./node_modules/next/dist/compiled/react-dom/cjs/react-dom-client.development.js:17903:35)
    at performWorkOnRootViaSchedulerTask (webpack-internal:///(app-pages-browser)/./node_modules/next/dist/compiled/react-dom/cjs/react-dom-client.development.js:20472:24)
    at performWorkUntilDeadline (webpack-internal:///(app-pages-browser)/./node_modules/next/dist/compiled/scheduler/cjs/scheduler.development.js:45:56)
    at EventHandlerNonNull* (webpack-internal:///(app-pages-browser)/./node_modules/next/dist/compiled/scheduler/cjs/scheduler.development.js:223:7)
    at  (webpack-internal:///(app-pages-browser)/./node_modules/next/dist/compiled/scheduler/cjs/scheduler.development.js:364:5)
    at (app-pages-browser)/./node_modules/next/dist/compiled/scheduler/cjs/scheduler.development.js (http://localhost:3000/_next/static/chunks/main-app.js?v=1785511321579:1324:1)
    at options.factory (http://localhost:3000/_next/static/chunks/webpack.js?v=1785511321579:708:31)
    at __webpack_require__ (http://localhost:3000/_next/static/chunks/webpack.js?v=1785511321579:29:33)
    at fn (http://localhost:3000/_next/static/chunks/webpack.js?v=1785511321579:361:21)
    at  (webpack-internal:///(app-pages-browser)/./node_modules/next/dist/compiled/scheduler/index.js:4:20)
    at (app-pages-browser)/./node_modules/next/dist/compiled/scheduler/index.js (http://localhost:3000/_next/static/chunks/main-app.js?v=1785511321579:1335:1)
    at options.factory (http://localhost:3000/_next/static/chunks/webpack.js?v=1785511321579:708:31)
    at __webpack_require__ (http://localhost:3000/_next/static/chunks/webpack.js?v=1785511321579:29:33)
    at fn (http://localhost:3000/_next/static/chunks/webpack.js?v=1785511321579:361:21)
    at  (webpack-internal:///(app-pages-browser)/./node_modules/next/dist/compiled/react-dom/cjs/react-dom-client.development.js:26424:40)
    at  (webpack-internal:///(app-pages-browser)/./node_modules/next/dist/compiled/react-dom/cjs/react-dom-client.development.js:30808:5)
    at (app-pages-browser)/./node_modules/next/dist/compiled/react-dom/cjs/react-dom-client.development.js (http://localhost:3000/_next/static/chunks/main-app.js?v=1785511321579:1182:1)
    at options.factory (http://localhost:3000/_next/static/chunks/webpack.js?v=1785511321579:708:31)
    at __webpack_require__ (http://localhost:3000/_next/static/chunks/webpack.js?v=1785511321579:29:33)
    at fn (http://localhost:3000/_next/static/chunks/webpack.js?v=1785511321579:361:21)
    at  (webpack-internal:///(app-pages-browser)/./node_modules/next/dist/compiled/react-dom/client.js:32:20)
    at (app-pages-browser)/./node_modules/next/dist/compiled/react-dom/client.js (http://localhost:3000/_next/static/chunks/main-app.js?v=1785511321579:1204:1)
    at options.factory (http://localhost:3000/_next/static/chunks/webpack.js?v=1785511321579:708:31)
    at __webpack_require__ (http://localhost:3000/_next/static/chunks/webpack.js?v=1785511321579:29:33)
    at fn (http://localhost:3000/_next/static/chunks/webpack.js?v=1785511321579:361:21)
    at  (webpack-internal:///(app-pages-browser)/./node_modules/next/dist/client/app-index.js:14:58)
    at (app-pages-browser)/./node_modules/next/dist/client/app-index.js (http://localhost:3000/_next/static/chunks/main-app.js?v=1785511321579:116:1)
    at options.factory (http://localhost:3000/_next/static/chunks/webpack.js?v=1785511321579:708:31)
    at __webpack_require__ (http://localhost:3000/_next/static/chunks/webpack.js?v=1785511321579:29:33)
    at fn (http://localhost:3000/_next/static/chunks/webpack.js?v=1785511321579:361:21)
    at  (webpack-internal:///(app-pages-browser)/./node_modules/next/dist/client/app-next-dev.js:15:44)
    at appBootstrap/< (webpack-internal:///(app-pages-browser)/./node_modules/next/dist/client/app-bootstrap.js:60:16)
    at loadScriptsInSequence (webpack-internal:///(app-pages-browser)/./node_modules/next/dist/client/app-bootstrap.js:25:16)
    at appBootstrap (webpack-internal:///(app-pages-browser)/./node_modules/next/dist/client/app-bootstrap.js:54:26)
    at  (webpack-internal:///(app-pages-browser)/./node_modules/next/dist/client/app-next-dev.js:13:32)
    at (app-pages-browser)/./node_modules/next/dist/client/app-next-dev.js (http://localhost:3000/_next/static/chunks/main-app.js?v=1785511321579:138:1)
    at options.factory (http://localhost:3000/_next/static/chunks/webpack.js?v=1785511321579:708:31)
    at __webpack_require__ (http://localhost:3000/_next/static/chunks/webpack.js?v=1785511321579:29:33)
    at __webpack_exec__ (http://localhost:3000/_next/static/chunks/main-app.js?v=1785511321579:1956:67)
    at  (http://localhost:3000/_next/static/chunks/main-app.js?v=1785511321579:1957:154)
    at webpackJsonpCallback (http://localhost:3000/_next/static/chunks/webpack.js?v=1785511321579:1395:46)
    at  (http://localhost:3000/_next/static/chunks/main-app.js?v=1785511321579:9:61)
[   40433ms] [TIMESTAMP] Waiting for Paint @ webpack-internal:///(app-pages-browser)/./node_modules/next/dist/compiled/react-dom/cjs/react-dom-client.development.js:19929
[   40435ms] [TIMESTAMP] Root @ webpack-internal:///(app-pages-browser)/./node_modules/next/dist/compiled/react-dom/cjs/react-dom-client.development.js:4426
[   40436ms] [TIMESTAMP] ServerRoot @ webpack-internal:///(app-pages-browser)/./node_modules/next/dist/compiled/react-dom/cjs/react-dom-client.development.js:4426
[   40436ms] [TIMESTAMP] AppRouter @ webpack-internal:///(app-pages-browser)/./node_modules/next/dist/compiled/react-dom/cjs/react-dom-client.development.js:4426
[   40437ms] [TIMESTAMP] RootErrorBoundary @ webpack-internal:///(app-pages-browser)/./node_modules/next/dist/compiled/react-dom/cjs/react-dom-client.development.js:4426
[   40437ms] [TIMESTAMP] ErrorBoundary @ webpack-internal:///(app-pages-browser)/./node_modules/next/dist/compiled/react-dom/cjs/react-dom-client.development.js:4426
[   40438ms] [TIMESTAMP] ErrorBoundaryHandler @ webpack-internal:///(app-pages-browser)/./node_modules/next/dist/compiled/react-dom/cjs/react-dom-client.development.js:4426
[   40440ms] [TIMESTAMP] Router @ webpack-internal:///(app-pages-browser)/./node_modules/next/dist/compiled/react-dom/cjs/react-dom-client.development.js:4426
[   40441ms] [TIMESTAMP] HistoryUpdater @ webpack-internal:///(app-pages-browser)/./node_modules/next/dist/compiled/react-dom/cjs/react-dom-client.development.js:4426
[   40443ms] [TIMESTAMP] RuntimeStylesForWebpack @ webpack-internal:///(app-pages-browser)/./node_modules/next/dist/compiled/react-dom/cjs/react-dom-client.development.js:4426
[   40445ms] [TIMESTAMP] RuntimeStylesForWebpack @ webpack-internal:///(app-pages-browser)/./node_modules/next/dist/compiled/react-dom/cjs/react-dom-client.development.js:4554
[   40446ms] [TIMESTAMP] HotReload @ webpack-internal:///(app-pages-browser)/./node_modules/next/dist/compiled/react-dom/cjs/react-dom-client.development.js:4426
[   40448ms] [TIMESTAMP] ErroredHtml @ webpack-internal:///(app-pages-browser)/./node_modules/next/dist/compiled/react-dom/cjs/react-dom-client.development.js:4426
[   40449ms] [TIMESTAMP] ErrorBoundary @ webpack-internal:///(app-pages-browser)/./node_modules/next/dist/compiled/react-dom/cjs/react-dom-client.development.js:4426
[   40449ms] [TIMESTAMP] ErrorBoundaryHandler @ webpack-internal:///(app-pages-browser)/./node_modules/next/dist/compiled/react-dom/cjs/react-dom-client.development.js:4426
[   40450ms] [TIMESTAMP] SegmentViewNode @ webpack-internal:///(app-pages-browser)/./node_modules/next/dist/compiled/react-dom/cjs/react-dom-client.development.js:4426
[   40450ms] [TIMESTAMP] SegmentTrieNode @ webpack-internal:///(app-pages-browser)/./node_modules/next/dist/compiled/react-dom/cjs/react-dom-client.development.js:4426
[   40451ms] [TIMESTAMP] DefaultGlobalError @ webpack-internal:///(app-pages-browser)/./node_modules/next/dist/compiled/react-dom/cjs/react-dom-client.development.js:4426
[   40456ms] [TIMESTAMP] WarningIcon @ webpack-internal:///(app-pages-browser)/./node_modules/next/dist/compiled/react-dom/cjs/react-dom-client.development.js:4426
[   40460ms] [TIMESTAMP] HotReload @ webpack-internal:///(app-pages-browser)/./node_modules/next/dist/compiled/react-dom/cjs/react-dom-client.development.js:4554
[   40463ms] [TIMESTAMP] Router @ webpack-internal:///(app-pages-browser)/./node_modules/next/dist/compiled/react-dom/cjs/react-dom-client.development.js:4554
[   40469ms] [TIMESTAMP] Router @ webpack-internal:///(app-pages-browser)/./node_modules/next/dist/compiled/react-dom/cjs/react-dom-client.development.js:4554
[   40470ms] [TIMESTAMP] Remaining Effects @ webpack-internal:///(app-pages-browser)/./node_modules/next/dist/compiled/react-dom/cjs/react-dom-client.development.js:19980
[   40489ms] [TIMESTAMP] Blocking Track @ webpack-internal:///(app-pages-browser)/./node_modules/next/dist/compiled/react-dom/cjs/react-dom-client.development.js:18271
[   40490ms] [TIMESTAMP] Transition Track @ webpack-internal:///(app-pages-browser)/./node_modules/next/dist/compiled/react-dom/cjs/react-dom-client.development.js:18279
[   40492ms] [TIMESTAMP] Suspense Track @ webpack-internal:///(app-pages-browser)/./node_modules/next/dist/compiled/react-dom/cjs/react-dom-client.development.js:18287
[   40493ms] [TIMESTAMP] Idle Track @ webpack-internal:///(app-pages-browser)/./node_modules/next/dist/compiled/react-dom/cjs/react-dom-client.development.js:18295
[   40545ms] [TIMESTAMP] Blocked @ webpack-internal:///(app-pages-browser)/./node_modules/next/dist/compiled/react-dom/cjs/react-dom-client.development.js:17801
[   40546ms] [TIMESTAMP] Render @ webpack-internal:///(app-pages-browser)/./node_modules/next/dist/compiled/react-dom/cjs/react-dom-client.development.js:19292
[   46424ms] [INFO] Download the React DevTools for a better development experience: https://react.dev/link/react-devtools @ webpack-internal:///(app-pages-browser)/./node_modules/next/dist/next-devtools/shared/forward-logs-shared.js:27
[   46578ms] [TIMESTAMP] Server Requests Track @ webpack-internal:///(app-pages-browser)/./node_modules/next/dist/compiled/react-server-dom-webpack/cjs/react-server-dom-webpack-client.browser.development.js:1241
[   46592ms] [TIMESTAMP] Server Components Track @ webpack-internal:///(app-pages-browser)/./node_modules/next/dist/compiled/react-server-dom-webpack/cjs/react-server-dom-webpack-client.browser.development.js:1249
[   46786ms] [LOG] [HMR] connected @ webpack-internal:///(app-pages-browser)/./node_modules/next/dist/next-devtools/shared/forward-logs-shared.js:27
[   46849ms] [TIMESTAMP] Blocking Track @ webpack-internal:///(app-pages-browser)/./node_modules/next/dist/compiled/react-dom/cjs/react-dom-client.development.js:18271
[   46852ms] [TIMESTAMP] Transition Track @ webpack-internal:///(app-pages-browser)/./node_modules/next/dist/compiled/react-dom/cjs/react-dom-client.development.js:18279
[   46856ms] [TIMESTAMP] Suspense Track @ webpack-internal:///(app-pages-browser)/./node_modules/next/dist/compiled/react-dom/cjs/react-dom-client.development.js:18287
[   46856ms] [TIMESTAMP] Idle Track @ webpack-internal:///(app-pages-browser)/./node_modules/next/dist/compiled/react-dom/cjs/react-dom-client.development.js:18295
[   46882ms] [TIMESTAMP] Blocked @ webpack-internal:///(app-pages-browser)/./node_modules/next/dist/compiled/react-dom/cjs/react-dom-client.development.js:17801
[   46903ms] [TIMESTAMP] Blocked @ webpack-internal:///(app-pages-browser)/./node_modules/next/dist/compiled/react-dom/cjs/react-dom-client.development.js:17801
[   46921ms] [TIMESTAMP] Server Requests Track @ webpack-internal:///(app-pages-browser)/./node_modules/next/dist/compiled/react-server-dom-webpack/cjs/react-server-dom-webpack-client.browser.development.js:1241
[   46921ms] [TIMESTAMP] Server Components Track @ webpack-internal:///(app-pages-browser)/./node_modules/next/dist/compiled/react-server-dom-webpack/cjs/react-server-dom-webpack-client.browser.development.js:1249
[   46922ms] [TIMESTAMP] ​Preloads @ webpack-internal:///(app-pages-browser)/./node_modules/next/dist/compiled/react-server-dom-webpack/cjs/react-server-dom-webpack-client.browser.development.js:3943
[   46923ms] [TIMESTAMP] ​Loading @ webpack-internal:///(app-pages-browser)/./node_modules/next/dist/compiled/react-server-dom-webpack/cjs/react-server-dom-webpack-client.browser.development.js:3943
[   46924ms] [TIMESTAMP] ​HTTPAccessErrorFallback @ webpack-internal:///(app-pages-browser)/./node_modules/next/dist/compiled/react-server-dom-webpack/cjs/react-server-dom-webpack-client.browser.development.js:3943
[   46924ms] [TIMESTAMP] ​NotFound @ webpack-internal:///(app-pages-browser)/./node_modules/next/dist/compiled/react-server-dom-webpack/cjs/react-server-dom-webpack-client.browser.development.js:3943
[   46926ms] [TIMESTAMP] ​RootLayout @ webpack-internal:///(app-pages-browser)/./node_modules/next/dist/compiled/react-server-dom-webpack/cjs/react-server-dom-webpack-client.browser.development.js:3943
[   46927ms] [TIMESTAMP] ​HTTPAccessErrorFallback @ webpack-internal:///(app-pages-browser)/./node_modules/next/dist/compiled/react-server-dom-webpack/cjs/react-server-dom-webpack-client.browser.development.js:3943
[   46928ms] [TIMESTAMP] ​NotFound @ webpack-internal:///(app-pages-browser)/./node_modules/next/dist/compiled/react-server-dom-webpack/cjs/react-server-dom-webpack-client.browser.development.js:3943
[   46928ms] [TIMESTAMP] ​Next.MetadataOutlet @ webpack-internal:///(app-pages-browser)/./node_modules/next/dist/compiled/react-server-dom-webpack/cjs/react-server-dom-webpack-client.browser.development.js:3943
[   46929ms] [TIMESTAMP] ​NonIndex @ webpack-internal:///(app-pages-browser)/./node_modules/next/dist/compiled/react-server-dom-webpack/cjs/react-server-dom-webpack-client.browser.development.js:3943
[   46930ms] [TIMESTAMP] ​Next.Viewport @ webpack-internal:///(app-pages-browser)/./node_modules/next/dist/compiled/react-server-dom-webpack/cjs/react-server-dom-webpack-client.browser.development.js:3943
[   46930ms] [TIMESTAMP] ​ViewportWrapper @ webpack-internal:///(app-pages-browser)/./node_modules/next/dist/compiled/react-server-dom-webpack/cjs/react-server-dom-webpack-client.browser.development.js:3943
[   46930ms] [TIMESTAMP] ​Next.Metadata @ webpack-internal:///(app-pages-browser)/./node_modules/next/dist/compiled/react-server-dom-webpack/cjs/react-server-dom-webpack-client.browser.development.js:3943
[   46930ms] [TIMESTAMP] ​MetadataWrapper @ webpack-internal:///(app-pages-browser)/./node_modules/next/dist/compiled/react-server-dom-webpack/cjs/react-server-dom-webpack-client.browser.development.js:3943
[   46932ms] [TIMESTAMP] Blocked @ webpack-internal:///(app-pages-browser)/./node_modules/next/dist/compiled/react-dom/cjs/react-dom-client.development.js:17801
[   46943ms] [TIMESTAMP] Blocked @ webpack-internal:///(app-pages-browser)/./node_modules/next/dist/compiled/react-dom/cjs/react-dom-client.development.js:17801
[   46970ms] [TIMESTAMP] Blocked @ webpack-internal:///(app-pages-browser)/./node_modules/next/dist/compiled/react-dom/cjs/react-dom-client.development.js:17801
[   46986ms] [TIMESTAMP] Errored @ webpack-internal:///(app-pages-browser)/./node_modules/next/dist/compiled/react-dom/cjs/react-dom-client.development.js:4630
[   46987ms] [TIMESTAMP] Blocking Track @ webpack-internal:///(app-pages-browser)/./node_modules/next/dist/compiled/react-dom/cjs/react-dom-client.development.js:18271
[   46989ms] [TIMESTAMP] Transition Track @ webpack-internal:///(app-pages-browser)/./node_modules/next/dist/compiled/react-dom/cjs/react-dom-client.development.js:18279
[   46990ms] [TIMESTAMP] Suspense Track @ webpack-internal:///(app-pages-browser)/./node_modules/next/dist/compiled/react-dom/cjs/react-dom-client.development.js:18287
[   46990ms] [TIMESTAMP] Idle Track @ webpack-internal:///(app-pages-browser)/./node_modules/next/dist/compiled/react-dom/cjs/react-dom-client.development.js:18295
[   47013ms] [ERROR] Encountered a script tag while rendering React component. Scripts inside React components are never executed when rendering on the client. Consider using template tag instead (https://developer.mozilla.org/en-US/docs/Web/HTML/Element/template). @ webpack-internal:///(app-pages-browser)/./node_modules/next/dist/next-devtools/userspace/app/errors/intercept-console-error.js:57
[   47029ms] [TIMESTAMP] Errored @ webpack-internal:///(app-pages-browser)/./node_modules/next/dist/compiled/react-dom/cjs/react-dom-client.development.js:4630
[   47050ms] [TIMESTAMP] SegmentTrieNode @ webpack-internal:///(app-pages-browser)/./node_modules/next/dist/compiled/react-dom/cjs/react-dom-client.development.js:4554
[   47057ms] [TIMESTAMP] Commit @ webpack-internal:///(app-pages-browser)/./node_modules/next/dist/compiled/react-dom/cjs/react-dom-client.development.js:4724
[   47082ms] Error: Element type is invalid. Received a promise that resolves to: undefined. Lazy element type must resolve to a class or function.
    at beginWork (webpack-internal:///(app-pages-browser)/./node_modules/next/dist/compiled/react-dom/cjs/react-dom-client.development.js:12104:19)
    at runWithFiberInDEV (webpack-internal:///(app-pages-browser)/./node_modules/next/dist/compiled/react-dom/cjs/react-dom-client.development.js:990:13)
    at performUnitOfWork (webpack-internal:///(app-pages-browser)/./node_modules/next/dist/compiled/react-dom/cjs/react-dom-client.development.js:18989:22)
    at workLoopSync (webpack-internal:///(app-pages-browser)/./node_modules/next/dist/compiled/react-dom/cjs/react-dom-client.development.js:18817:58)
    at renderRootSync (webpack-internal:///(app-pages-browser)/./node_modules/next/dist/compiled/react-dom/cjs/react-dom-client.development.js:18798:11)
    at performWorkOnRoot (webpack-internal:///(app-pages-browser)/./node_modules/next/dist/compiled/react-dom/cjs/react-dom-client.development.js:17903:35)
    at performWorkOnRootViaSchedulerTask (webpack-internal:///(app-pages-browser)/./node_modules/next/dist/compiled/react-dom/cjs/react-dom-client.development.js:20472:24)
    at performWorkUntilDeadline (webpack-internal:///(app-pages-browser)/./node_modules/next/dist/compiled/scheduler/cjs/scheduler.development.js:45:56)
    at EventHandlerNonNull* (webpack-internal:///(app-pages-browser)/./node_modules/next/dist/compiled/scheduler/cjs/scheduler.development.js:223:7)
    at  (webpack-internal:///(app-pages-browser)/./node_modules/next/dist/compiled/scheduler/cjs/scheduler.development.js:364:5)
    at (app-pages-browser)/./node_modules/next/dist/compiled/scheduler/cjs/scheduler.development.js (http://localhost:3000/_next/static/chunks/main-app.js?v=1785511325260:1324:1)
    at options.factory (http://localhost:3000/_next/static/chunks/webpack.js?v=1785511325260:708:31)
    at __webpack_require__ (http://localhost:3000/_next/static/chunks/webpack.js?v=1785511325260:29:33)
    at fn (http://localhost:3000/_next/static/chunks/webpack.js?v=1785511325260:361:21)
    at  (webpack-internal:///(app-pages-browser)/./node_modules/next/dist/compiled/scheduler/index.js:4:20)
    at (app-pages-browser)/./node_modules/next/dist/compiled/scheduler/index.js (http://localhost:3000/_next/static/chunks/main-app.js?v=1785511325260:1335:1)
    at options.factory (http://localhost:3000/_next/static/chunks/webpack.js?v=1785511325260:708:31)
    at __webpack_require__ (http://localhost:3000/_next/static/chunks/webpack.js?v=1785511325260:29:33)
    at fn (http://localhost:3000/_next/static/chunks/webpack.js?v=1785511325260:361:21)
    at  (webpack-internal:///(app-pages-browser)/./node_modules/next/dist/compiled/react-dom/cjs/react-dom-client.development.js:26424:40)
    at  (webpack-internal:///(app-pages-browser)/./node_modules/next/dist/compiled/react-dom/cjs/react-dom-client.development.js:30808:5)
    at (app-pages-browser)/./node_modules/next/dist/compiled/react-dom/cjs/react-dom-client.development.js (http://localhost:3000/_next/static/chunks/main-app.js?v=1785511325260:1182:1)
    at options.factory (http://localhost:3000/_next/static/chunks/webpack.js?v=1785511325260:708:31)
    at __webpack_require__ (http://localhost:3000/_next/static/chunks/webpack.js?v=1785511325260:29:33)
    at fn (http://localhost:3000/_next/static/chunks/webpack.js?v=1785511325260:361:21)
    at  (webpack-internal:///(app-pages-browser)/./node_modules/next/dist/compiled/react-dom/client.js:32:20)
    at (app-pages-browser)/./node_modules/next/dist/compiled/react-dom/client.js (http://localhost:3000/_next/static/chunks/main-app.js?v=1785511325260:1204:1)
    at options.factory (http://localhost:3000/_next/static/chunks/webpack.js?v=1785511325260:708:31)
    at __webpack_require__ (http://localhost:3000/_next/static/chunks/webpack.js?v=1785511325260:29:33)
    at fn (http://localhost:3000/_next/static/chunks/webpack.js?v=1785511325260:361:21)
    at  (webpack-internal:///(app-pages-browser)/./node_modules/next/dist/client/app-index.js:14:58)
    at (app-pages-browser)/./node_modules/next/dist/client/app-index.js (http://localhost:3000/_next/static/chunks/main-app.js?v=1785511325260:116:1)
    at options.factory (http://localhost:3000/_next/static/chunks/webpack.js?v=1785511325260:708:31)
    at __webpack_require__ (http://localhost:3000/_next/static/chunks/webpack.js?v=1785511325260:29:33)
    at fn (http://localhost:3000/_next/static/chunks/webpack.js?v=1785511325260:361:21)
    at  (webpack-internal:///(app-pages-browser)/./node_modules/next/dist/client/app-next-dev.js:15:44)
    at appBootstrap/< (webpack-internal:///(app-pages-browser)/./node_modules/next/dist/client/app-bootstrap.js:60:16)
    at loadScriptsInSequence (webpack-internal:///(app-pages-browser)/./node_modules/next/dist/client/app-bootstrap.js:25:16)
    at appBootstrap (webpack-internal:///(app-pages-browser)/./node_modules/next/dist/client/app-bootstrap.js:54:26)
    at  (webpack-internal:///(app-pages-browser)/./node_modules/next/dist/client/app-next-dev.js:13:32)
    at (app-pages-browser)/./node_modules/next/dist/client/app-next-dev.js (http://localhost:3000/_next/static/chunks/main-app.js?v=1785511325260:138:1)
    at options.factory (http://localhost:3000/_next/static/chunks/webpack.js?v=1785511325260:708:31)
    at __webpack_require__ (http://localhost:3000/_next/static/chunks/webpack.js?v=1785511325260:29:33)
    at __webpack_exec__ (http://localhost:3000/_next/static/chunks/main-app.js?v=1785511325260:1956:67)
    at  (http://localhost:3000/_next/static/chunks/main-app.js?v=1785511325260:1957:154)
    at webpackJsonpCallback (http://localhost:3000/_next/static/chunks/webpack.js?v=1785511325260:1395:46)
    at  (http://localhost:3000/_next/static/chunks/main-app.js?v=1785511325260:9:61)
[   47082ms] [TIMESTAMP] Waiting for Paint @ webpack-internal:///(app-pages-browser)/./node_modules/next/dist/compiled/react-dom/cjs/react-dom-client.development.js:19929
[   47082ms] [TIMESTAMP] Root @ webpack-internal:///(app-pages-browser)/./node_modules/next/dist/compiled/react-dom/cjs/react-dom-client.development.js:4426
[   47082ms] [TIMESTAMP] ServerRoot @ webpack-internal:///(app-pages-browser)/./node_modules/next/dist/compiled/react-dom/cjs/react-dom-client.development.js:4426
[   47082ms] [TIMESTAMP] AppRouter @ webpack-internal:///(app-pages-browser)/./node_modules/next/dist/compiled/react-dom/cjs/react-dom-client.development.js:4426
[   47082ms] [TIMESTAMP] RootErrorBoundary @ webpack-internal:///(app-pages-browser)/./node_modules/next/dist/compiled/react-dom/cjs/react-dom-client.development.js:4426
[   47082ms] [TIMESTAMP] ErrorBoundary @ webpack-internal:///(app-pages-browser)/./node_modules/next/dist/compiled/react-dom/cjs/react-dom-client.development.js:4426
[   47082ms] [TIMESTAMP] ErrorBoundaryHandler @ webpack-internal:///(app-pages-browser)/./node_modules/next/dist/compiled/react-dom/cjs/react-dom-client.development.js:4426
[   47083ms] [TIMESTAMP] Router @ webpack-internal:///(app-pages-browser)/./node_modules/next/dist/compiled/react-dom/cjs/react-dom-client.development.js:4426
[   47084ms] [TIMESTAMP] HistoryUpdater @ webpack-internal:///(app-pages-browser)/./node_modules/next/dist/compiled/react-dom/cjs/react-dom-client.development.js:4426
[   47084ms] [TIMESTAMP] RuntimeStylesForWebpack @ webpack-internal:///(app-pages-browser)/./node_modules/next/dist/compiled/react-dom/cjs/react-dom-client.development.js:4426
[   47084ms] [TIMESTAMP] HotReload @ webpack-internal:///(app-pages-browser)/./node_modules/next/dist/compiled/react-dom/cjs/react-dom-client.development.js:4426
[   47084ms] [TIMESTAMP] ErroredHtml @ webpack-internal:///(app-pages-browser)/./node_modules/next/dist/compiled/react-dom/cjs/react-dom-client.development.js:4426
[   47084ms] [TIMESTAMP] ErrorBoundary @ webpack-internal:///(app-pages-browser)/./node_modules/next/dist/compiled/react-dom/cjs/react-dom-client.development.js:4426
[   47084ms] [TIMESTAMP] ErrorBoundaryHandler @ webpack-internal:///(app-pages-browser)/./node_modules/next/dist/compiled/react-dom/cjs/react-dom-client.development.js:4426
[   47084ms] [TIMESTAMP] SegmentViewNode @ webpack-internal:///(app-pages-browser)/./node_modules/next/dist/compiled/react-dom/cjs/react-dom-client.development.js:4426
[   47084ms] [TIMESTAMP] SegmentTrieNode @ webpack-internal:///(app-pages-browser)/./node_modules/next/dist/compiled/react-dom/cjs/react-dom-client.development.js:4426
[   47084ms] [TIMESTAMP] DefaultGlobalError @ webpack-internal:///(app-pages-browser)/./node_modules/next/dist/compiled/react-dom/cjs/react-dom-client.development.js:4426
[   47084ms] [TIMESTAMP] WarningIcon @ webpack-internal:///(app-pages-browser)/./node_modules/next/dist/compiled/react-dom/cjs/react-dom-client.development.js:4426
[   47087ms] [TIMESTAMP] Router @ webpack-internal:///(app-pages-browser)/./node_modules/next/dist/compiled/react-dom/cjs/react-dom-client.development.js:4554
[   47088ms] [TIMESTAMP] Router @ webpack-internal:///(app-pages-browser)/./node_modules/next/dist/compiled/react-dom/cjs/react-dom-client.development.js:4554
[   47088ms] [TIMESTAMP] Remaining Effects @ webpack-internal:///(app-pages-browser)/./node_modules/next/dist/compiled/react-dom/cjs/react-dom-client.development.js:19980
[   47115ms] [TIMESTAMP] Blocking Track @ webpack-internal:///(app-pages-browser)/./node_modules/next/dist/compiled/react-dom/cjs/react-dom-client.development.js:18271
[   47115ms] [TIMESTAMP] Transition Track @ webpack-internal:///(app-pages-browser)/./node_modules/next/dist/compiled/react-dom/cjs/react-dom-client.development.js:18279
[   47118ms] [TIMESTAMP] Suspense Track @ webpack-internal:///(app-pages-browser)/./node_modules/next/dist/compiled/react-dom/cjs/react-dom-client.development.js:18287
[   47124ms] [TIMESTAMP] Idle Track @ webpack-internal:///(app-pages-browser)/./node_modules/next/dist/compiled/react-dom/cjs/react-dom-client.development.js:18295
[   47197ms] [TIMESTAMP] Blocked @ webpack-internal:///(app-pages-browser)/./node_modules/next/dist/compiled/react-dom/cjs/react-dom-client.development.js:17801
[   47198ms] [TIMESTAMP] Render @ webpack-internal:///(app-pages-browser)/./node_modules/next/dist/compiled/react-dom/cjs/react-dom-client.development.js:19292
[   47199ms] [TIMESTAMP] Commit @ webpack-internal:///(app-pages-browser)/./node_modules/next/dist/compiled/react-dom/cjs/react-dom-client.development.js:4724
[   50618ms] [INFO] Download the React DevTools for a better development experience: https://react.dev/link/react-devtools @ webpack-internal:///(app-pages-browser)/./node_modules/next/dist/next-devtools/shared/forward-logs-shared.js:27
[   50728ms] [TIMESTAMP] Server Requests Track @ webpack-internal:///(app-pages-browser)/./node_modules/next/dist/compiled/react-server-dom-webpack/cjs/react-server-dom-webpack-client.browser.development.js:1241
[   50728ms] [TIMESTAMP] Server Components Track @ webpack-internal:///(app-pages-browser)/./node_modules/next/dist/compiled/react-server-dom-webpack/cjs/react-server-dom-webpack-client.browser.development.js:1249
[   50889ms] [LOG] [HMR] connected @ webpack-internal:///(app-pages-browser)/./node_modules/next/dist/next-devtools/shared/forward-logs-shared.js:27
[   50979ms] [TIMESTAMP] Blocking Track @ webpack-internal:///(app-pages-browser)/./node_modules/next/dist/compiled/react-dom/cjs/react-dom-client.development.js:18271
[   50980ms] [TIMESTAMP] Transition Track @ webpack-internal:///(app-pages-browser)/./node_modules/next/dist/compiled/react-dom/cjs/react-dom-client.development.js:18279
[   50980ms] [TIMESTAMP] Suspense Track @ webpack-internal:///(app-pages-browser)/./node_modules/next/dist/compiled/react-dom/cjs/react-dom-client.development.js:18287
[   50981ms] [TIMESTAMP] Idle Track @ webpack-internal:///(app-pages-browser)/./node_modules/next/dist/compiled/react-dom/cjs/react-dom-client.development.js:18295
[   51001ms] [TIMESTAMP] Blocked @ webpack-internal:///(app-pages-browser)/./node_modules/next/dist/compiled/react-dom/cjs/react-dom-client.development.js:17801
[   51028ms] [TIMESTAMP] Blocked @ webpack-internal:///(app-pages-browser)/./node_modules/next/dist/compiled/react-dom/cjs/react-dom-client.development.js:17801
[   51039ms] [TIMESTAMP] Server Requests Track @ webpack-internal:///(app-pages-browser)/./node_modules/next/dist/compiled/react-server-dom-webpack/cjs/react-server-dom-webpack-client.browser.development.js:1241
[   51040ms] [TIMESTAMP] Server Components Track @ webpack-internal:///(app-pages-browser)/./node_modules/next/dist/compiled/react-server-dom-webpack/cjs/react-server-dom-webpack-client.browser.development.js:1249
[   51042ms] [TIMESTAMP] ​Preloads @ webpack-internal:///(app-pages-browser)/./node_modules/next/dist/compiled/react-server-dom-webpack/cjs/react-server-dom-webpack-client.browser.development.js:3943
[   51042ms] [TIMESTAMP] ​Loading @ webpack-internal:///(app-pages-browser)/./node_modules/next/dist/compiled/react-server-dom-webpack/cjs/react-server-dom-webpack-client.browser.development.js:3943
[   51043ms] [TIMESTAMP] ​HTTPAccessErrorFallback @ webpack-internal:///(app-pages-browser)/./node_modules/next/dist/compiled/react-server-dom-webpack/cjs/react-server-dom-webpack-client.browser.development.js:3943
[   51044ms] [TIMESTAMP] ​NotFound @ webpack-internal:///(app-pages-browser)/./node_modules/next/dist/compiled/react-server-dom-webpack/cjs/react-server-dom-webpack-client.browser.development.js:3943
[   51046ms] [TIMESTAMP] ​RootLayout @ webpack-internal:///(app-pages-browser)/./node_modules/next/dist/compiled/react-server-dom-webpack/cjs/react-server-dom-webpack-client.browser.development.js:3943
[   51047ms] [TIMESTAMP] ​HTTPAccessErrorFallback @ webpack-internal:///(app-pages-browser)/./node_modules/next/dist/compiled/react-server-dom-webpack/cjs/react-server-dom-webpack-client.browser.development.js:3943
[   51047ms] [TIMESTAMP] ​NotFound @ webpack-internal:///(app-pages-browser)/./node_modules/next/dist/compiled/react-server-dom-webpack/cjs/react-server-dom-webpack-client.browser.development.js:3943
[   51048ms] [TIMESTAMP] ​Next.MetadataOutlet @ webpack-internal:///(app-pages-browser)/./node_modules/next/dist/compiled/react-server-dom-webpack/cjs/react-server-dom-webpack-client.browser.development.js:3943
[   51051ms] [TIMESTAMP] ​NonIndex @ webpack-internal:///(app-pages-browser)/./node_modules/next/dist/compiled/react-server-dom-webpack/cjs/react-server-dom-webpack-client.browser.development.js:3943
[   51053ms] [TIMESTAMP] ​Next.Viewport @ webpack-internal:///(app-pages-browser)/./node_modules/next/dist/compiled/react-server-dom-webpack/cjs/react-server-dom-webpack-client.browser.development.js:3943
[   51053ms] [TIMESTAMP] ​ViewportWrapper @ webpack-internal:///(app-pages-browser)/./node_modules/next/dist/compiled/react-server-dom-webpack/cjs/react-server-dom-webpack-client.browser.development.js:3943
[   51054ms] [TIMESTAMP] ​Next.Metadata @ webpack-internal:///(app-pages-browser)/./node_modules/next/dist/compiled/react-server-dom-webpack/cjs/react-server-dom-webpack-client.browser.development.js:3943
[   51056ms] [TIMESTAMP] ​MetadataWrapper @ webpack-internal:///(app-pages-browser)/./node_modules/next/dist/compiled/react-server-dom-webpack/cjs/react-server-dom-webpack-client.browser.development.js:3943
[   51079ms] [TIMESTAMP] Blocked @ webpack-internal:///(app-pages-browser)/./node_modules/next/dist/compiled/react-dom/cjs/react-dom-client.development.js:17801
[   51098ms] [TIMESTAMP] Blocked @ webpack-internal:///(app-pages-browser)/./node_modules/next/dist/compiled/react-dom/cjs/react-dom-client.development.js:17801
[   51154ms] [TIMESTAMP] Blocked @ webpack-internal:///(app-pages-browser)/./node_modules/next/dist/compiled/react-dom/cjs/react-dom-client.development.js:17801
[   51156ms] [TIMESTAMP] Errored @ webpack-internal:///(app-pages-browser)/./node_modules/next/dist/compiled/react-dom/cjs/react-dom-client.development.js:4630
[   51157ms] [TIMESTAMP] Blocking Track @ webpack-internal:///(app-pages-browser)/./node_modules/next/dist/compiled/react-dom/cjs/react-dom-client.development.js:18271
[   51160ms] [TIMESTAMP] Transition Track @ webpack-internal:///(app-pages-browser)/./node_modules/next/dist/compiled/react-dom/cjs/react-dom-client.development.js:18279
[   51160ms] [TIMESTAMP] Suspense Track @ webpack-internal:///(app-pages-browser)/./node_modules/next/dist/compiled/react-dom/cjs/react-dom-client.development.js:18287
[   51165ms] [TIMESTAMP] Idle Track @ webpack-internal:///(app-pages-browser)/./node_modules/next/dist/compiled/react-dom/cjs/react-dom-client.development.js:18295
[   51196ms] [ERROR] Encountered a script tag while rendering React component. Scripts inside React components are never executed when rendering on the client. Consider using template tag instead (https://developer.mozilla.org/en-US/docs/Web/HTML/Element/template). @ webpack-internal:///(app-pages-browser)/./node_modules/next/dist/next-devtools/userspace/app/errors/intercept-console-error.js:57
[   51244ms] [TIMESTAMP] Errored @ webpack-internal:///(app-pages-browser)/./node_modules/next/dist/compiled/react-dom/cjs/react-dom-client.development.js:4630
[   51271ms] [TIMESTAMP] SegmentTrieNode @ webpack-internal:///(app-pages-browser)/./node_modules/next/dist/compiled/react-dom/cjs/react-dom-client.development.js:4554
[   51275ms] [TIMESTAMP] Commit @ webpack-internal:///(app-pages-browser)/./node_modules/next/dist/compiled/react-dom/cjs/react-dom-client.development.js:4724
[   51281ms] Error: Element type is invalid. Received a promise that resolves to: undefined. Lazy element type must resolve to a class or function.
    at beginWork (webpack-internal:///(app-pages-browser)/./node_modules/next/dist/compiled/react-dom/cjs/react-dom-client.development.js:12104:19)
    at runWithFiberInDEV (webpack-internal:///(app-pages-browser)/./node_modules/next/dist/compiled/react-dom/cjs/react-dom-client.development.js:990:13)
    at performUnitOfWork (webpack-internal:///(app-pages-browser)/./node_modules/next/dist/compiled/react-dom/cjs/react-dom-client.development.js:18989:22)
    at workLoopSync (webpack-internal:///(app-pages-browser)/./node_modules/next/dist/compiled/react-dom/cjs/react-dom-client.development.js:18817:58)
    at renderRootSync (webpack-internal:///(app-pages-browser)/./node_modules/next/dist/compiled/react-dom/cjs/react-dom-client.development.js:18798:11)
    at performWorkOnRoot (webpack-internal:///(app-pages-browser)/./node_modules/next/dist/compiled/react-dom/cjs/react-dom-client.development.js:17903:35)
    at performWorkOnRootViaSchedulerTask (webpack-internal:///(app-pages-browser)/./node_modules/next/dist/compiled/react-dom/cjs/react-dom-client.development.js:20472:24)
    at performWorkUntilDeadline (webpack-internal:///(app-pages-browser)/./node_modules/next/dist/compiled/scheduler/cjs/scheduler.development.js:45:56)
    at EventHandlerNonNull* (webpack-internal:///(app-pages-browser)/./node_modules/next/dist/compiled/scheduler/cjs/scheduler.development.js:223:7)
    at  (webpack-internal:///(app-pages-browser)/./node_modules/next/dist/compiled/scheduler/cjs/scheduler.development.js:364:5)
    at (app-pages-browser)/./node_modules/next/dist/compiled/scheduler/cjs/scheduler.development.js (http://localhost:3000/_next/static/chunks/main-app.js?v=1785511331901:1324:1)
    at options.factory (http://localhost:3000/_next/static/chunks/webpack.js?v=1785511331901:708:31)
    at __webpack_require__ (http://localhost:3000/_next/static/chunks/webpack.js?v=1785511331901:29:33)
    at fn (http://localhost:3000/_next/static/chunks/webpack.js?v=1785511331901:361:21)
    at  (webpack-internal:///(app-pages-browser)/./node_modules/next/dist/compiled/scheduler/index.js:4:20)
    at (app-pages-browser)/./node_modules/next/dist/compiled/scheduler/index.js (http://localhost:3000/_next/static/chunks/main-app.js?v=1785511331901:1335:1)
    at options.factory (http://localhost:3000/_next/static/chunks/webpack.js?v=1785511331901:708:31)
    at __webpack_require__ (http://localhost:3000/_next/static/chunks/webpack.js?v=1785511331901:29:33)
    at fn (http://localhost:3000/_next/static/chunks/webpack.js?v=1785511331901:361:21)
    at  (webpack-internal:///(app-pages-browser)/./node_modules/next/dist/compiled/react-dom/cjs/react-dom-client.development.js:26424:40)
    at  (webpack-internal:///(app-pages-browser)/./node_modules/next/dist/compiled/react-dom/cjs/react-dom-client.development.js:30808:5)
    at (app-pages-browser)/./node_modules/next/dist/compiled/react-dom/cjs/react-dom-client.development.js (http://localhost:3000/_next/static/chunks/main-app.js?v=1785511331901:1182:1)
    at options.factory (http://localhost:3000/_next/static/chunks/webpack.js?v=1785511331901:708:31)
    at __webpack_require__ (http://localhost:3000/_next/static/chunks/webpack.js?v=1785511331901:29:33)
    at fn (http://localhost:3000/_next/static/chunks/webpack.js?v=1785511331901:361:21)
    at  (webpack-internal:///(app-pages-browser)/./node_modules/next/dist/compiled/react-dom/client.js:32:20)
    at (app-pages-browser)/./node_modules/next/dist/compiled/react-dom/client.js (http://localhost:3000/_next/static/chunks/main-app.js?v=1785511331901:1204:1)
    at options.factory (http://localhost:3000/_next/static/chunks/webpack.js?v=1785511331901:708:31)
    at __webpack_require__ (http://localhost:3000/_next/static/chunks/webpack.js?v=1785511331901:29:33)
    at fn (http://localhost:3000/_next/static/chunks/webpack.js?v=1785511331901:361:21)
    at  (webpack-internal:///(app-pages-browser)/./node_modules/next/dist/client/app-index.js:14:58)
    at (app-pages-browser)/./node_modules/next/dist/client/app-index.js (http://localhost:3000/_next/static/chunks/main-app.js?v=1785511331901:116:1)
    at options.factory (http://localhost:3000/_next/static/chunks/webpack.js?v=1785511331901:708:31)
    at __webpack_require__ (http://localhost:3000/_next/static/chunks/webpack.js?v=1785511331901:29:33)
    at fn (http://localhost:3000/_next/static/chunks/webpack.js?v=1785511331901:361:21)
    at  (webpack-internal:///(app-pages-browser)/./node_modules/next/dist/client/app-next-dev.js:15:44)
    at appBootstrap/< (webpack-internal:///(app-pages-browser)/./node_modules/next/dist/client/app-bootstrap.js:60:16)
    at loadScriptsInSequence (webpack-internal:///(app-pages-browser)/./node_modules/next/dist/client/app-bootstrap.js:25:16)
    at appBootstrap (webpack-internal:///(app-pages-browser)/./node_modules/next/dist/client/app-bootstrap.js:54:26)
    at  (webpack-internal:///(app-pages-browser)/./node_modules/next/dist/client/app-next-dev.js:13:32)
    at (app-pages-browser)/./node_modules/next/dist/client/app-next-dev.js (http://localhost:3000/_next/static/chunks/main-app.js?v=1785511331901:138:1)
    at options.factory (http://localhost:3000/_next/static/chunks/webpack.js?v=1785511331901:708:31)
    at __webpack_require__ (http://localhost:3000/_next/static/chunks/webpack.js?v=1785511331901:29:33)
    at __webpack_exec__ (http://localhost:3000/_next/static/chunks/main-app.js?v=1785511331901:1956:67)
    at  (http://localhost:3000/_next/static/chunks/main-app.js?v=1785511331901:1957:154)
    at webpackJsonpCallback (http://localhost:3000/_next/static/chunks/webpack.js?v=1785511331901:1395:46)
    at  (http://localhost:3000/_next/static/chunks/main-app.js?v=1785511331901:9:61)
[   51287ms] [TIMESTAMP] Waiting for Paint @ webpack-internal:///(app-pages-browser)/./node_modules/next/dist/compiled/react-dom/cjs/react-dom-client.development.js:19929
[   51295ms] [TIMESTAMP] Root @ webpack-internal:///(app-pages-browser)/./node_modules/next/dist/compiled/react-dom/cjs/react-dom-client.development.js:4426
[   51295ms] [TIMESTAMP] ServerRoot @ webpack-internal:///(app-pages-browser)/./node_modules/next/dist/compiled/react-dom/cjs/react-dom-client.development.js:4426
[   51296ms] [TIMESTAMP] AppRouter @ webpack-internal:///(app-pages-browser)/./node_modules/next/dist/compiled/react-dom/cjs/react-dom-client.development.js:4426
[   51301ms] [TIMESTAMP] RootErrorBoundary @ webpack-internal:///(app-pages-browser)/./node_modules/next/dist/compiled/react-dom/cjs/react-dom-client.development.js:4426
[   51302ms] [TIMESTAMP] ErrorBoundary @ webpack-internal:///(app-pages-browser)/./node_modules/next/dist/compiled/react-dom/cjs/react-dom-client.development.js:4426
[   51307ms] [TIMESTAMP] ErrorBoundaryHandler @ webpack-internal:///(app-pages-browser)/./node_modules/next/dist/compiled/react-dom/cjs/react-dom-client.development.js:4426
[   51308ms] [TIMESTAMP] Router @ webpack-internal:///(app-pages-browser)/./node_modules/next/dist/compiled/react-dom/cjs/react-dom-client.development.js:4426
[   51308ms] [TIMESTAMP] HistoryUpdater @ webpack-internal:///(app-pages-browser)/./node_modules/next/dist/compiled/react-dom/cjs/react-dom-client.development.js:4426
[   51311ms] [TIMESTAMP] RuntimeStylesForWebpack @ webpack-internal:///(app-pages-browser)/./node_modules/next/dist/compiled/react-dom/cjs/react-dom-client.development.js:4426
[   51312ms] [TIMESTAMP] HotReload @ webpack-internal:///(app-pages-browser)/./node_modules/next/dist/compiled/react-dom/cjs/react-dom-client.development.js:4426
[   51315ms] [TIMESTAMP] ErroredHtml @ webpack-internal:///(app-pages-browser)/./node_modules/next/dist/compiled/react-dom/cjs/react-dom-client.development.js:4426
[   51320ms] [TIMESTAMP] ErrorBoundary @ webpack-internal:///(app-pages-browser)/./node_modules/next/dist/compiled/react-dom/cjs/react-dom-client.development.js:4426
[   51320ms] [TIMESTAMP] ErrorBoundaryHandler @ webpack-internal:///(app-pages-browser)/./node_modules/next/dist/compiled/react-dom/cjs/react-dom-client.development.js:4426
[   51321ms] [TIMESTAMP] SegmentViewNode @ webpack-internal:///(app-pages-browser)/./node_modules/next/dist/compiled/react-dom/cjs/react-dom-client.development.js:4426
[   51321ms] [TIMESTAMP] SegmentTrieNode @ webpack-internal:///(app-pages-browser)/./node_modules/next/dist/compiled/react-dom/cjs/react-dom-client.development.js:4426
[   51324ms] [TIMESTAMP] DefaultGlobalError @ webpack-internal:///(app-pages-browser)/./node_modules/next/dist/compiled/react-dom/cjs/react-dom-client.development.js:4426
[   51324ms] [TIMESTAMP] WarningIcon @ webpack-internal:///(app-pages-browser)/./node_modules/next/dist/compiled/react-dom/cjs/react-dom-client.development.js:4426
[   51327ms] [TIMESTAMP] HotReload @ webpack-internal:///(app-pages-browser)/./node_modules/next/dist/compiled/react-dom/cjs/react-dom-client.development.js:4554
[   51328ms] [TIMESTAMP] Router @ webpack-internal:///(app-pages-browser)/./node_modules/next/dist/compiled/react-dom/cjs/react-dom-client.development.js:4554
[   51329ms] [TIMESTAMP] SegmentTrieNode @ webpack-internal:///(app-pages-browser)/./node_modules/next/dist/compiled/react-dom/cjs/react-dom-client.development.js:4554
[   51332ms] [TIMESTAMP] HotReload @ webpack-internal:///(app-pages-browser)/./node_modules/next/dist/compiled/react-dom/cjs/react-dom-client.development.js:4554
[   51332ms] [TIMESTAMP] Remaining Effects @ webpack-internal:///(app-pages-browser)/./node_modules/next/dist/compiled/react-dom/cjs/react-dom-client.development.js:19980
[   51358ms] [TIMESTAMP] Blocking Track @ webpack-internal:///(app-pages-browser)/./node_modules/next/dist/compiled/react-dom/cjs/react-dom-client.development.js:18271
[   51359ms] [TIMESTAMP] Transition Track @ webpack-internal:///(app-pages-browser)/./node_modules/next/dist/compiled/react-dom/cjs/react-dom-client.development.js:18279
[   51359ms] [TIMESTAMP] Suspense Track @ webpack-internal:///(app-pages-browser)/./node_modules/next/dist/compiled/react-dom/cjs/react-dom-client.development.js:18287
[   51360ms] [TIMESTAMP] Idle Track @ webpack-internal:///(app-pages-browser)/./node_modules/next/dist/compiled/react-dom/cjs/react-dom-client.development.js:18295
[   51362ms] [TIMESTAMP] Render @ webpack-internal:///(app-pages-browser)/./node_modules/next/dist/compiled/react-dom/cjs/react-dom-client.development.js:19292
[   51363ms] [TIMESTAMP] Commit @ webpack-internal:///(app-pages-browser)/./node_modules/next/dist/compiled/react-dom/cjs/react-dom-client.development.js:4724
[   54946ms] [INFO] Download the React DevTools for a better development experience: https://react.dev/link/react-devtools @ webpack-internal:///(app-pages-browser)/./node_modules/next/dist/next-devtools/shared/forward-logs-shared.js:27
[   55053ms] [TIMESTAMP] Server Requests Track @ webpack-internal:///(app-pages-browser)/./node_modules/next/dist/compiled/react-server-dom-webpack/cjs/react-server-dom-webpack-client.browser.development.js:1241
[   55053ms] [TIMESTAMP] Server Components Track @ webpack-internal:///(app-pages-browser)/./node_modules/next/dist/compiled/react-server-dom-webpack/cjs/react-server-dom-webpack-client.browser.development.js:1249
[   55140ms] [LOG] [HMR] connected @ webpack-internal:///(app-pages-browser)/./node_modules/next/dist/next-devtools/shared/forward-logs-shared.js:27
[   55197ms] [TIMESTAMP] Blocking Track @ webpack-internal:///(app-pages-browser)/./node_modules/next/dist/compiled/react-dom/cjs/react-dom-client.development.js:18271
[   55197ms] [TIMESTAMP] Transition Track @ webpack-internal:///(app-pages-browser)/./node_modules/next/dist/compiled/react-dom/cjs/react-dom-client.development.js:18279
[   55197ms] [TIMESTAMP] Suspense Track @ webpack-internal:///(app-pages-browser)/./node_modules/next/dist/compiled/react-dom/cjs/react-dom-client.development.js:18287
[   55198ms] [TIMESTAMP] Idle Track @ webpack-internal:///(app-pages-browser)/./node_modules/next/dist/compiled/react-dom/cjs/react-dom-client.development.js:18295
[   55220ms] [TIMESTAMP] Blocked @ webpack-internal:///(app-pages-browser)/./node_modules/next/dist/compiled/react-dom/cjs/react-dom-client.development.js:17801
[   55240ms] [TIMESTAMP] Blocked @ webpack-internal:///(app-pages-browser)/./node_modules/next/dist/compiled/react-dom/cjs/react-dom-client.development.js:17801
[   55263ms] [TIMESTAMP] Server Requests Track @ webpack-internal:///(app-pages-browser)/./node_modules/next/dist/compiled/react-server-dom-webpack/cjs/react-server-dom-webpack-client.browser.development.js:1241
[   55263ms] [TIMESTAMP] Server Components Track @ webpack-internal:///(app-pages-browser)/./node_modules/next/dist/compiled/react-server-dom-webpack/cjs/react-server-dom-webpack-client.browser.development.js:1249
[   55266ms] [TIMESTAMP] ​Preloads @ webpack-internal:///(app-pages-browser)/./node_modules/next/dist/compiled/react-server-dom-webpack/cjs/react-server-dom-webpack-client.browser.development.js:3943
[   55267ms] [TIMESTAMP] ​Loading @ webpack-internal:///(app-pages-browser)/./node_modules/next/dist/compiled/react-server-dom-webpack/cjs/react-server-dom-webpack-client.browser.development.js:3943
[   55268ms] [TIMESTAMP] ​HTTPAccessErrorFallback @ webpack-internal:///(app-pages-browser)/./node_modules/next/dist/compiled/react-server-dom-webpack/cjs/react-server-dom-webpack-client.browser.development.js:3943
[   55271ms] [TIMESTAMP] ​NotFound @ webpack-internal:///(app-pages-browser)/./node_modules/next/dist/compiled/react-server-dom-webpack/cjs/react-server-dom-webpack-client.browser.development.js:3943
[   55272ms] [TIMESTAMP] ​RootLayout @ webpack-internal:///(app-pages-browser)/./node_modules/next/dist/compiled/react-server-dom-webpack/cjs/react-server-dom-webpack-client.browser.development.js:3943
[   55272ms] [TIMESTAMP] ​HTTPAccessErrorFallback @ webpack-internal:///(app-pages-browser)/./node_modules/next/dist/compiled/react-server-dom-webpack/cjs/react-server-dom-webpack-client.browser.development.js:3943
[   55273ms] [TIMESTAMP] ​NotFound @ webpack-internal:///(app-pages-browser)/./node_modules/next/dist/compiled/react-server-dom-webpack/cjs/react-server-dom-webpack-client.browser.development.js:3943
[   55276ms] [TIMESTAMP] ​Next.MetadataOutlet @ webpack-internal:///(app-pages-browser)/./node_modules/next/dist/compiled/react-server-dom-webpack/cjs/react-server-dom-webpack-client.browser.development.js:3943
[   55277ms] [TIMESTAMP] ​NonIndex @ webpack-internal:///(app-pages-browser)/./node_modules/next/dist/compiled/react-server-dom-webpack/cjs/react-server-dom-webpack-client.browser.development.js:3943
[   55278ms] [TIMESTAMP] ​Next.Viewport @ webpack-internal:///(app-pages-browser)/./node_modules/next/dist/compiled/react-server-dom-webpack/cjs/react-server-dom-webpack-client.browser.development.js:3943
[   55281ms] [TIMESTAMP] ​ViewportWrapper @ webpack-internal:///(app-pages-browser)/./node_modules/next/dist/compiled/react-server-dom-webpack/cjs/react-server-dom-webpack-client.browser.development.js:3943
[   55282ms] [TIMESTAMP] ​Next.Metadata @ webpack-internal:///(app-pages-browser)/./node_modules/next/dist/compiled/react-server-dom-webpack/cjs/react-server-dom-webpack-client.browser.development.js:3943
[   55282ms] [TIMESTAMP] ​MetadataWrapper @ webpack-internal:///(app-pages-browser)/./node_modules/next/dist/compiled/react-server-dom-webpack/cjs/react-server-dom-webpack-client.browser.development.js:3943
[   55285ms] [TIMESTAMP] Blocked @ webpack-internal:///(app-pages-browser)/./node_modules/next/dist/compiled/react-dom/cjs/react-dom-client.development.js:17801
[   55314ms] [TIMESTAMP] Blocked @ webpack-internal:///(app-pages-browser)/./node_modules/next/dist/compiled/react-dom/cjs/react-dom-client.development.js:17801
[   55317ms] [TIMESTAMP] Errored @ webpack-internal:///(app-pages-browser)/./node_modules/next/dist/compiled/react-dom/cjs/react-dom-client.development.js:4630
[   55329ms] [TIMESTAMP] Blocking Track @ webpack-internal:///(app-pages-browser)/./node_modules/next/dist/compiled/react-dom/cjs/react-dom-client.development.js:18271
[   55335ms] [TIMESTAMP] Transition Track @ webpack-internal:///(app-pages-browser)/./node_modules/next/dist/compiled/react-dom/cjs/react-dom-client.development.js:18279
[   55338ms] [TIMESTAMP] Suspense Track @ webpack-internal:///(app-pages-browser)/./node_modules/next/dist/compiled/react-dom/cjs/react-dom-client.development.js:18287
[   55342ms] [TIMESTAMP] Idle Track @ webpack-internal:///(app-pages-browser)/./node_modules/next/dist/compiled/react-dom/cjs/react-dom-client.development.js:18295
[   55378ms] [ERROR] Encountered a script tag while rendering React component. Scripts inside React components are never executed when rendering on the client. Consider using template tag instead (https://developer.mozilla.org/en-US/docs/Web/HTML/Element/template). @ webpack-internal:///(app-pages-browser)/./node_modules/next/dist/next-devtools/userspace/app/errors/intercept-console-error.js:57
[   55409ms] [TIMESTAMP] Errored @ webpack-internal:///(app-pages-browser)/./node_modules/next/dist/compiled/react-dom/cjs/react-dom-client.development.js:4630
[   55861ms] [TIMESTAMP] SegmentTrieNode @ webpack-internal:///(app-pages-browser)/./node_modules/next/dist/compiled/react-dom/cjs/react-dom-client.development.js:4554
[   55870ms] [TIMESTAMP] Commit @ webpack-internal:///(app-pages-browser)/./node_modules/next/dist/compiled/react-dom/cjs/react-dom-client.development.js:4724
[   55887ms] Error: Element type is invalid. Received a promise that resolves to: undefined. Lazy element type must resolve to a class or function.
    at beginWork (webpack-internal:///(app-pages-browser)/./node_modules/next/dist/compiled/react-dom/cjs/react-dom-client.development.js:12104:19)
    at runWithFiberInDEV (webpack-internal:///(app-pages-browser)/./node_modules/next/dist/compiled/react-dom/cjs/react-dom-client.development.js:990:13)
    at performUnitOfWork (webpack-internal:///(app-pages-browser)/./node_modules/next/dist/compiled/react-dom/cjs/react-dom-client.development.js:18989:22)
    at workLoopSync (webpack-internal:///(app-pages-browser)/./node_modules/next/dist/compiled/react-dom/cjs/react-dom-client.development.js:18817:58)
    at renderRootSync (webpack-internal:///(app-pages-browser)/./node_modules/next/dist/compiled/react-dom/cjs/react-dom-client.development.js:18798:11)
    at performWorkOnRoot (webpack-internal:///(app-pages-browser)/./node_modules/next/dist/compiled/react-dom/cjs/react-dom-client.development.js:17903:35)
    at performWorkOnRootViaSchedulerTask (webpack-internal:///(app-pages-browser)/./node_modules/next/dist/compiled/react-dom/cjs/react-dom-client.development.js:20472:24)
    at performWorkUntilDeadline (webpack-internal:///(app-pages-browser)/./node_modules/next/dist/compiled/scheduler/cjs/scheduler.development.js:45:56)
    at EventHandlerNonNull* (webpack-internal:///(app-pages-browser)/./node_modules/next/dist/compiled/scheduler/cjs/scheduler.development.js:223:7)
    at  (webpack-internal:///(app-pages-browser)/./node_modules/next/dist/compiled/scheduler/cjs/scheduler.development.js:364:5)
    at (app-pages-browser)/./node_modules/next/dist/compiled/scheduler/cjs/scheduler.development.js (http://localhost:3000/_next/static/chunks/main-app.js?v=1785511336038:1324:1)
    at options.factory (http://localhost:3000/_next/static/chunks/webpack.js?v=1785511336038:708:31)
    at __webpack_require__ (http://localhost:3000/_next/static/chunks/webpack.js?v=1785511336038:29:33)
    at fn (http://localhost:3000/_next/static/chunks/webpack.js?v=1785511336038:361:21)
    at  (webpack-internal:///(app-pages-browser)/./node_modules/next/dist/compiled/scheduler/index.js:4:20)
    at (app-pages-browser)/./node_modules/next/dist/compiled/scheduler/index.js (http://localhost:3000/_next/static/chunks/main-app.js?v=1785511336038:1335:1)
    at options.factory (http://localhost:3000/_next/static/chunks/webpack.js?v=1785511336038:708:31)
    at __webpack_require__ (http://localhost:3000/_next/static/chunks/webpack.js?v=1785511336038:29:33)
    at fn (http://localhost:3000/_next/static/chunks/webpack.js?v=1785511336038:361:21)
    at  (webpack-internal:///(app-pages-browser)/./node_modules/next/dist/compiled/react-dom/cjs/react-dom-client.development.js:26424:40)
    at  (webpack-internal:///(app-pages-browser)/./node_modules/next/dist/compiled/react-dom/cjs/react-dom-client.development.js:30808:5)
    at (app-pages-browser)/./node_modules/next/dist/compiled/react-dom/cjs/react-dom-client.development.js (http://localhost:3000/_next/static/chunks/main-app.js?v=1785511336038:1182:1)
    at options.factory (http://localhost:3000/_next/static/chunks/webpack.js?v=1785511336038:708:31)
    at __webpack_require__ (http://localhost:3000/_next/static/chunks/webpack.js?v=1785511336038:29:33)
    at fn (http://localhost:3000/_next/static/chunks/webpack.js?v=1785511336038:361:21)
    at  (webpack-internal:///(app-pages-browser)/./node_modules/next/dist/compiled/react-dom/client.js:32:20)
    at (app-pages-browser)/./node_modules/next/dist/compiled/react-dom/client.js (http://localhost:3000/_next/static/chunks/main-app.js?v=1785511336038:1204:1)
    at options.factory (http://localhost:3000/_next/static/chunks/webpack.js?v=1785511336038:708:31)
    at __webpack_require__ (http://localhost:3000/_next/static/chunks/webpack.js?v=1785511336038:29:33)
    at fn (http://localhost:3000/_next/static/chunks/webpack.js?v=1785511336038:361:21)
    at  (webpack-internal:///(app-pages-browser)/./node_modules/next/dist/client/app-index.js:14:58)
    at (app-pages-browser)/./node_modules/next/dist/client/app-index.js (http://localhost:3000/_next/static/chunks/main-app.js?v=1785511336038:116:1)
    at options.factory (http://localhost:3000/_next/static/chunks/webpack.js?v=1785511336038:708:31)
    at __webpack_require__ (http://localhost:3000/_next/static/chunks/webpack.js?v=1785511336038:29:33)
    at fn (http://localhost:3000/_next/static/chunks/webpack.js?v=1785511336038:361:21)
    at  (webpack-internal:///(app-pages-browser)/./node_modules/next/dist/client/app-next-dev.js:15:44)
    at appBootstrap/< (webpack-internal:///(app-pages-browser)/./node_modules/next/dist/client/app-bootstrap.js:60:16)
    at loadScriptsInSequence (webpack-internal:///(app-pages-browser)/./node_modules/next/dist/client/app-bootstrap.js:25:16)
    at appBootstrap (webpack-internal:///(app-pages-browser)/./node_modules/next/dist/client/app-bootstrap.js:54:26)
    at  (webpack-internal:///(app-pages-browser)/./node_modules/next/dist/client/app-next-dev.js:13:32)
    at (app-pages-browser)/./node_modules/next/dist/client/app-next-dev.js (http://localhost:3000/_next/static/chunks/main-app.js?v=1785511336038:138:1)
    at options.factory (http://localhost:3000/_next/static/chunks/webpack.js?v=1785511336038:708:31)
    at __webpack_require__ (http://localhost:3000/_next/static/chunks/webpack.js?v=1785511336038:29:33)
    at __webpack_exec__ (http://localhost:3000/_next/static/chunks/main-app.js?v=1785511336038:1956:67)
    at  (http://localhost:3000/_next/static/chunks/main-app.js?v=1785511336038:1957:154)
    at webpackJsonpCallback (http://localhost:3000/_next/static/chunks/webpack.js?v=1785511336038:1395:46)
    at  (http://localhost:3000/_next/static/chunks/main-app.js?v=1785511336038:9:61)
[   55891ms] [TIMESTAMP] Waiting for Paint @ webpack-internal:///(app-pages-browser)/./node_modules/next/dist/compiled/react-dom/cjs/react-dom-client.development.js:19929
[   55894ms] [TIMESTAMP] Root @ webpack-internal:///(app-pages-browser)/./node_modules/next/dist/compiled/react-dom/cjs/react-dom-client.development.js:4426
[   55896ms] [TIMESTAMP] ServerRoot @ webpack-internal:///(app-pages-browser)/./node_modules/next/dist/compiled/react-dom/cjs/react-dom-client.development.js:4426
[   55896ms] [TIMESTAMP] AppRouter @ webpack-internal:///(app-pages-browser)/./node_modules/next/dist/compiled/react-dom/cjs/react-dom-client.development.js:4426
[   55897ms] [TIMESTAMP] RootErrorBoundary @ webpack-internal:///(app-pages-browser)/./node_modules/next/dist/compiled/react-dom/cjs/react-dom-client.development.js:4426
[   55900ms] [TIMESTAMP] ErrorBoundary @ webpack-internal:///(app-pages-browser)/./node_modules/next/dist/compiled/react-dom/cjs/react-dom-client.development.js:4426
[   55901ms] [TIMESTAMP] ErrorBoundaryHandler @ webpack-internal:///(app-pages-browser)/./node_modules/next/dist/compiled/react-dom/cjs/react-dom-client.development.js:4426
[   55903ms] [TIMESTAMP] Router @ webpack-internal:///(app-pages-browser)/./node_modules/next/dist/compiled/react-dom/cjs/react-dom-client.development.js:4426
[   55904ms] [TIMESTAMP] HistoryUpdater @ webpack-internal:///(app-pages-browser)/./node_modules/next/dist/compiled/react-dom/cjs/react-dom-client.development.js:4426
[   55907ms] [TIMESTAMP] HistoryUpdater @ webpack-internal:///(app-pages-browser)/./node_modules/next/dist/compiled/react-dom/cjs/react-dom-client.development.js:4554
[   55907ms] [TIMESTAMP] RuntimeStylesForWebpack @ webpack-internal:///(app-pages-browser)/./node_modules/next/dist/compiled/react-dom/cjs/react-dom-client.development.js:4426
[   55908ms] [TIMESTAMP] HotReload @ webpack-internal:///(app-pages-browser)/./node_modules/next/dist/compiled/react-dom/cjs/react-dom-client.development.js:4426
[   55913ms] [TIMESTAMP] ErroredHtml @ webpack-internal:///(app-pages-browser)/./node_modules/next/dist/compiled/react-dom/cjs/react-dom-client.development.js:4426
[   55913ms] [TIMESTAMP] ErrorBoundary @ webpack-internal:///(app-pages-browser)/./node_modules/next/dist/compiled/react-dom/cjs/react-dom-client.development.js:4426
[   55914ms] [TIMESTAMP] ErrorBoundaryHandler @ webpack-internal:///(app-pages-browser)/./node_modules/next/dist/compiled/react-dom/cjs/react-dom-client.development.js:4426
[   55921ms] [TIMESTAMP] SegmentViewNode @ webpack-internal:///(app-pages-browser)/./node_modules/next/dist/compiled/react-dom/cjs/react-dom-client.development.js:4426
[   55926ms] [TIMESTAMP] DefaultGlobalError @ webpack-internal:///(app-pages-browser)/./node_modules/next/dist/compiled/react-dom/cjs/react-dom-client.development.js:4426
[   55928ms] [TIMESTAMP] WarningIcon @ webpack-internal:///(app-pages-browser)/./node_modules/next/dist/compiled/react-dom/cjs/react-dom-client.development.js:4426
[   55931ms] [TIMESTAMP] HotReload @ webpack-internal:///(app-pages-browser)/./node_modules/next/dist/compiled/react-dom/cjs/react-dom-client.development.js:4554
[   55933ms] [TIMESTAMP] Router @ webpack-internal:///(app-pages-browser)/./node_modules/next/dist/compiled/react-dom/cjs/react-dom-client.development.js:4554
[   55935ms] [TIMESTAMP] SegmentTrieNode @ webpack-internal:///(app-pages-browser)/./node_modules/next/dist/compiled/react-dom/cjs/react-dom-client.development.js:4554
[   55939ms] [TIMESTAMP] Remaining Effects @ webpack-internal:///(app-pages-browser)/./node_modules/next/dist/compiled/react-dom/cjs/react-dom-client.development.js:19980
[   55968ms] [TIMESTAMP] Blocking Track @ webpack-internal:///(app-pages-browser)/./node_modules/next/dist/compiled/react-dom/cjs/react-dom-client.development.js:18271
[   55968ms] [TIMESTAMP] Transition Track @ webpack-internal:///(app-pages-browser)/./node_modules/next/dist/compiled/react-dom/cjs/react-dom-client.development.js:18279
[   55969ms] [TIMESTAMP] Suspense Track @ webpack-internal:///(app-pages-browser)/./node_modules/next/dist/compiled/react-dom/cjs/react-dom-client.development.js:18287
[   55969ms] [TIMESTAMP] Idle Track @ webpack-internal:///(app-pages-browser)/./node_modules/next/dist/compiled/react-dom/cjs/react-dom-client.development.js:18295
[   55971ms] [TIMESTAMP] Render @ webpack-internal:///(app-pages-browser)/./node_modules/next/dist/compiled/react-dom/cjs/react-dom-client.development.js:19292
[   55987ms] [TIMESTAMP] Commit @ webpack-internal:///(app-pages-browser)/./node_modules/next/dist/compiled/react-dom/cjs/react-dom-client.development.js:4724
[   59325ms] [INFO] Download the React DevTools for a better development experience: https://react.dev/link/react-devtools @ webpack-internal:///(app-pages-browser)/./node_modules/next/dist/next-devtools/shared/forward-logs-shared.js:27
[   59430ms] [TIMESTAMP] Server Requests Track @ webpack-internal:///(app-pages-browser)/./node_modules/next/dist/compiled/react-server-dom-webpack/cjs/react-server-dom-webpack-client.browser.development.js:1241
[   59431ms] [TIMESTAMP] Server Components Track @ webpack-internal:///(app-pages-browser)/./node_modules/next/dist/compiled/react-server-dom-webpack/cjs/react-server-dom-webpack-client.browser.development.js:1249
[   59522ms] [LOG] [HMR] connected @ webpack-internal:///(app-pages-browser)/./node_modules/next/dist/next-devtools/shared/forward-logs-shared.js:27
[   59563ms] [TIMESTAMP] Blocking Track @ webpack-internal:///(app-pages-browser)/./node_modules/next/dist/compiled/react-dom/cjs/react-dom-client.development.js:18271
[   59564ms] [TIMESTAMP] Transition Track @ webpack-internal:///(app-pages-browser)/./node_modules/next/dist/compiled/react-dom/cjs/react-dom-client.development.js:18279
[   59565ms] [TIMESTAMP] Suspense Track @ webpack-internal:///(app-pages-browser)/./node_modules/next/dist/compiled/react-dom/cjs/react-dom-client.development.js:18287
[   59566ms] [TIMESTAMP] Idle Track @ webpack-internal:///(app-pages-browser)/./node_modules/next/dist/compiled/react-dom/cjs/react-dom-client.development.js:18295
[   59585ms] [TIMESTAMP] Blocked @ webpack-internal:///(app-pages-browser)/./node_modules/next/dist/compiled/react-dom/cjs/react-dom-client.development.js:17801
[   59610ms] [TIMESTAMP] Blocked @ webpack-internal:///(app-pages-browser)/./node_modules/next/dist/compiled/react-dom/cjs/react-dom-client.development.js:17801
[   59633ms] [TIMESTAMP] Server Requests Track @ webpack-internal:///(app-pages-browser)/./node_modules/next/dist/compiled/react-server-dom-webpack/cjs/react-server-dom-webpack-client.browser.development.js:1241
[   59634ms] [TIMESTAMP] Server Components Track @ webpack-internal:///(app-pages-browser)/./node_modules/next/dist/compiled/react-server-dom-webpack/cjs/react-server-dom-webpack-client.browser.development.js:1249
[   59637ms] [TIMESTAMP] ​Preloads @ webpack-internal:///(app-pages-browser)/./node_modules/next/dist/compiled/react-server-dom-webpack/cjs/react-server-dom-webpack-client.browser.development.js:3943
[   59637ms] [TIMESTAMP] ​Loading @ webpack-internal:///(app-pages-browser)/./node_modules/next/dist/compiled/react-server-dom-webpack/cjs/react-server-dom-webpack-client.browser.development.js:3943
[   59638ms] [TIMESTAMP] ​HTTPAccessErrorFallback @ webpack-internal:///(app-pages-browser)/./node_modules/next/dist/compiled/react-server-dom-webpack/cjs/react-server-dom-webpack-client.browser.development.js:3943
[   59638ms] [TIMESTAMP] ​NotFound @ webpack-internal:///(app-pages-browser)/./node_modules/next/dist/compiled/react-server-dom-webpack/cjs/react-server-dom-webpack-client.browser.development.js:3943
[   59638ms] [TIMESTAMP] ​RootLayout @ webpack-internal:///(app-pages-browser)/./node_modules/next/dist/compiled/react-server-dom-webpack/cjs/react-server-dom-webpack-client.browser.development.js:3943
[   59640ms] [TIMESTAMP] ​HTTPAccessErrorFallback @ webpack-internal:///(app-pages-browser)/./node_modules/next/dist/compiled/react-server-dom-webpack/cjs/react-server-dom-webpack-client.browser.development.js:3943
[   59640ms] [TIMESTAMP] ​NotFound @ webpack-internal:///(app-pages-browser)/./node_modules/next/dist/compiled/react-server-dom-webpack/cjs/react-server-dom-webpack-client.browser.development.js:3943
[   59640ms] [TIMESTAMP] ​Next.MetadataOutlet @ webpack-internal:///(app-pages-browser)/./node_modules/next/dist/compiled/react-server-dom-webpack/cjs/react-server-dom-webpack-client.browser.development.js:3943
[   59640ms] [TIMESTAMP] ​NonIndex @ webpack-internal:///(app-pages-browser)/./node_modules/next/dist/compiled/react-server-dom-webpack/cjs/react-server-dom-webpack-client.browser.development.js:3943
[   59640ms] [TIMESTAMP] ​Next.Viewport @ webpack-internal:///(app-pages-browser)/./node_modules/next/dist/compiled/react-server-dom-webpack/cjs/react-server-dom-webpack-client.browser.development.js:3943
[   59641ms] [TIMESTAMP] ​ViewportWrapper @ webpack-internal:///(app-pages-browser)/./node_modules/next/dist/compiled/react-server-dom-webpack/cjs/react-server-dom-webpack-client.browser.development.js:3943
[   59641ms] [TIMESTAMP] ​Next.Metadata @ webpack-internal:///(app-pages-browser)/./node_modules/next/dist/compiled/react-server-dom-webpack/cjs/react-server-dom-webpack-client.browser.development.js:3943
[   59641ms] [TIMESTAMP] ​MetadataWrapper @ webpack-internal:///(app-pages-browser)/./node_modules/next/dist/compiled/react-server-dom-webpack/cjs/react-server-dom-webpack-client.browser.development.js:3943
[   59641ms] [TIMESTAMP] Blocked @ webpack-internal:///(app-pages-browser)/./node_modules/next/dist/compiled/react-dom/cjs/react-dom-client.development.js:17801
[   59650ms] [TIMESTAMP] Blocked @ webpack-internal:///(app-pages-browser)/./node_modules/next/dist/compiled/react-dom/cjs/react-dom-client.development.js:17801
[   59674ms] [TIMESTAMP] Blocked @ webpack-internal:///(app-pages-browser)/./node_modules/next/dist/compiled/react-dom/cjs/react-dom-client.development.js:17801
[   59674ms] [TIMESTAMP] Errored @ webpack-internal:///(app-pages-browser)/./node_modules/next/dist/compiled/react-dom/cjs/react-dom-client.development.js:4630
[   59675ms] [TIMESTAMP] Blocking Track @ webpack-internal:///(app-pages-browser)/./node_modules/next/dist/compiled/react-dom/cjs/react-dom-client.development.js:18271
[   59675ms] [TIMESTAMP] Transition Track @ webpack-internal:///(app-pages-browser)/./node_modules/next/dist/compiled/react-dom/cjs/react-dom-client.development.js:18279
[   59675ms] [TIMESTAMP] Suspense Track @ webpack-internal:///(app-pages-browser)/./node_modules/next/dist/compiled/react-dom/cjs/react-dom-client.development.js:18287
[   59675ms] [TIMESTAMP] Idle Track @ webpack-internal:///(app-pages-browser)/./node_modules/next/dist/compiled/react-dom/cjs/react-dom-client.development.js:18295
[   59689ms] [ERROR] Encountered a script tag while rendering React component. Scripts inside React components are never executed when rendering on the client. Consider using template tag instead (https://developer.mozilla.org/en-US/docs/Web/HTML/Element/template). @ webpack-internal:///(app-pages-browser)/./node_modules/next/dist/next-devtools/userspace/app/errors/intercept-console-error.js:57
[   59700ms] [TIMESTAMP] Errored @ webpack-internal:///(app-pages-browser)/./node_modules/next/dist/compiled/react-dom/cjs/react-dom-client.development.js:4630
[   59723ms] [TIMESTAMP] SegmentTrieNode @ webpack-internal:///(app-pages-browser)/./node_modules/next/dist/compiled/react-dom/cjs/react-dom-client.development.js:4554
[   59728ms] [TIMESTAMP] Commit @ webpack-internal:///(app-pages-browser)/./node_modules/next/dist/compiled/react-dom/cjs/react-dom-client.development.js:4724
[   59730ms] Error: Element type is invalid. Received a promise that resolves to: undefined. Lazy element type must resolve to a class or function.
    at beginWork (webpack-internal:///(app-pages-browser)/./node_modules/next/dist/compiled/react-dom/cjs/react-dom-client.development.js:12104:19)
    at runWithFiberInDEV (webpack-internal:///(app-pages-browser)/./node_modules/next/dist/compiled/react-dom/cjs/react-dom-client.development.js:990:13)
    at performUnitOfWork (webpack-internal:///(app-pages-browser)/./node_modules/next/dist/compiled/react-dom/cjs/react-dom-client.development.js:18989:22)
    at workLoopSync (webpack-internal:///(app-pages-browser)/./node_modules/next/dist/compiled/react-dom/cjs/react-dom-client.development.js:18817:58)
    at renderRootSync (webpack-internal:///(app-pages-browser)/./node_modules/next/dist/compiled/react-dom/cjs/react-dom-client.development.js:18798:11)
    at performWorkOnRoot (webpack-internal:///(app-pages-browser)/./node_modules/next/dist/compiled/react-dom/cjs/react-dom-client.development.js:17903:35)
    at performWorkOnRootViaSchedulerTask (webpack-internal:///(app-pages-browser)/./node_modules/next/dist/compiled/react-dom/cjs/react-dom-client.development.js:20472:24)
    at performWorkUntilDeadline (webpack-internal:///(app-pages-browser)/./node_modules/next/dist/compiled/scheduler/cjs/scheduler.development.js:45:56)
    at EventHandlerNonNull* (webpack-internal:///(app-pages-browser)/./node_modules/next/dist/compiled/scheduler/cjs/scheduler.development.js:223:7)
    at  (webpack-internal:///(app-pages-browser)/./node_modules/next/dist/compiled/scheduler/cjs/scheduler.development.js:364:5)
    at (app-pages-browser)/./node_modules/next/dist/compiled/scheduler/cjs/scheduler.development.js (http://localhost:3000/_next/static/chunks/main-app.js?v=1785511340220:1324:1)
    at options.factory (http://localhost:3000/_next/static/chunks/webpack.js?v=1785511340220:708:31)
    at __webpack_require__ (http://localhost:3000/_next/static/chunks/webpack.js?v=1785511340220:29:33)
    at fn (http://localhost:3000/_next/static/chunks/webpack.js?v=1785511340220:361:21)
    at  (webpack-internal:///(app-pages-browser)/./node_modules/next/dist/compiled/scheduler/index.js:4:20)
    at (app-pages-browser)/./node_modules/next/dist/compiled/scheduler/index.js (http://localhost:3000/_next/static/chunks/main-app.js?v=1785511340220:1335:1)
    at options.factory (http://localhost:3000/_next/static/chunks/webpack.js?v=1785511340220:708:31)
    at __webpack_require__ (http://localhost:3000/_next/static/chunks/webpack.js?v=1785511340220:29:33)
    at fn (http://localhost:3000/_next/static/chunks/webpack.js?v=1785511340220:361:21)
    at  (webpack-internal:///(app-pages-browser)/./node_modules/next/dist/compiled/react-dom/cjs/react-dom-client.development.js:26424:40)
    at  (webpack-internal:///(app-pages-browser)/./node_modules/next/dist/compiled/react-dom/cjs/react-dom-client.development.js:30808:5)
    at (app-pages-browser)/./node_modules/next/dist/compiled/react-dom/cjs/react-dom-client.development.js (http://localhost:3000/_next/static/chunks/main-app.js?v=1785511340220:1182:1)
    at options.factory (http://localhost:3000/_next/static/chunks/webpack.js?v=1785511340220:708:31)
    at __webpack_require__ (http://localhost:3000/_next/static/chunks/webpack.js?v=1785511340220:29:33)
    at fn (http://localhost:3000/_next/static/chunks/webpack.js?v=1785511340220:361:21)
    at  (webpack-internal:///(app-pages-browser)/./node_modules/next/dist/compiled/react-dom/client.js:32:20)
    at (app-pages-browser)/./node_modules/next/dist/compiled/react-dom/client.js (http://localhost:3000/_next/static/chunks/main-app.js?v=1785511340220:1204:1)
    at options.factory (http://localhost:3000/_next/static/chunks/webpack.js?v=1785511340220:708:31)
    at __webpack_require__ (http://localhost:3000/_next/static/chunks/webpack.js?v=1785511340220:29:33)
    at fn (http://localhost:3000/_next/static/chunks/webpack.js?v=1785511340220:361:21)
    at  (webpack-internal:///(app-pages-browser)/./node_modules/next/dist/client/app-index.js:14:58)
    at (app-pages-browser)/./node_modules/next/dist/client/app-index.js (http://localhost:3000/_next/static/chunks/main-app.js?v=1785511340220:116:1)
    at options.factory (http://localhost:3000/_next/static/chunks/webpack.js?v=1785511340220:708:31)
    at __webpack_require__ (http://localhost:3000/_next/static/chunks/webpack.js?v=1785511340220:29:33)
    at fn (http://localhost:3000/_next/static/chunks/webpack.js?v=1785511340220:361:21)
    at  (webpack-internal:///(app-pages-browser)/./node_modules/next/dist/client/app-next-dev.js:15:44)
    at appBootstrap/< (webpack-internal:///(app-pages-browser)/./node_modules/next/dist/client/app-bootstrap.js:60:16)
    at loadScriptsInSequence (webpack-internal:///(app-pages-browser)/./node_modules/next/dist/client/app-bootstrap.js:25:16)
    at appBootstrap (webpack-internal:///(app-pages-browser)/./node_modules/next/dist/client/app-bootstrap.js:54:26)
    at  (webpack-internal:///(app-pages-browser)/./node_modules/next/dist/client/app-next-dev.js:13:32)
    at (app-pages-browser)/./node_modules/next/dist/client/app-next-dev.js (http://localhost:3000/_next/static/chunks/main-app.js?v=1785511340220:138:1)
    at options.factory (http://localhost:3000/_next/static/chunks/webpack.js?v=1785511340220:708:31)
    at __webpack_require__ (http://localhost:3000/_next/static/chunks/webpack.js?v=1785511340220:29:33)
    at __webpack_exec__ (http://localhost:3000/_next/static/chunks/main-app.js?v=1785511340220:1956:67)
    at  (http://localhost:3000/_next/static/chunks/main-app.js?v=1785511340220:1957:154)
    at webpackJsonpCallback (http://localhost:3000/_next/static/chunks/webpack.js?v=1785511340220:1395:46)
    at  (http://localhost:3000/_next/static/chunks/main-app.js?v=1785511340220:9:61)
[   59732ms] [TIMESTAMP] Waiting for Paint @ webpack-internal:///(app-pages-browser)/./node_modules/next/dist/compiled/react-dom/cjs/react-dom-client.development.js:19929
[   59733ms] [TIMESTAMP] Root @ webpack-internal:///(app-pages-browser)/./node_modules/next/dist/compiled/react-dom/cjs/react-dom-client.development.js:4426
[   59734ms] [TIMESTAMP] ServerRoot @ webpack-internal:///(app-pages-browser)/./node_modules/next/dist/compiled/react-dom/cjs/react-dom-client.development.js:4426
[   59735ms] [TIMESTAMP] AppRouter @ webpack-internal:///(app-pages-browser)/./node_modules/next/dist/compiled/react-dom/cjs/react-dom-client.development.js:4426
[   59737ms] [TIMESTAMP] RootErrorBoundary @ webpack-internal:///(app-pages-browser)/./node_modules/next/dist/compiled/react-dom/cjs/react-dom-client.development.js:4426
[   59738ms] [TIMESTAMP] ErrorBoundary @ webpack-internal:///(app-pages-browser)/./node_modules/next/dist/compiled/react-dom/cjs/react-dom-client.development.js:4426
[   59738ms] [TIMESTAMP] ErrorBoundaryHandler @ webpack-internal:///(app-pages-browser)/./node_modules/next/dist/compiled/react-dom/cjs/react-dom-client.development.js:4426
[   59739ms] [TIMESTAMP] Router @ webpack-internal:///(app-pages-browser)/./node_modules/next/dist/compiled/react-dom/cjs/react-dom-client.development.js:4426
[   59739ms] [TIMESTAMP] HistoryUpdater @ webpack-internal:///(app-pages-browser)/./node_modules/next/dist/compiled/react-dom/cjs/react-dom-client.development.js:4426
[   59740ms] [TIMESTAMP] HistoryUpdater @ webpack-internal:///(app-pages-browser)/./node_modules/next/dist/compiled/react-dom/cjs/react-dom-client.development.js:4554
[   59740ms] [TIMESTAMP] RuntimeStylesForWebpack @ webpack-internal:///(app-pages-browser)/./node_modules/next/dist/compiled/react-dom/cjs/react-dom-client.development.js:4426
[   59741ms] [TIMESTAMP] HotReload @ webpack-internal:///(app-pages-browser)/./node_modules/next/dist/compiled/react-dom/cjs/react-dom-client.development.js:4426
[   59753ms] [TIMESTAMP] ErroredHtml @ webpack-internal:///(app-pages-browser)/./node_modules/next/dist/compiled/react-dom/cjs/react-dom-client.development.js:4426
[   59753ms] [TIMESTAMP] ErrorBoundary @ webpack-internal:///(app-pages-browser)/./node_modules/next/dist/compiled/react-dom/cjs/react-dom-client.development.js:4426
[   59756ms] [TIMESTAMP] ErrorBoundaryHandler @ webpack-internal:///(app-pages-browser)/./node_modules/next/dist/compiled/react-dom/cjs/react-dom-client.development.js:4426
[   59756ms] [TIMESTAMP] SegmentViewNode @ webpack-internal:///(app-pages-browser)/./node_modules/next/dist/compiled/react-dom/cjs/react-dom-client.development.js:4426
[   59757ms] [TIMESTAMP] DefaultGlobalError @ webpack-internal:///(app-pages-browser)/./node_modules/next/dist/compiled/react-dom/cjs/react-dom-client.development.js:4426
[   59759ms] [TIMESTAMP] WarningIcon @ webpack-internal:///(app-pages-browser)/./node_modules/next/dist/compiled/react-dom/cjs/react-dom-client.development.js:4426
[   59762ms] [TIMESTAMP] HotReload @ webpack-internal:///(app-pages-browser)/./node_modules/next/dist/compiled/react-dom/cjs/react-dom-client.development.js:4554
[   59764ms] [TIMESTAMP] Router @ webpack-internal:///(app-pages-browser)/./node_modules/next/dist/compiled/react-dom/cjs/react-dom-client.development.js:4554
[   59772ms] [TIMESTAMP] SegmentTrieNode @ webpack-internal:///(app-pages-browser)/./node_modules/next/dist/compiled/react-dom/cjs/react-dom-client.development.js:4554
[   59777ms] [TIMESTAMP] Remaining Effects @ webpack-internal:///(app-pages-browser)/./node_modules/next/dist/compiled/react-dom/cjs/react-dom-client.development.js:19980
[   59798ms] [TIMESTAMP] Blocking Track @ webpack-internal:///(app-pages-browser)/./node_modules/next/dist/compiled/react-dom/cjs/react-dom-client.development.js:18271
[   59800ms] [TIMESTAMP] Transition Track @ webpack-internal:///(app-pages-browser)/./node_modules/next/dist/compiled/react-dom/cjs/react-dom-client.development.js:18279
[   59802ms] [TIMESTAMP] Suspense Track @ webpack-internal:///(app-pages-browser)/./node_modules/next/dist/compiled/react-dom/cjs/react-dom-client.development.js:18287
[   59803ms] [TIMESTAMP] Idle Track @ webpack-internal:///(app-pages-browser)/./node_modules/next/dist/compiled/react-dom/cjs/react-dom-client.development.js:18295
[   59806ms] [TIMESTAMP] Render @ webpack-internal:///(app-pages-browser)/./node_modules/next/dist/compiled/react-dom/cjs/react-dom-client.development.js:19292
[   59806ms] [TIMESTAMP] Commit @ webpack-internal:///(app-pages-browser)/./node_modules/next/dist/compiled/react-dom/cjs/react-dom-client.development.js:4724
[   63047ms] [INFO] Download the React DevTools for a better development experience: https://react.dev/link/react-devtools @ webpack-internal:///(app-pages-browser)/./node_modules/next/dist/next-devtools/shared/forward-logs-shared.js:27
[   63158ms] [TIMESTAMP] Server Requests Track @ webpack-internal:///(app-pages-browser)/./node_modules/next/dist/compiled/react-server-dom-webpack/cjs/react-server-dom-webpack-client.browser.development.js:1241
[   63158ms] [TIMESTAMP] Server Components Track @ webpack-internal:///(app-pages-browser)/./node_modules/next/dist/compiled/react-server-dom-webpack/cjs/react-server-dom-webpack-client.browser.development.js:1249
[   63273ms] [LOG] [HMR] connected @ webpack-internal:///(app-pages-browser)/./node_modules/next/dist/next-devtools/shared/forward-logs-shared.js:27
[   63295ms] [TIMESTAMP] Blocking Track @ webpack-internal:///(app-pages-browser)/./node_modules/next/dist/compiled/react-dom/cjs/react-dom-client.development.js:18271
[   63295ms] [TIMESTAMP] Transition Track @ webpack-internal:///(app-pages-browser)/./node_modules/next/dist/compiled/react-dom/cjs/react-dom-client.development.js:18279
[   63295ms] [TIMESTAMP] Suspense Track @ webpack-internal:///(app-pages-browser)/./node_modules/next/dist/compiled/react-dom/cjs/react-dom-client.development.js:18287
[   63296ms] [TIMESTAMP] Idle Track @ webpack-internal:///(app-pages-browser)/./node_modules/next/dist/compiled/react-dom/cjs/react-dom-client.development.js:18295
[   63314ms] [TIMESTAMP] Blocked @ webpack-internal:///(app-pages-browser)/./node_modules/next/dist/compiled/react-dom/cjs/react-dom-client.development.js:17801
[   63340ms] [TIMESTAMP] Blocked @ webpack-internal:///(app-pages-browser)/./node_modules/next/dist/compiled/react-dom/cjs/react-dom-client.development.js:17801
[   63361ms] [TIMESTAMP] Server Requests Track @ webpack-internal:///(app-pages-browser)/./node_modules/next/dist/compiled/react-server-dom-webpack/cjs/react-server-dom-webpack-client.browser.development.js:1241
[   63361ms] [TIMESTAMP] Server Components Track @ webpack-internal:///(app-pages-browser)/./node_modules/next/dist/compiled/react-server-dom-webpack/cjs/react-server-dom-webpack-client.browser.development.js:1249
[   63362ms] [TIMESTAMP] ​Preloads @ webpack-internal:///(app-pages-browser)/./node_modules/next/dist/compiled/react-server-dom-webpack/cjs/react-server-dom-webpack-client.browser.development.js:3943
[   63363ms] [TIMESTAMP] ​Loading @ webpack-internal:///(app-pages-browser)/./node_modules/next/dist/compiled/react-server-dom-webpack/cjs/react-server-dom-webpack-client.browser.development.js:3943
[   63365ms] [TIMESTAMP] ​HTTPAccessErrorFallback @ webpack-internal:///(app-pages-browser)/./node_modules/next/dist/compiled/react-server-dom-webpack/cjs/react-server-dom-webpack-client.browser.development.js:3943
[   63366ms] [TIMESTAMP] ​NotFound @ webpack-internal:///(app-pages-browser)/./node_modules/next/dist/compiled/react-server-dom-webpack/cjs/react-server-dom-webpack-client.browser.development.js:3943
[   63367ms] [TIMESTAMP] ​RootLayout @ webpack-internal:///(app-pages-browser)/./node_modules/next/dist/compiled/react-server-dom-webpack/cjs/react-server-dom-webpack-client.browser.development.js:3943
[   63368ms] [TIMESTAMP] ​HTTPAccessErrorFallback @ webpack-internal:///(app-pages-browser)/./node_modules/next/dist/compiled/react-server-dom-webpack/cjs/react-server-dom-webpack-client.browser.development.js:3943
[   63369ms] [TIMESTAMP] ​NotFound @ webpack-internal:///(app-pages-browser)/./node_modules/next/dist/compiled/react-server-dom-webpack/cjs/react-server-dom-webpack-client.browser.development.js:3943
[   63369ms] [TIMESTAMP] ​Next.MetadataOutlet @ webpack-internal:///(app-pages-browser)/./node_modules/next/dist/compiled/react-server-dom-webpack/cjs/react-server-dom-webpack-client.browser.development.js:3943
[   63369ms] [TIMESTAMP] ​NonIndex @ webpack-internal:///(app-pages-browser)/./node_modules/next/dist/compiled/react-server-dom-webpack/cjs/react-server-dom-webpack-client.browser.development.js:3943
[   63370ms] [TIMESTAMP] ​Next.Viewport @ webpack-internal:///(app-pages-browser)/./node_modules/next/dist/compiled/react-server-dom-webpack/cjs/react-server-dom-webpack-client.browser.development.js:3943
[   63370ms] [TIMESTAMP] ​ViewportWrapper @ webpack-internal:///(app-pages-browser)/./node_modules/next/dist/compiled/react-server-dom-webpack/cjs/react-server-dom-webpack-client.browser.development.js:3943
[   63371ms] [TIMESTAMP] ​Next.Metadata @ webpack-internal:///(app-pages-browser)/./node_modules/next/dist/compiled/react-server-dom-webpack/cjs/react-server-dom-webpack-client.browser.development.js:3943
[   63372ms] [TIMESTAMP] ​MetadataWrapper @ webpack-internal:///(app-pages-browser)/./node_modules/next/dist/compiled/react-server-dom-webpack/cjs/react-server-dom-webpack-client.browser.development.js:3943
[   63372ms] [TIMESTAMP] Blocked @ webpack-internal:///(app-pages-browser)/./node_modules/next/dist/compiled/react-dom/cjs/react-dom-client.development.js:17801
[   63406ms] [TIMESTAMP] Errored @ webpack-internal:///(app-pages-browser)/./node_modules/next/dist/compiled/react-dom/cjs/react-dom-client.development.js:4630
[   63406ms] [TIMESTAMP] Blocking Track @ webpack-internal:///(app-pages-browser)/./node_modules/next/dist/compiled/react-dom/cjs/react-dom-client.development.js:18271
[   63407ms] [TIMESTAMP] Transition Track @ webpack-internal:///(app-pages-browser)/./node_modules/next/dist/compiled/react-dom/cjs/react-dom-client.development.js:18279
[   63407ms] [TIMESTAMP] Suspense Track @ webpack-internal:///(app-pages-browser)/./node_modules/next/dist/compiled/react-dom/cjs/react-dom-client.development.js:18287
[   63407ms] [TIMESTAMP] Idle Track @ webpack-internal:///(app-pages-browser)/./node_modules/next/dist/compiled/react-dom/cjs/react-dom-client.development.js:18295
[   63439ms] [ERROR] Encountered a script tag while rendering React component. Scripts inside React components are never executed when rendering on the client. Consider using template tag instead (https://developer.mozilla.org/en-US/docs/Web/HTML/Element/template). @ webpack-internal:///(app-pages-browser)/./node_modules/next/dist/next-devtools/userspace/app/errors/intercept-console-error.js:57
[   63459ms] [TIMESTAMP] Errored @ webpack-internal:///(app-pages-browser)/./node_modules/next/dist/compiled/react-dom/cjs/react-dom-client.development.js:4630
[   63477ms] [TIMESTAMP] HistoryUpdater @ webpack-internal:///(app-pages-browser)/./node_modules/next/dist/compiled/react-dom/cjs/react-dom-client.development.js:4554
[   63478ms] [TIMESTAMP] SegmentTrieNode @ webpack-internal:///(app-pages-browser)/./node_modules/next/dist/compiled/react-dom/cjs/react-dom-client.development.js:4554
[   63482ms] [TIMESTAMP] Commit @ webpack-internal:///(app-pages-browser)/./node_modules/next/dist/compiled/react-dom/cjs/react-dom-client.development.js:4724
[   63493ms] Error: Element type is invalid. Received a promise that resolves to: undefined. Lazy element type must resolve to a class or function.
    at beginWork (webpack-internal:///(app-pages-browser)/./node_modules/next/dist/compiled/react-dom/cjs/react-dom-client.development.js:12104:19)
    at runWithFiberInDEV (webpack-internal:///(app-pages-browser)/./node_modules/next/dist/compiled/react-dom/cjs/react-dom-client.development.js:990:13)
    at performUnitOfWork (webpack-internal:///(app-pages-browser)/./node_modules/next/dist/compiled/react-dom/cjs/react-dom-client.development.js:18989:22)
    at workLoopSync (webpack-internal:///(app-pages-browser)/./node_modules/next/dist/compiled/react-dom/cjs/react-dom-client.development.js:18817:58)
    at renderRootSync (webpack-internal:///(app-pages-browser)/./node_modules/next/dist/compiled/react-dom/cjs/react-dom-client.development.js:18798:11)
    at performWorkOnRoot (webpack-internal:///(app-pages-browser)/./node_modules/next/dist/compiled/react-dom/cjs/react-dom-client.development.js:17903:35)
    at performWorkOnRootViaSchedulerTask (webpack-internal:///(app-pages-browser)/./node_modules/next/dist/compiled/react-dom/cjs/react-dom-client.development.js:20472:24)
    at performWorkUntilDeadline (webpack-internal:///(app-pages-browser)/./node_modules/next/dist/compiled/scheduler/cjs/scheduler.development.js:45:56)
    at EventHandlerNonNull* (webpack-internal:///(app-pages-browser)/./node_modules/next/dist/compiled/scheduler/cjs/scheduler.development.js:223:7)
    at  (webpack-internal:///(app-pages-browser)/./node_modules/next/dist/compiled/scheduler/cjs/scheduler.development.js:364:5)
    at (app-pages-browser)/./node_modules/next/dist/compiled/scheduler/cjs/scheduler.development.js (http://localhost:3000/_next/static/chunks/main-app.js?v=1785511344556:1324:1)
    at options.factory (http://localhost:3000/_next/static/chunks/webpack.js?v=1785511344556:708:31)
    at __webpack_require__ (http://localhost:3000/_next/static/chunks/webpack.js?v=1785511344556:29:33)
    at fn (http://localhost:3000/_next/static/chunks/webpack.js?v=1785511344556:361:21)
    at  (webpack-internal:///(app-pages-browser)/./node_modules/next/dist/compiled/scheduler/index.js:4:20)
    at (app-pages-browser)/./node_modules/next/dist/compiled/scheduler/index.js (http://localhost:3000/_next/static/chunks/main-app.js?v=1785511344556:1335:1)
    at options.factory (http://localhost:3000/_next/static/chunks/webpack.js?v=1785511344556:708:31)
    at __webpack_require__ (http://localhost:3000/_next/static/chunks/webpack.js?v=1785511344556:29:33)
    at fn (http://localhost:3000/_next/static/chunks/webpack.js?v=1785511344556:361:21)
    at  (webpack-internal:///(app-pages-browser)/./node_modules/next/dist/compiled/react-dom/cjs/react-dom-client.development.js:26424:40)
    at  (webpack-internal:///(app-pages-browser)/./node_modules/next/dist/compiled/react-dom/cjs/react-dom-client.development.js:30808:5)
    at (app-pages-browser)/./node_modules/next/dist/compiled/react-dom/cjs/react-dom-client.development.js (http://localhost:3000/_next/static/chunks/main-app.js?v=1785511344556:1182:1)
    at options.factory (http://localhost:3000/_next/static/chunks/webpack.js?v=1785511344556:708:31)
    at __webpack_require__ (http://localhost:3000/_next/static/chunks/webpack.js?v=1785511344556:29:33)
    at fn (http://localhost:3000/_next/static/chunks/webpack.js?v=1785511344556:361:21)
    at  (webpack-internal:///(app-pages-browser)/./node_modules/next/dist/compiled/react-dom/client.js:32:20)
    at (app-pages-browser)/./node_modules/next/dist/compiled/react-dom/client.js (http://localhost:3000/_next/static/chunks/main-app.js?v=1785511344556:1204:1)
    at options.factory (http://localhost:3000/_next/static/chunks/webpack.js?v=1785511344556:708:31)
    at __webpack_require__ (http://localhost:3000/_next/static/chunks/webpack.js?v=1785511344556:29:33)
    at fn (http://localhost:3000/_next/static/chunks/webpack.js?v=1785511344556:361:21)
    at  (webpack-internal:///(app-pages-browser)/./node_modules/next/dist/client/app-index.js:14:58)
    at (app-pages-browser)/./node_modules/next/dist/client/app-index.js (http://localhost:3000/_next/static/chunks/main-app.js?v=1785511344556:116:1)
    at options.factory (http://localhost:3000/_next/static/chunks/webpack.js?v=1785511344556:708:31)
    at __webpack_require__ (http://localhost:3000/_next/static/chunks/webpack.js?v=1785511344556:29:33)
    at fn (http://localhost:3000/_next/static/chunks/webpack.js?v=1785511344556:361:21)
    at  (webpack-internal:///(app-pages-browser)/./node_modules/next/dist/client/app-next-dev.js:15:44)
    at appBootstrap/< (webpack-internal:///(app-pages-browser)/./node_modules/next/dist/client/app-bootstrap.js:60:16)
    at loadScriptsInSequence (webpack-internal:///(app-pages-browser)/./node_modules/next/dist/client/app-bootstrap.js:25:16)
    at appBootstrap (webpack-internal:///(app-pages-browser)/./node_modules/next/dist/client/app-bootstrap.js:54:26)
    at  (webpack-internal:///(app-pages-browser)/./node_modules/next/dist/client/app-next-dev.js:13:32)
    at (app-pages-browser)/./node_modules/next/dist/client/app-next-dev.js (http://localhost:3000/_next/static/chunks/main-app.js?v=1785511344556:138:1)
    at options.factory (http://localhost:3000/_next/static/chunks/webpack.js?v=1785511344556:708:31)
    at __webpack_require__ (http://localhost:3000/_next/static/chunks/webpack.js?v=1785511344556:29:33)
    at __webpack_exec__ (http://localhost:3000/_next/static/chunks/main-app.js?v=1785511344556:1956:67)
    at  (http://localhost:3000/_next/static/chunks/main-app.js?v=1785511344556:1957:154)
    at webpackJsonpCallback (http://localhost:3000/_next/static/chunks/webpack.js?v=1785511344556:1395:46)
    at  (http://localhost:3000/_next/static/chunks/main-app.js?v=1785511344556:9:61)
[   63496ms] [TIMESTAMP] Waiting for Paint @ webpack-internal:///(app-pages-browser)/./node_modules/next/dist/compiled/react-dom/cjs/react-dom-client.development.js:19929
[   63498ms] [TIMESTAMP] Root @ webpack-internal:///(app-pages-browser)/./node_modules/next/dist/compiled/react-dom/cjs/react-dom-client.development.js:4426
[   63498ms] [TIMESTAMP] ServerRoot @ webpack-internal:///(app-pages-browser)/./node_modules/next/dist/compiled/react-dom/cjs/react-dom-client.development.js:4426
[   63499ms] [TIMESTAMP] AppRouter @ webpack-internal:///(app-pages-browser)/./node_modules/next/dist/compiled/react-dom/cjs/react-dom-client.development.js:4426
[   63499ms] [TIMESTAMP] RootErrorBoundary @ webpack-internal:///(app-pages-browser)/./node_modules/next/dist/compiled/react-dom/cjs/react-dom-client.development.js:4426
[   63504ms] [TIMESTAMP] ErrorBoundary @ webpack-internal:///(app-pages-browser)/./node_modules/next/dist/compiled/react-dom/cjs/react-dom-client.development.js:4426
[   63505ms] [TIMESTAMP] ErrorBoundaryHandler @ webpack-internal:///(app-pages-browser)/./node_modules/next/dist/compiled/react-dom/cjs/react-dom-client.development.js:4426
[   63505ms] [TIMESTAMP] Router @ webpack-internal:///(app-pages-browser)/./node_modules/next/dist/compiled/react-dom/cjs/react-dom-client.development.js:4426
[   63506ms] [TIMESTAMP] HistoryUpdater @ webpack-internal:///(app-pages-browser)/./node_modules/next/dist/compiled/react-dom/cjs/react-dom-client.development.js:4426
[   63508ms] [TIMESTAMP] RuntimeStylesForWebpack @ webpack-internal:///(app-pages-browser)/./node_modules/next/dist/compiled/react-dom/cjs/react-dom-client.development.js:4426
[   63509ms] [TIMESTAMP] RuntimeStylesForWebpack @ webpack-internal:///(app-pages-browser)/./node_modules/next/dist/compiled/react-dom/cjs/react-dom-client.development.js:4554
[   63510ms] [TIMESTAMP] HotReload @ webpack-internal:///(app-pages-browser)/./node_modules/next/dist/compiled/react-dom/cjs/react-dom-client.development.js:4426
[   63513ms] [TIMESTAMP] ErroredHtml @ webpack-internal:///(app-pages-browser)/./node_modules/next/dist/compiled/react-dom/cjs/react-dom-client.development.js:4426
[   63513ms] [TIMESTAMP] ErrorBoundary @ webpack-internal:///(app-pages-browser)/./node_modules/next/dist/compiled/react-dom/cjs/react-dom-client.development.js:4426
[   63513ms] [TIMESTAMP] ErrorBoundaryHandler @ webpack-internal:///(app-pages-browser)/./node_modules/next/dist/compiled/react-dom/cjs/react-dom-client.development.js:4426
[   63514ms] [TIMESTAMP] SegmentViewNode @ webpack-internal:///(app-pages-browser)/./node_modules/next/dist/compiled/react-dom/cjs/react-dom-client.development.js:4426
[   63514ms] [TIMESTAMP] DefaultGlobalError @ webpack-internal:///(app-pages-browser)/./node_modules/next/dist/compiled/react-dom/cjs/react-dom-client.development.js:4426
[   63514ms] [TIMESTAMP] WarningIcon @ webpack-internal:///(app-pages-browser)/./node_modules/next/dist/compiled/react-dom/cjs/react-dom-client.development.js:4426
[   63515ms] [TIMESTAMP] HotReload @ webpack-internal:///(app-pages-browser)/./node_modules/next/dist/compiled/react-dom/cjs/react-dom-client.development.js:4554
[   63521ms] [TIMESTAMP] Router @ webpack-internal:///(app-pages-browser)/./node_modules/next/dist/compiled/react-dom/cjs/react-dom-client.development.js:4554
[   63527ms] [TIMESTAMP] Remaining Effects @ webpack-internal:///(app-pages-browser)/./node_modules/next/dist/compiled/react-dom/cjs/react-dom-client.development.js:19980
[   63543ms] [TIMESTAMP] Blocking Track @ webpack-internal:///(app-pages-browser)/./node_modules/next/dist/compiled/react-dom/cjs/react-dom-client.development.js:18271
[   63544ms] [TIMESTAMP] Transition Track @ webpack-internal:///(app-pages-browser)/./node_modules/next/dist/compiled/react-dom/cjs/react-dom-client.development.js:18279
[   63544ms] [TIMESTAMP] Suspense Track @ webpack-internal:///(app-pages-browser)/./node_modules/next/dist/compiled/react-dom/cjs/react-dom-client.development.js:18287
[   63544ms] [TIMESTAMP] Idle Track @ webpack-internal:///(app-pages-browser)/./node_modules/next/dist/compiled/react-dom/cjs/react-dom-client.development.js:18295
[   63545ms] [TIMESTAMP] Commit @ webpack-internal:///(app-pages-browser)/./node_modules/next/dist/compiled/react-dom/cjs/react-dom-client.development.js:4724
[   73609ms] [INFO] Download the React DevTools for a better development experience: https://react.dev/link/react-devtools @ webpack-internal:///(app-pages-browser)/./node_modules/next/dist/next-devtools/shared/forward-logs-shared.js:27
[   73963ms] [TIMESTAMP] Server Requests Track @ webpack-internal:///(app-pages-browser)/./node_modules/next/dist/compiled/react-server-dom-webpack/cjs/react-server-dom-webpack-client.browser.development.js:1241
[   73975ms] [TIMESTAMP] Server Components Track @ webpack-internal:///(app-pages-browser)/./node_modules/next/dist/compiled/react-server-dom-webpack/cjs/react-server-dom-webpack-client.browser.development.js:1249
[   76663ms] [LOG] [HMR] connected @ webpack-internal:///(app-pages-browser)/./node_modules/next/dist/next-devtools/shared/forward-logs-shared.js:27
[   77039ms] [TIMESTAMP] Blocking Track @ webpack-internal:///(app-pages-browser)/./node_modules/next/dist/compiled/react-dom/cjs/react-dom-client.development.js:18271
[   77041ms] [TIMESTAMP] Transition Track @ webpack-internal:///(app-pages-browser)/./node_modules/next/dist/compiled/react-dom/cjs/react-dom-client.development.js:18279
[   77066ms] [TIMESTAMP] Suspense Track @ webpack-internal:///(app-pages-browser)/./node_modules/next/dist/compiled/react-dom/cjs/react-dom-client.development.js:18287
[   77069ms] [TIMESTAMP] Idle Track @ webpack-internal:///(app-pages-browser)/./node_modules/next/dist/compiled/react-dom/cjs/react-dom-client.development.js:18295
[   77080ms] [TIMESTAMP] Blocked @ webpack-internal:///(app-pages-browser)/./node_modules/next/dist/compiled/react-dom/cjs/react-dom-client.development.js:17801
[   77083ms] [TIMESTAMP] Blocking Track @ webpack-internal:///(app-pages-browser)/./node_modules/next/dist/compiled/react-dom/cjs/react-dom-client.development.js:18271
[   77083ms] [TIMESTAMP] Transition Track @ webpack-internal:///(app-pages-browser)/./node_modules/next/dist/compiled/react-dom/cjs/react-dom-client.development.js:18279
[   77084ms] [TIMESTAMP] Suspense Track @ webpack-internal:///(app-pages-browser)/./node_modules/next/dist/compiled/react-dom/cjs/react-dom-client.development.js:18287
[   77084ms] [TIMESTAMP] Idle Track @ webpack-internal:///(app-pages-browser)/./node_modules/next/dist/compiled/react-dom/cjs/react-dom-client.development.js:18295
[   77084ms] [TIMESTAMP] Interrupted Render @ webpack-internal:///(app-pages-browser)/./node_modules/next/dist/compiled/react-dom/cjs/react-dom-client.development.js:18343
[   77293ms] [TIMESTAMP] Errored @ webpack-internal:///(app-pages-browser)/./node_modules/next/dist/compiled/react-dom/cjs/react-dom-client.development.js:4630
[   77293ms] [TIMESTAMP] Blocking Track @ webpack-internal:///(app-pages-browser)/./node_modules/next/dist/compiled/react-dom/cjs/react-dom-client.development.js:18271
[   77294ms] [TIMESTAMP] Transition Track @ webpack-internal:///(app-pages-browser)/./node_modules/next/dist/compiled/react-dom/cjs/react-dom-client.development.js:18279
[   77296ms] [TIMESTAMP] Suspense Track @ webpack-internal:///(app-pages-browser)/./node_modules/next/dist/compiled/react-dom/cjs/react-dom-client.development.js:18287
[   77297ms] [TIMESTAMP] Idle Track @ webpack-internal:///(app-pages-browser)/./node_modules/next/dist/compiled/react-dom/cjs/react-dom-client.development.js:18295
[   77379ms] [ERROR] Encountered a script tag while rendering React component. Scripts inside React components are never executed when rendering on the client. Consider using template tag instead (https://developer.mozilla.org/en-US/docs/Web/HTML/Element/template). @ webpack-internal:///(app-pages-browser)/./node_modules/next/dist/next-devtools/userspace/app/errors/intercept-console-error.js:57
[   77462ms] [TIMESTAMP] Errored @ webpack-internal:///(app-pages-browser)/./node_modules/next/dist/compiled/react-dom/cjs/react-dom-client.development.js:4630
[   77544ms] [TIMESTAMP] Commit @ webpack-internal:///(app-pages-browser)/./node_modules/next/dist/compiled/react-dom/cjs/react-dom-client.development.js:4724
[   77544ms] [TIMESTAMP] Waiting @ webpack-internal:///(app-pages-browser)/./node_modules/next/dist/compiled/react-dom/cjs/react-dom-client.development.js:19929
[   77545ms] [TIMESTAMP] Root @ webpack-internal:///(app-pages-browser)/./node_modules/next/dist/compiled/react-dom/cjs/react-dom-client.development.js:4426
[   77545ms] [TIMESTAMP] ServerRoot @ webpack-internal:///(app-pages-browser)/./node_modules/next/dist/compiled/react-dom/cjs/react-dom-client.development.js:4426
[   77555ms] [TIMESTAMP] AppRouter @ webpack-internal:///(app-pages-browser)/./node_modules/next/dist/compiled/react-dom/cjs/react-dom-client.development.js:4426
[   77556ms] [TIMESTAMP] RootErrorBoundary @ webpack-internal:///(app-pages-browser)/./node_modules/next/dist/compiled/react-dom/cjs/react-dom-client.development.js:4426
[   77556ms] [TIMESTAMP] ErrorBoundary @ webpack-internal:///(app-pages-browser)/./node_modules/next/dist/compiled/react-dom/cjs/react-dom-client.development.js:4426
[   77556ms] [TIMESTAMP] ErrorBoundaryHandler @ webpack-internal:///(app-pages-browser)/./node_modules/next/dist/compiled/react-dom/cjs/react-dom-client.development.js:4426
[   77557ms] [TIMESTAMP] Router @ webpack-internal:///(app-pages-browser)/./node_modules/next/dist/compiled/react-dom/cjs/react-dom-client.development.js:4426
[   77558ms] [TIMESTAMP] HistoryUpdater @ webpack-internal:///(app-pages-browser)/./node_modules/next/dist/compiled/react-dom/cjs/react-dom-client.development.js:4426
[   77558ms] [TIMESTAMP] HistoryUpdater @ webpack-internal:///(app-pages-browser)/./node_modules/next/dist/compiled/react-dom/cjs/react-dom-client.development.js:4554
[   77558ms] [TIMESTAMP] RuntimeStylesForWebpack @ webpack-internal:///(app-pages-browser)/./node_modules/next/dist/compiled/react-dom/cjs/react-dom-client.development.js:4426
[   77558ms] [TIMESTAMP] RuntimeStylesForWebpack @ webpack-internal:///(app-pages-browser)/./node_modules/next/dist/compiled/react-dom/cjs/react-dom-client.development.js:4554
[   77579ms] [TIMESTAMP] HotReload @ webpack-internal:///(app-pages-browser)/./node_modules/next/dist/compiled/react-dom/cjs/react-dom-client.development.js:4426
[   77580ms] [TIMESTAMP] ErroredHtml @ webpack-internal:///(app-pages-browser)/./node_modules/next/dist/compiled/react-dom/cjs/react-dom-client.development.js:4426
[   77588ms] [TIMESTAMP] ErrorBoundary @ webpack-internal:///(app-pages-browser)/./node_modules/next/dist/compiled/react-dom/cjs/react-dom-client.development.js:4426
[   77588ms] [TIMESTAMP] ErrorBoundaryHandler @ webpack-internal:///(app-pages-browser)/./node_modules/next/dist/compiled/react-dom/cjs/react-dom-client.development.js:4426
[   77588ms] [TIMESTAMP] SegmentViewNode @ webpack-internal:///(app-pages-browser)/./node_modules/next/dist/compiled/react-dom/cjs/react-dom-client.development.js:4426
[   77588ms] [TIMESTAMP] DefaultGlobalError @ webpack-internal:///(app-pages-browser)/./node_modules/next/dist/compiled/react-dom/cjs/react-dom-client.development.js:4426
[   77588ms] [TIMESTAMP] WarningIcon @ webpack-internal:///(app-pages-browser)/./node_modules/next/dist/compiled/react-dom/cjs/react-dom-client.development.js:4426
[   77603ms] [TIMESTAMP] HotReload @ webpack-internal:///(app-pages-browser)/./node_modules/next/dist/compiled/react-dom/cjs/react-dom-client.development.js:4554
[   77603ms] [TIMESTAMP] Router @ webpack-internal:///(app-pages-browser)/./node_modules/next/dist/compiled/react-dom/cjs/react-dom-client.development.js:4554
[   77603ms] [TIMESTAMP] SegmentTrieNode @ webpack-internal:///(app-pages-browser)/./node_modules/next/dist/compiled/react-dom/cjs/react-dom-client.development.js:4554
[   77604ms] [TIMESTAMP] Router @ webpack-internal:///(app-pages-browser)/./node_modules/next/dist/compiled/react-dom/cjs/react-dom-client.development.js:4554
[   77604ms] [TIMESTAMP] SegmentTrieNode @ webpack-internal:///(app-pages-browser)/./node_modules/next/dist/compiled/react-dom/cjs/react-dom-client.development.js:4554
[   77605ms] [TIMESTAMP] Router @ webpack-internal:///(app-pages-browser)/./node_modules/next/dist/compiled/react-dom/cjs/react-dom-client.development.js:4554
[   77623ms] [TIMESTAMP] Remaining Effects @ webpack-internal:///(app-pages-browser)/./node_modules/next/dist/compiled/react-dom/cjs/react-dom-client.development.js:19980
[   77771ms] [TIMESTAMP] Blocking Track @ webpack-internal:///(app-pages-browser)/./node_modules/next/dist/compiled/react-dom/cjs/react-dom-client.development.js:18271
[   77771ms] [TIMESTAMP] Transition Track @ webpack-internal:///(app-pages-browser)/./node_modules/next/dist/compiled/react-dom/cjs/react-dom-client.development.js:18279
[   77771ms] [TIMESTAMP] Suspense Track @ webpack-internal:///(app-pages-browser)/./node_modules/next/dist/compiled/react-dom/cjs/react-dom-client.development.js:18287
[   77771ms] [TIMESTAMP] Idle Track @ webpack-internal:///(app-pages-browser)/./node_modules/next/dist/compiled/react-dom/cjs/react-dom-client.development.js:18295
[   77771ms] [TIMESTAMP] Render @ webpack-internal:///(app-pages-browser)/./node_modules/next/dist/compiled/react-dom/cjs/react-dom-client.development.js:19292
[   77771ms] [TIMESTAMP] Commit @ webpack-internal:///(app-pages-browser)/./node_modules/next/dist/compiled/react-dom/cjs/react-dom-client.development.js:4724
[   77771ms] [TIMESTAMP] Server Requests Track @ webpack-internal:///(app-pages-browser)/./node_modules/next/dist/compiled/react-server-dom-webpack/cjs/react-server-dom-webpack-client.browser.development.js:1241
[   77771ms] [TIMESTAMP] Server Components Track @ webpack-internal:///(app-pages-browser)/./node_modules/next/dist/compiled/react-server-dom-webpack/cjs/react-server-dom-webpack-client.browser.development.js:1249
[   77771ms] [TIMESTAMP] ​Preloads @ webpack-internal:///(app-pages-browser)/./node_modules/next/dist/compiled/react-server-dom-webpack/cjs/react-server-dom-webpack-client.browser.development.js:3943
[   77771ms] [TIMESTAMP] ​Loading @ webpack-internal:///(app-pages-browser)/./node_modules/next/dist/compiled/react-server-dom-webpack/cjs/react-server-dom-webpack-client.browser.development.js:3943
[   77772ms] [TIMESTAMP] ​HTTPAccessErrorFallback @ webpack-internal:///(app-pages-browser)/./node_modules/next/dist/compiled/react-server-dom-webpack/cjs/react-server-dom-webpack-client.browser.development.js:3943
[   77772ms] [TIMESTAMP] ​NotFound @ webpack-internal:///(app-pages-browser)/./node_modules/next/dist/compiled/react-server-dom-webpack/cjs/react-server-dom-webpack-client.browser.development.js:3943
[   77772ms] [TIMESTAMP] ​RootLayout @ webpack-internal:///(app-pages-browser)/./node_modules/next/dist/compiled/react-server-dom-webpack/cjs/react-server-dom-webpack-client.browser.development.js:3943
[   77772ms] [TIMESTAMP] ​HTTPAccessErrorFallback @ webpack-internal:///(app-pages-browser)/./node_modules/next/dist/compiled/react-server-dom-webpack/cjs/react-server-dom-webpack-client.browser.development.js:3943
[   77772ms] [TIMESTAMP] ​NotFound @ webpack-internal:///(app-pages-browser)/./node_modules/next/dist/compiled/react-server-dom-webpack/cjs/react-server-dom-webpack-client.browser.development.js:3943
[   77796ms] [TIMESTAMP] ​Next.MetadataOutlet @ webpack-internal:///(app-pages-browser)/./node_modules/next/dist/compiled/react-server-dom-webpack/cjs/react-server-dom-webpack-client.browser.development.js:3943
[   77796ms] [TIMESTAMP] ​NonIndex @ webpack-internal:///(app-pages-browser)/./node_modules/next/dist/compiled/react-server-dom-webpack/cjs/react-server-dom-webpack-client.browser.development.js:3943
[   77796ms] [TIMESTAMP] ​Next.Viewport @ webpack-internal:///(app-pages-browser)/./node_modules/next/dist/compiled/react-server-dom-webpack/cjs/react-server-dom-webpack-client.browser.development.js:3943
[   77797ms] [TIMESTAMP] ​ViewportWrapper @ webpack-internal:///(app-pages-browser)/./node_modules/next/dist/compiled/react-server-dom-webpack/cjs/react-server-dom-webpack-client.browser.development.js:3943
[   77797ms] [TIMESTAMP] ​Next.Metadata @ webpack-internal:///(app-pages-browser)/./node_modules/next/dist/compiled/react-server-dom-webpack/cjs/react-server-dom-webpack-client.browser.development.js:3943
[   77797ms] [TIMESTAMP] ​MetadataWrapper @ webpack-internal:///(app-pages-browser)/./node_modules/next/dist/compiled/react-server-dom-webpack/cjs/react-server-dom-webpack-client.browser.development.js:3943
[   77834ms] Error: Element type is invalid. Received a promise that resolves to: undefined. Lazy element type must resolve to a class or function.
    at beginWork (webpack-internal:///(app-pages-browser)/./node_modules/next/dist/compiled/react-dom/cjs/react-dom-client.development.js:12104:19)
    at runWithFiberInDEV (webpack-internal:///(app-pages-browser)/./node_modules/next/dist/compiled/react-dom/cjs/react-dom-client.development.js:990:13)
    at performUnitOfWork (webpack-internal:///(app-pages-browser)/./node_modules/next/dist/compiled/react-dom/cjs/react-dom-client.development.js:18989:22)
    at workLoopSync (webpack-internal:///(app-pages-browser)/./node_modules/next/dist/compiled/react-dom/cjs/react-dom-client.development.js:18817:58)
    at renderRootSync (webpack-internal:///(app-pages-browser)/./node_modules/next/dist/compiled/react-dom/cjs/react-dom-client.development.js:18798:11)
    at performWorkOnRoot (webpack-internal:///(app-pages-browser)/./node_modules/next/dist/compiled/react-dom/cjs/react-dom-client.development.js:17903:35)
    at performSyncWorkOnRoot (webpack-internal:///(app-pages-browser)/./node_modules/next/dist/compiled/react-dom/cjs/react-dom-client.development.js:20487:24)
    at flushSyncWorkAcrossRoots_impl (webpack-internal:///(app-pages-browser)/./node_modules/next/dist/compiled/react-dom/cjs/react-dom-client.development.js:20329:21)
    at dispatchEvent (webpack-internal:///(app-pages-browser)/./node_modules/next/dist/compiled/react-dom/cjs/react-dom-client.development.js:25862:25)
    at dispatchDiscreteEvent (webpack-internal:///(app-pages-browser)/./node_modules/next/dist/compiled/react-dom/cjs/react-dom-client.development.js:25786:11)
    at EventListener.handleEvent*addTrappedEventListener (webpack-internal:///(app-pages-browser)/./node_modules/next/dist/compiled/react-dom/cjs/react-dom-client.development.js:20757:29)
    at listenToNativeEvent (webpack-internal:///(app-pages-browser)/./node_modules/next/dist/compiled/react-dom/cjs/react-dom-client.development.js:20697:30)
    at listenToAllSupportedEvents/< (webpack-internal:///(app-pages-browser)/./node_modules/next/dist/compiled/react-dom/cjs/react-dom-client.development.js:20711:13)
    at listenToAllSupportedEvents (webpack-internal:///(app-pages-browser)/./node_modules/next/dist/compiled/react-dom/cjs/react-dom-client.development.js:20707:25)
    at exports.hydrateRoot (webpack-internal:///(app-pages-browser)/./node_modules/next/dist/compiled/react-dom/cjs/react-dom-client.development.js:30800:33)
    at hydrate/< (webpack-internal:///(app-pages-browser)/./node_modules/next/dist/client/app-index.js:283:29)
    at startTransition (webpack-internal:///(app-pages-browser)/./node_modules/next/dist/compiled/react/cjs/react.development.js:556:27)
    at hydrate (webpack-internal:///(app-pages-browser)/./node_modules/next/dist/client/app-index.js:282:24)
    at async* (webpack-internal:///(app-pages-browser)/./node_modules/next/dist/client/app-next-dev.js:17:16)
    at appBootstrap/< (webpack-internal:///(app-pages-browser)/./node_modules/next/dist/client/app-bootstrap.js:60:16)
    at loadScriptsInSequence (webpack-internal:///(app-pages-browser)/./node_modules/next/dist/client/app-bootstrap.js:25:16)
    at appBootstrap (webpack-internal:///(app-pages-browser)/./node_modules/next/dist/client/app-bootstrap.js:54:26)
    at  (webpack-internal:///(app-pages-browser)/./node_modules/next/dist/client/app-next-dev.js:13:32)
    at (app-pages-browser)/./node_modules/next/dist/client/app-next-dev.js (http://localhost:3000/_next/static/chunks/main-app.js?v=1785511348293:138:1)
    at options.factory (http://localhost:3000/_next/static/chunks/webpack.js?v=1785511348293:708:31)
    at __webpack_require__ (http://localhost:3000/_next/static/chunks/webpack.js?v=1785511348293:29:33)
    at __webpack_exec__ (http://localhost:3000/_next/static/chunks/main-app.js?v=1785511348293:1956:67)
    at  (http://localhost:3000/_next/static/chunks/main-app.js?v=1785511348293:1957:154)
    at webpackJsonpCallback (http://localhost:3000/_next/static/chunks/webpack.js?v=1785511348293:1395:46)
    at  (http://localhost:3000/_next/static/chunks/main-app.js?v=1785511348293:9:61)
[   88057ms] [INFO] Download the React DevTools for a better development experience: https://react.dev/link/react-devtools @ webpack-internal:///(app-pages-browser)/./node_modules/next/dist/next-devtools/shared/forward-logs-shared.js:27
[   88127ms] [TIMESTAMP] Server Requests Track @ webpack-internal:///(app-pages-browser)/./node_modules/next/dist/compiled/react-server-dom-webpack/cjs/react-server-dom-webpack-client.browser.development.js:1241
[   88128ms] [TIMESTAMP] Server Components Track @ webpack-internal:///(app-pages-browser)/./node_modules/next/dist/compiled/react-server-dom-webpack/cjs/react-server-dom-webpack-client.browser.development.js:1249
[   88235ms] [LOG] [HMR] connected @ webpack-internal:///(app-pages-browser)/./node_modules/next/dist/next-devtools/shared/forward-logs-shared.js:27
[   88267ms] [TIMESTAMP] Blocking Track @ webpack-internal:///(app-pages-browser)/./node_modules/next/dist/compiled/react-dom/cjs/react-dom-client.development.js:18271
[   88268ms] [TIMESTAMP] Transition Track @ webpack-internal:///(app-pages-browser)/./node_modules/next/dist/compiled/react-dom/cjs/react-dom-client.development.js:18279
[   88268ms] [TIMESTAMP] Suspense Track @ webpack-internal:///(app-pages-browser)/./node_modules/next/dist/compiled/react-dom/cjs/react-dom-client.development.js:18287
[   88268ms] [TIMESTAMP] Idle Track @ webpack-internal:///(app-pages-browser)/./node_modules/next/dist/compiled/react-dom/cjs/react-dom-client.development.js:18295
[   88285ms] [TIMESTAMP] Blocked @ webpack-internal:///(app-pages-browser)/./node_modules/next/dist/compiled/react-dom/cjs/react-dom-client.development.js:17801
[   88310ms] [TIMESTAMP] Blocked @ webpack-internal:///(app-pages-browser)/./node_modules/next/dist/compiled/react-dom/cjs/react-dom-client.development.js:17801
[   88346ms] [TIMESTAMP] Blocked @ webpack-internal:///(app-pages-browser)/./node_modules/next/dist/compiled/react-dom/cjs/react-dom-client.development.js:17801
[   88347ms] [TIMESTAMP] Errored @ webpack-internal:///(app-pages-browser)/./node_modules/next/dist/compiled/react-dom/cjs/react-dom-client.development.js:4630
[   88347ms] [TIMESTAMP] Blocking Track @ webpack-internal:///(app-pages-browser)/./node_modules/next/dist/compiled/react-dom/cjs/react-dom-client.development.js:18271
[   88347ms] [TIMESTAMP] Transition Track @ webpack-internal:///(app-pages-browser)/./node_modules/next/dist/compiled/react-dom/cjs/react-dom-client.development.js:18279
[   88348ms] [TIMESTAMP] Suspense Track @ webpack-internal:///(app-pages-browser)/./node_modules/next/dist/compiled/react-dom/cjs/react-dom-client.development.js:18287
[   88348ms] [TIMESTAMP] Idle Track @ webpack-internal:///(app-pages-browser)/./node_modules/next/dist/compiled/react-dom/cjs/react-dom-client.development.js:18295
[   88366ms] [ERROR] Encountered a script tag while rendering React component. Scripts inside React components are never executed when rendering on the client. Consider using template tag instead (https://developer.mozilla.org/en-US/docs/Web/HTML/Element/template). @ webpack-internal:///(app-pages-browser)/./node_modules/next/dist/next-devtools/userspace/app/errors/intercept-console-error.js:57
[   88377ms] [TIMESTAMP] Errored @ webpack-internal:///(app-pages-browser)/./node_modules/next/dist/compiled/react-dom/cjs/react-dom-client.development.js:4630
[   88400ms] [TIMESTAMP] Commit @ webpack-internal:///(app-pages-browser)/./node_modules/next/dist/compiled/react-dom/cjs/react-dom-client.development.js:4724
[   88400ms] [TIMESTAMP] Server Requests Track @ webpack-internal:///(app-pages-browser)/./node_modules/next/dist/compiled/react-server-dom-webpack/cjs/react-server-dom-webpack-client.browser.development.js:1241
[   88401ms] [TIMESTAMP] Server Components Track @ webpack-internal:///(app-pages-browser)/./node_modules/next/dist/compiled/react-server-dom-webpack/cjs/react-server-dom-webpack-client.browser.development.js:1249
[   88403ms] [TIMESTAMP] ​Preloads @ webpack-internal:///(app-pages-browser)/./node_modules/next/dist/compiled/react-server-dom-webpack/cjs/react-server-dom-webpack-client.browser.development.js:3943
[   88406ms] [TIMESTAMP] ​Loading @ webpack-internal:///(app-pages-browser)/./node_modules/next/dist/compiled/react-server-dom-webpack/cjs/react-server-dom-webpack-client.browser.development.js:3943
[   88409ms] [TIMESTAMP] ​HTTPAccessErrorFallback @ webpack-internal:///(app-pages-browser)/./node_modules/next/dist/compiled/react-server-dom-webpack/cjs/react-server-dom-webpack-client.browser.development.js:3943
[   88410ms] [TIMESTAMP] ​NotFound @ webpack-internal:///(app-pages-browser)/./node_modules/next/dist/compiled/react-server-dom-webpack/cjs/react-server-dom-webpack-client.browser.development.js:3943
[   88413ms] [TIMESTAMP] ​RootLayout @ webpack-internal:///(app-pages-browser)/./node_modules/next/dist/compiled/react-server-dom-webpack/cjs/react-server-dom-webpack-client.browser.development.js:3943
[   88416ms] [TIMESTAMP] ​HTTPAccessErrorFallback @ webpack-internal:///(app-pages-browser)/./node_modules/next/dist/compiled/react-server-dom-webpack/cjs/react-server-dom-webpack-client.browser.development.js:3943
[   88417ms] [TIMESTAMP] ​NotFound @ webpack-internal:///(app-pages-browser)/./node_modules/next/dist/compiled/react-server-dom-webpack/cjs/react-server-dom-webpack-client.browser.development.js:3943
[   88421ms] [TIMESTAMP] ​Next.MetadataOutlet @ webpack-internal:///(app-pages-browser)/./node_modules/next/dist/compiled/react-server-dom-webpack/cjs/react-server-dom-webpack-client.browser.development.js:3943
[   88422ms] [TIMESTAMP] ​NonIndex @ webpack-internal:///(app-pages-browser)/./node_modules/next/dist/compiled/react-server-dom-webpack/cjs/react-server-dom-webpack-client.browser.development.js:3943
[   88424ms] [TIMESTAMP] ​Next.Viewport @ webpack-internal:///(app-pages-browser)/./node_modules/next/dist/compiled/react-server-dom-webpack/cjs/react-server-dom-webpack-client.browser.development.js:3943
[   88425ms] [TIMESTAMP] ​ViewportWrapper @ webpack-internal:///(app-pages-browser)/./node_modules/next/dist/compiled/react-server-dom-webpack/cjs/react-server-dom-webpack-client.browser.development.js:3943
[   88426ms] [TIMESTAMP] ​Next.Metadata @ webpack-internal:///(app-pages-browser)/./node_modules/next/dist/compiled/react-server-dom-webpack/cjs/react-server-dom-webpack-client.browser.development.js:3943
[   88427ms] [TIMESTAMP] ​MetadataWrapper @ webpack-internal:///(app-pages-browser)/./node_modules/next/dist/compiled/react-server-dom-webpack/cjs/react-server-dom-webpack-client.browser.development.js:3943
[   88432ms] Error: Element type is invalid. Received a promise that resolves to: undefined. Lazy element type must resolve to a class or function.
    at beginWork (webpack-internal:///(app-pages-browser)/./node_modules/next/dist/compiled/react-dom/cjs/react-dom-client.development.js:12104:19)
    at runWithFiberInDEV (webpack-internal:///(app-pages-browser)/./node_modules/next/dist/compiled/react-dom/cjs/react-dom-client.development.js:990:13)
    at performUnitOfWork (webpack-internal:///(app-pages-browser)/./node_modules/next/dist/compiled/react-dom/cjs/react-dom-client.development.js:18989:22)
    at workLoopSync (webpack-internal:///(app-pages-browser)/./node_modules/next/dist/compiled/react-dom/cjs/react-dom-client.development.js:18817:58)
    at renderRootSync (webpack-internal:///(app-pages-browser)/./node_modules/next/dist/compiled/react-dom/cjs/react-dom-client.development.js:18798:11)
    at performWorkOnRoot (webpack-internal:///(app-pages-browser)/./node_modules/next/dist/compiled/react-dom/cjs/react-dom-client.development.js:17903:35)
    at performWorkOnRootViaSchedulerTask (webpack-internal:///(app-pages-browser)/./node_modules/next/dist/compiled/react-dom/cjs/react-dom-client.development.js:20472:24)
    at performWorkUntilDeadline (webpack-internal:///(app-pages-browser)/./node_modules/next/dist/compiled/scheduler/cjs/scheduler.development.js:45:56)
    at EventHandlerNonNull* (webpack-internal:///(app-pages-browser)/./node_modules/next/dist/compiled/scheduler/cjs/scheduler.development.js:223:7)
    at  (webpack-internal:///(app-pages-browser)/./node_modules/next/dist/compiled/scheduler/cjs/scheduler.development.js:364:5)
    at (app-pages-browser)/./node_modules/next/dist/compiled/scheduler/cjs/scheduler.development.js (http://localhost:3000/_next/static/chunks/main-app.js?v=1785511364348:1324:1)
    at options.factory (http://localhost:3000/_next/static/chunks/webpack.js?v=1785511364348:708:31)
    at __webpack_require__ (http://localhost:3000/_next/static/chunks/webpack.js?v=1785511364348:29:33)
    at fn (http://localhost:3000/_next/static/chunks/webpack.js?v=1785511364348:361:21)
    at  (webpack-internal:///(app-pages-browser)/./node_modules/next/dist/compiled/scheduler/index.js:4:20)
    at (app-pages-browser)/./node_modules/next/dist/compiled/scheduler/index.js (http://localhost:3000/_next/static/chunks/main-app.js?v=1785511364348:1335:1)
    at options.factory (http://localhost:3000/_next/static/chunks/webpack.js?v=1785511364348:708:31)
    at __webpack_require__ (http://localhost:3000/_next/static/chunks/webpack.js?v=1785511364348:29:33)
    at fn (http://localhost:3000/_next/static/chunks/webpack.js?v=1785511364348:361:21)
    at  (webpack-internal:///(app-pages-browser)/./node_modules/next/dist/compiled/react-dom/cjs/react-dom-client.development.js:26424:40)
    at  (webpack-internal:///(app-pages-browser)/./node_modules/next/dist/compiled/react-dom/cjs/react-dom-client.development.js:30808:5)
    at (app-pages-browser)/./node_modules/next/dist/compiled/react-dom/cjs/react-dom-client.development.js (http://localhost:3000/_next/static/chunks/main-app.js?v=1785511364348:1182:1)
    at options.factory (http://localhost:3000/_next/static/chunks/webpack.js?v=1785511364348:708:31)
    at __webpack_require__ (http://localhost:3000/_next/static/chunks/webpack.js?v=1785511364348:29:33)
    at fn (http://localhost:3000/_next/static/chunks/webpack.js?v=1785511364348:361:21)
    at  (webpack-internal:///(app-pages-browser)/./node_modules/next/dist/compiled/react-dom/client.js:32:20)
    at (app-pages-browser)/./node_modules/next/dist/compiled/react-dom/client.js (http://localhost:3000/_next/static/chunks/main-app.js?v=1785511364348:1204:1)
    at options.factory (http://localhost:3000/_next/static/chunks/webpack.js?v=1785511364348:708:31)
    at __webpack_require__ (http://localhost:3000/_next/static/chunks/webpack.js?v=1785511364348:29:33)
    at fn (http://localhost:3000/_next/static/chunks/webpack.js?v=1785511364348:361:21)
    at  (webpack-internal:///(app-pages-browser)/./node_modules/next/dist/client/app-index.js:14:58)
    at (app-pages-browser)/./node_modules/next/dist/client/app-index.js (http://localhost:3000/_next/static/chunks/main-app.js?v=1785511364348:116:1)
    at options.factory (http://localhost:3000/_next/static/chunks/webpack.js?v=1785511364348:708:31)
    at __webpack_require__ (http://localhost:3000/_next/static/chunks/webpack.js?v=1785511364348:29:33)
    at fn (http://localhost:3000/_next/static/chunks/webpack.js?v=1785511364348:361:21)
    at  (webpack-internal:///(app-pages-browser)/./node_modules/next/dist/client/app-next-dev.js:15:44)
    at appBootstrap/< (webpack-internal:///(app-pages-browser)/./node_modules/next/dist/client/app-bootstrap.js:60:16)
    at loadScriptsInSequence (webpack-internal:///(app-pages-browser)/./node_modules/next/dist/client/app-bootstrap.js:25:16)
    at appBootstrap (webpack-internal:///(app-pages-browser)/./node_modules/next/dist/client/app-bootstrap.js:54:26)
    at  (webpack-internal:///(app-pages-browser)/./node_modules/next/dist/client/app-next-dev.js:13:32)
    at (app-pages-browser)/./node_modules/next/dist/client/app-next-dev.js (http://localhost:3000/_next/static/chunks/main-app.js?v=1785511364348:138:1)
    at options.factory (http://localhost:3000/_next/static/chunks/webpack.js?v=1785511364348:708:31)
    at __webpack_require__ (http://localhost:3000/_next/static/chunks/webpack.js?v=1785511364348:29:33)
    at __webpack_exec__ (http://localhost:3000/_next/static/chunks/main-app.js?v=1785511364348:1956:67)
    at  (http://localhost:3000/_next/static/chunks/main-app.js?v=1785511364348:1957:154)
    at webpackJsonpCallback (http://localhost:3000/_next/static/chunks/webpack.js?v=1785511364348:1395:46)
    at  (http://localhost:3000/_next/static/chunks/main-app.js?v=1785511364348:9:61)
[   88436ms] [TIMESTAMP] Waiting for Paint @ webpack-internal:///(app-pages-browser)/./node_modules/next/dist/compiled/react-dom/cjs/react-dom-client.development.js:19929
[   88439ms] [TIMESTAMP] Root @ webpack-internal:///(app-pages-browser)/./node_modules/next/dist/compiled/react-dom/cjs/react-dom-client.development.js:4426
[   88440ms] [TIMESTAMP] ServerRoot @ webpack-internal:///(app-pages-browser)/./node_modules/next/dist/compiled/react-dom/cjs/react-dom-client.development.js:4426
[   88442ms] [TIMESTAMP] AppRouter @ webpack-internal:///(app-pages-browser)/./node_modules/next/dist/compiled/react-dom/cjs/react-dom-client.development.js:4426
[   88444ms] [TIMESTAMP] RootErrorBoundary @ webpack-internal:///(app-pages-browser)/./node_modules/next/dist/compiled/react-dom/cjs/react-dom-client.development.js:4426
[   88445ms] [TIMESTAMP] ErrorBoundary @ webpack-internal:///(app-pages-browser)/./node_modules/next/dist/compiled/react-dom/cjs/react-dom-client.development.js:4426
[   88448ms] [TIMESTAMP] ErrorBoundaryHandler @ webpack-internal:///(app-pages-browser)/./node_modules/next/dist/compiled/react-dom/cjs/react-dom-client.development.js:4426
[   88450ms] [TIMESTAMP] Router @ webpack-internal:///(app-pages-browser)/./node_modules/next/dist/compiled/react-dom/cjs/react-dom-client.development.js:4426
[   88451ms] [TIMESTAMP] HistoryUpdater @ webpack-internal:///(app-pages-browser)/./node_modules/next/dist/compiled/react-dom/cjs/react-dom-client.development.js:4426
[   88452ms] [TIMESTAMP] RuntimeStylesForWebpack @ webpack-internal:///(app-pages-browser)/./node_modules/next/dist/compiled/react-dom/cjs/react-dom-client.development.js:4426
[   88454ms] [TIMESTAMP] HotReload @ webpack-internal:///(app-pages-browser)/./node_modules/next/dist/compiled/react-dom/cjs/react-dom-client.development.js:4426
[   88456ms] [TIMESTAMP] ErroredHtml @ webpack-internal:///(app-pages-browser)/./node_modules/next/dist/compiled/react-dom/cjs/react-dom-client.development.js:4426
[   88456ms] [TIMESTAMP] ErrorBoundary @ webpack-internal:///(app-pages-browser)/./node_modules/next/dist/compiled/react-dom/cjs/react-dom-client.development.js:4426
[   88457ms] [TIMESTAMP] ErrorBoundaryHandler @ webpack-internal:///(app-pages-browser)/./node_modules/next/dist/compiled/react-dom/cjs/react-dom-client.development.js:4426
[   88457ms] [TIMESTAMP] SegmentViewNode @ webpack-internal:///(app-pages-browser)/./node_modules/next/dist/compiled/react-dom/cjs/react-dom-client.development.js:4426
[   88457ms] [TIMESTAMP] DefaultGlobalError @ webpack-internal:///(app-pages-browser)/./node_modules/next/dist/compiled/react-dom/cjs/react-dom-client.development.js:4426
[   88458ms] [TIMESTAMP] WarningIcon @ webpack-internal:///(app-pages-browser)/./node_modules/next/dist/compiled/react-dom/cjs/react-dom-client.development.js:4426
[   88463ms] [TIMESTAMP] HotReload @ webpack-internal:///(app-pages-browser)/./node_modules/next/dist/compiled/react-dom/cjs/react-dom-client.development.js:4554
[   88467ms] [TIMESTAMP] Router @ webpack-internal:///(app-pages-browser)/./node_modules/next/dist/compiled/react-dom/cjs/react-dom-client.development.js:4554
[   88473ms] [TIMESTAMP] HotReload @ webpack-internal:///(app-pages-browser)/./node_modules/next/dist/compiled/react-dom/cjs/react-dom-client.development.js:4554
[   88474ms] [TIMESTAMP] Remaining Effects @ webpack-internal:///(app-pages-browser)/./node_modules/next/dist/compiled/react-dom/cjs/react-dom-client.development.js:19980
[   88508ms] [TIMESTAMP] Blocking Track @ webpack-internal:///(app-pages-browser)/./node_modules/next/dist/compiled/react-dom/cjs/react-dom-client.development.js:18271
[   88509ms] [TIMESTAMP] Transition Track @ webpack-internal:///(app-pages-browser)/./node_modules/next/dist/compiled/react-dom/cjs/react-dom-client.development.js:18279
[   88509ms] [TIMESTAMP] Suspense Track @ webpack-internal:///(app-pages-browser)/./node_modules/next/dist/compiled/react-dom/cjs/react-dom-client.development.js:18287
[   88510ms] [TIMESTAMP] Idle Track @ webpack-internal:///(app-pages-browser)/./node_modules/next/dist/compiled/react-dom/cjs/react-dom-client.development.js:18295
[   88514ms] [TIMESTAMP] Render @ webpack-internal:///(app-pages-browser)/./node_modules/next/dist/compiled/react-dom/cjs/react-dom-client.development.js:19292
[  104975ms] [INFO] Download the React DevTools for a better development experience: https://react.dev/link/react-devtools @ webpack-internal:///(app-pages-browser)/./node_modules/next/dist/next-devtools/shared/forward-logs-shared.js:27
[  105444ms] [TIMESTAMP] Server Requests Track @ webpack-internal:///(app-pages-browser)/./node_modules/next/dist/compiled/react-server-dom-webpack/cjs/react-server-dom-webpack-client.browser.development.js:1241
[  105445ms] [TIMESTAMP] Server Components Track @ webpack-internal:///(app-pages-browser)/./node_modules/next/dist/compiled/react-server-dom-webpack/cjs/react-server-dom-webpack-client.browser.development.js:1249
[  105850ms] [LOG] [HMR] connected @ webpack-internal:///(app-pages-browser)/./node_modules/next/dist/next-devtools/shared/forward-logs-shared.js:27
[  106083ms] [TIMESTAMP] Blocking Track @ webpack-internal:///(app-pages-browser)/./node_modules/next/dist/compiled/react-dom/cjs/react-dom-client.development.js:18271
[  106092ms] [TIMESTAMP] Transition Track @ webpack-internal:///(app-pages-browser)/./node_modules/next/dist/compiled/react-dom/cjs/react-dom-client.development.js:18279
[  106096ms] [TIMESTAMP] Suspense Track @ webpack-internal:///(app-pages-browser)/./node_modules/next/dist/compiled/react-dom/cjs/react-dom-client.development.js:18287
[  106123ms] [TIMESTAMP] Idle Track @ webpack-internal:///(app-pages-browser)/./node_modules/next/dist/compiled/react-dom/cjs/react-dom-client.development.js:18295
[  106146ms] [TIMESTAMP] Server Requests Track @ webpack-internal:///(app-pages-browser)/./node_modules/next/dist/compiled/react-server-dom-webpack/cjs/react-server-dom-webpack-client.browser.development.js:1241
[  106162ms] [TIMESTAMP] Server Components Track @ webpack-internal:///(app-pages-browser)/./node_modules/next/dist/compiled/react-server-dom-webpack/cjs/react-server-dom-webpack-client.browser.development.js:1249
[  106169ms] [TIMESTAMP] ​Preloads @ webpack-internal:///(app-pages-browser)/./node_modules/next/dist/compiled/react-server-dom-webpack/cjs/react-server-dom-webpack-client.browser.development.js:3943
[  106169ms] [TIMESTAMP] ​Loading @ webpack-internal:///(app-pages-browser)/./node_modules/next/dist/compiled/react-server-dom-webpack/cjs/react-server-dom-webpack-client.browser.development.js:3943
[  106169ms] [TIMESTAMP] ​HTTPAccessErrorFallback @ webpack-internal:///(app-pages-browser)/./node_modules/next/dist/compiled/react-server-dom-webpack/cjs/react-server-dom-webpack-client.browser.development.js:3943
[  106182ms] [TIMESTAMP] ​NotFound @ webpack-internal:///(app-pages-browser)/./node_modules/next/dist/compiled/react-server-dom-webpack/cjs/react-server-dom-webpack-client.browser.development.js:3943
[  106185ms] [TIMESTAMP] ​RootLayout @ webpack-internal:///(app-pages-browser)/./node_modules/next/dist/compiled/react-server-dom-webpack/cjs/react-server-dom-webpack-client.browser.development.js:3943
[  106185ms] [TIMESTAMP] ​HTTPAccessErrorFallback @ webpack-internal:///(app-pages-browser)/./node_modules/next/dist/compiled/react-server-dom-webpack/cjs/react-server-dom-webpack-client.browser.development.js:3943
[  106186ms] [TIMESTAMP] ​NotFound @ webpack-internal:///(app-pages-browser)/./node_modules/next/dist/compiled/react-server-dom-webpack/cjs/react-server-dom-webpack-client.browser.development.js:3943
[  106186ms] [TIMESTAMP] ​Next.MetadataOutlet @ webpack-internal:///(app-pages-browser)/./node_modules/next/dist/compiled/react-server-dom-webpack/cjs/react-server-dom-webpack-client.browser.development.js:3943
[  106195ms] [TIMESTAMP] ​NonIndex @ webpack-internal:///(app-pages-browser)/./node_modules/next/dist/compiled/react-server-dom-webpack/cjs/react-server-dom-webpack-client.browser.development.js:3943
[  106207ms] [TIMESTAMP] ​Next.Viewport @ webpack-internal:///(app-pages-browser)/./node_modules/next/dist/compiled/react-server-dom-webpack/cjs/react-server-dom-webpack-client.browser.development.js:3943
[  106208ms] [TIMESTAMP] ​ViewportWrapper @ webpack-internal:///(app-pages-browser)/./node_modules/next/dist/compiled/react-server-dom-webpack/cjs/react-server-dom-webpack-client.browser.development.js:3943
[  106208ms] [TIMESTAMP] ​Next.Metadata @ webpack-internal:///(app-pages-browser)/./node_modules/next/dist/compiled/react-server-dom-webpack/cjs/react-server-dom-webpack-client.browser.development.js:3943
[  106215ms] [TIMESTAMP] ​MetadataWrapper @ webpack-internal:///(app-pages-browser)/./node_modules/next/dist/compiled/react-server-dom-webpack/cjs/react-server-dom-webpack-client.browser.development.js:3943
[  106216ms] [TIMESTAMP] Blocked @ webpack-internal:///(app-pages-browser)/./node_modules/next/dist/compiled/react-dom/cjs/react-dom-client.development.js:17801
[  106240ms] [TIMESTAMP] Blocked @ webpack-internal:///(app-pages-browser)/./node_modules/next/dist/compiled/react-dom/cjs/react-dom-client.development.js:17801
[  106255ms] [TIMESTAMP] Blocked @ webpack-internal:///(app-pages-browser)/./node_modules/next/dist/compiled/react-dom/cjs/react-dom-client.development.js:17801
[  106293ms] [TIMESTAMP] Blocked @ webpack-internal:///(app-pages-browser)/./node_modules/next/dist/compiled/react-dom/cjs/react-dom-client.development.js:17801
[  106376ms] [TIMESTAMP] Blocked @ webpack-internal:///(app-pages-browser)/./node_modules/next/dist/compiled/react-dom/cjs/react-dom-client.development.js:17801
[  106472ms] [TIMESTAMP] Blocked @ webpack-internal:///(app-pages-browser)/./node_modules/next/dist/compiled/react-dom/cjs/react-dom-client.development.js:17801
[  106481ms] [TIMESTAMP] Blocked @ webpack-internal:///(app-pages-browser)/./node_modules/next/dist/compiled/react-dom/cjs/react-dom-client.development.js:17801
[  106553ms] [TIMESTAMP] Blocked @ webpack-internal:///(app-pages-browser)/./node_modules/next/dist/compiled/react-dom/cjs/react-dom-client.development.js:17801
[  106643ms] [TIMESTAMP] Blocked @ webpack-internal:///(app-pages-browser)/./node_modules/next/dist/compiled/react-dom/cjs/react-dom-client.development.js:17801
[  106644ms] [TIMESTAMP] Errored @ webpack-internal:///(app-pages-browser)/./node_modules/next/dist/compiled/react-dom/cjs/react-dom-client.development.js:4630
[  106645ms] [TIMESTAMP] Blocking Track @ webpack-internal:///(app-pages-browser)/./node_modules/next/dist/compiled/react-dom/cjs/react-dom-client.development.js:18271
[  106646ms] [TIMESTAMP] Transition Track @ webpack-internal:///(app-pages-browser)/./node_modules/next/dist/compiled/react-dom/cjs/react-dom-client.development.js:18279
[  106665ms] [TIMESTAMP] Suspense Track @ webpack-internal:///(app-pages-browser)/./node_modules/next/dist/compiled/react-dom/cjs/react-dom-client.development.js:18287
[  106665ms] [TIMESTAMP] Idle Track @ webpack-internal:///(app-pages-browser)/./node_modules/next/dist/compiled/react-dom/cjs/react-dom-client.development.js:18295
[  106714ms] [ERROR] Encountered a script tag while rendering React component. Scripts inside React components are never executed when rendering on the client. Consider using template tag instead (https://developer.mozilla.org/en-US/docs/Web/HTML/Element/template). @ webpack-internal:///(app-pages-browser)/./node_modules/next/dist/next-devtools/userspace/app/errors/intercept-console-error.js:57
[  106756ms] [TIMESTAMP] Errored @ webpack-internal:///(app-pages-browser)/./node_modules/next/dist/compiled/react-dom/cjs/react-dom-client.development.js:4630
[  106843ms] [TIMESTAMP] SegmentTrieNode @ webpack-internal:///(app-pages-browser)/./node_modules/next/dist/compiled/react-dom/cjs/react-dom-client.development.js:4554
[  106845ms] [TIMESTAMP] Commit @ webpack-internal:///(app-pages-browser)/./node_modules/next/dist/compiled/react-dom/cjs/react-dom-client.development.js:4724
[  106907ms] Error: Element type is invalid. Received a promise that resolves to: undefined. Lazy element type must resolve to a class or function.
    at beginWork (webpack-internal:///(app-pages-browser)/./node_modules/next/dist/compiled/react-dom/cjs/react-dom-client.development.js:12104:19)
    at runWithFiberInDEV (webpack-internal:///(app-pages-browser)/./node_modules/next/dist/compiled/react-dom/cjs/react-dom-client.development.js:990:13)
    at performUnitOfWork (webpack-internal:///(app-pages-browser)/./node_modules/next/dist/compiled/react-dom/cjs/react-dom-client.development.js:18989:22)
    at workLoopSync (webpack-internal:///(app-pages-browser)/./node_modules/next/dist/compiled/react-dom/cjs/react-dom-client.development.js:18817:58)
    at renderRootSync (webpack-internal:///(app-pages-browser)/./node_modules/next/dist/compiled/react-dom/cjs/react-dom-client.development.js:18798:11)
    at performWorkOnRoot (webpack-internal:///(app-pages-browser)/./node_modules/next/dist/compiled/react-dom/cjs/react-dom-client.development.js:17903:35)
    at performWorkOnRootViaSchedulerTask (webpack-internal:///(app-pages-browser)/./node_modules/next/dist/compiled/react-dom/cjs/react-dom-client.development.js:20472:24)
    at performWorkUntilDeadline (webpack-internal:///(app-pages-browser)/./node_modules/next/dist/compiled/scheduler/cjs/scheduler.development.js:45:56)
    at EventHandlerNonNull* (webpack-internal:///(app-pages-browser)/./node_modules/next/dist/compiled/scheduler/cjs/scheduler.development.js:223:7)
    at  (webpack-internal:///(app-pages-browser)/./node_modules/next/dist/compiled/scheduler/cjs/scheduler.development.js:364:5)
    at (app-pages-browser)/./node_modules/next/dist/compiled/scheduler/cjs/scheduler.development.js (http://localhost:3000/_next/static/chunks/main-app.js?v=1785511373229:1324:1)
    at options.factory (http://localhost:3000/_next/static/chunks/webpack.js?v=1785511373229:708:31)
    at __webpack_require__ (http://localhost:3000/_next/static/chunks/webpack.js?v=1785511373229:29:33)
    at fn (http://localhost:3000/_next/static/chunks/webpack.js?v=1785511373229:361:21)
    at  (webpack-internal:///(app-pages-browser)/./node_modules/next/dist/compiled/scheduler/index.js:4:20)
    at (app-pages-browser)/./node_modules/next/dist/compiled/scheduler/index.js (http://localhost:3000/_next/static/chunks/main-app.js?v=1785511373229:1335:1)
    at options.factory (http://localhost:3000/_next/static/chunks/webpack.js?v=1785511373229:708:31)
    at __webpack_require__ (http://localhost:3000/_next/static/chunks/webpack.js?v=1785511373229:29:33)
    at fn (http://localhost:3000/_next/static/chunks/webpack.js?v=1785511373229:361:21)
    at  (webpack-internal:///(app-pages-browser)/./node_modules/next/dist/compiled/react-dom/cjs/react-dom-client.development.js:26424:40)
    at  (webpack-internal:///(app-pages-browser)/./node_modules/next/dist/compiled/react-dom/cjs/react-dom-client.development.js:30808:5)
    at (app-pages-browser)/./node_modules/next/dist/compiled/react-dom/cjs/react-dom-client.development.js (http://localhost:3000/_next/static/chunks/main-app.js?v=1785511373229:1182:1)
    at options.factory (http://localhost:3000/_next/static/chunks/webpack.js?v=1785511373229:708:31)
    at __webpack_require__ (http://localhost:3000/_next/static/chunks/webpack.js?v=1785511373229:29:33)
    at fn (http://localhost:3000/_next/static/chunks/webpack.js?v=1785511373229:361:21)
    at  (webpack-internal:///(app-pages-browser)/./node_modules/next/dist/compiled/react-dom/client.js:32:20)
    at (app-pages-browser)/./node_modules/next/dist/compiled/react-dom/client.js (http://localhost:3000/_next/static/chunks/main-app.js?v=1785511373229:1204:1)
    at options.factory (http://localhost:3000/_next/static/chunks/webpack.js?v=1785511373229:708:31)
    at __webpack_require__ (http://localhost:3000/_next/static/chunks/webpack.js?v=1785511373229:29:33)
    at fn (http://localhost:3000/_next/static/chunks/webpack.js?v=1785511373229:361:21)
    at  (webpack-internal:///(app-pages-browser)/./node_modules/next/dist/client/app-index.js:14:58)
    at (app-pages-browser)/./node_modules/next/dist/client/app-index.js (http://localhost:3000/_next/static/chunks/main-app.js?v=1785511373229:116:1)
    at options.factory (http://localhost:3000/_next/static/chunks/webpack.js?v=1785511373229:708:31)
    at __webpack_require__ (http://localhost:3000/_next/static/chunks/webpack.js?v=1785511373229:29:33)
    at fn (http://localhost:3000/_next/static/chunks/webpack.js?v=1785511373229:361:21)
    at  (webpack-internal:///(app-pages-browser)/./node_modules/next/dist/client/app-next-dev.js:15:44)
    at appBootstrap/< (webpack-internal:///(app-pages-browser)/./node_modules/next/dist/client/app-bootstrap.js:60:16)
    at loadScriptsInSequence (webpack-internal:///(app-pages-browser)/./node_modules/next/dist/client/app-bootstrap.js:25:16)
    at appBootstrap (webpack-internal:///(app-pages-browser)/./node_modules/next/dist/client/app-bootstrap.js:54:26)
    at  (webpack-internal:///(app-pages-browser)/./node_modules/next/dist/client/app-next-dev.js:13:32)
    at (app-pages-browser)/./node_modules/next/dist/client/app-next-dev.js (http://localhost:3000/_next/static/chunks/main-app.js?v=1785511373229:138:1)
    at options.factory (http://localhost:3000/_next/static/chunks/webpack.js?v=1785511373229:708:31)
    at __webpack_require__ (http://localhost:3000/_next/static/chunks/webpack.js?v=1785511373229:29:33)
    at __webpack_exec__ (http://localhost:3000/_next/static/chunks/main-app.js?v=1785511373229:1956:67)
    at  (http://localhost:3000/_next/static/chunks/main-app.js?v=1785511373229:1957:154)
    at webpackJsonpCallback (http://localhost:3000/_next/static/chunks/webpack.js?v=1785511373229:1395:46)
    at  (http://localhost:3000/_next/static/chunks/main-app.js?v=1785511373229:9:61)
[  106915ms] [TIMESTAMP] Waiting for Paint @ webpack-internal:///(app-pages-browser)/./node_modules/next/dist/compiled/react-dom/cjs/react-dom-client.development.js:19929
[  106922ms] [TIMESTAMP] Root @ webpack-internal:///(app-pages-browser)/./node_modules/next/dist/compiled/react-dom/cjs/react-dom-client.development.js:4426
[  106932ms] [TIMESTAMP] ServerRoot @ webpack-internal:///(app-pages-browser)/./node_modules/next/dist/compiled/react-dom/cjs/react-dom-client.development.js:4426
[  106941ms] [TIMESTAMP] AppRouter @ webpack-internal:///(app-pages-browser)/./node_modules/next/dist/compiled/react-dom/cjs/react-dom-client.development.js:4426
[  106942ms] [TIMESTAMP] RootErrorBoundary @ webpack-internal:///(app-pages-browser)/./node_modules/next/dist/compiled/react-dom/cjs/react-dom-client.development.js:4426
[  106943ms] [TIMESTAMP] ErrorBoundary @ webpack-internal:///(app-pages-browser)/./node_modules/next/dist/compiled/react-dom/cjs/react-dom-client.development.js:4426
[  106943ms] [TIMESTAMP] ErrorBoundaryHandler @ webpack-internal:///(app-pages-browser)/./node_modules/next/dist/compiled/react-dom/cjs/react-dom-client.development.js:4426
[  106949ms] [TIMESTAMP] Router @ webpack-internal:///(app-pages-browser)/./node_modules/next/dist/compiled/react-dom/cjs/react-dom-client.development.js:4426
[  106950ms] [TIMESTAMP] HistoryUpdater @ webpack-internal:///(app-pages-browser)/./node_modules/next/dist/compiled/react-dom/cjs/react-dom-client.development.js:4426
[  106950ms] [TIMESTAMP] HistoryUpdater @ webpack-internal:///(app-pages-browser)/./node_modules/next/dist/compiled/react-dom/cjs/react-dom-client.development.js:4554
[  106950ms] [TIMESTAMP] RuntimeStylesForWebpack @ webpack-internal:///(app-pages-browser)/./node_modules/next/dist/compiled/react-dom/cjs/react-dom-client.development.js:4426
[  106950ms] [TIMESTAMP] HotReload @ webpack-internal:///(app-pages-browser)/./node_modules/next/dist/compiled/react-dom/cjs/react-dom-client.development.js:4426
[  106951ms] [TIMESTAMP] ErroredHtml @ webpack-internal:///(app-pages-browser)/./node_modules/next/dist/compiled/react-dom/cjs/react-dom-client.development.js:4426
[  106951ms] [TIMESTAMP] ErrorBoundary @ webpack-internal:///(app-pages-browser)/./node_modules/next/dist/compiled/react-dom/cjs/react-dom-client.development.js:4426
[  106951ms] [TIMESTAMP] ErrorBoundaryHandler @ webpack-internal:///(app-pages-browser)/./node_modules/next/dist/compiled/react-dom/cjs/react-dom-client.development.js:4426
[  106951ms] [TIMESTAMP] SegmentViewNode @ webpack-internal:///(app-pages-browser)/./node_modules/next/dist/compiled/react-dom/cjs/react-dom-client.development.js:4426
[  106952ms] [TIMESTAMP] SegmentTrieNode @ webpack-internal:///(app-pages-browser)/./node_modules/next/dist/compiled/react-dom/cjs/react-dom-client.development.js:4426
[  106952ms] [TIMESTAMP] DefaultGlobalError @ webpack-internal:///(app-pages-browser)/./node_modules/next/dist/compiled/react-dom/cjs/react-dom-client.development.js:4426
[  106952ms] [TIMESTAMP] WarningIcon @ webpack-internal:///(app-pages-browser)/./node_modules/next/dist/compiled/react-dom/cjs/react-dom-client.development.js:4426
[  106953ms] [TIMESTAMP] HotReload @ webpack-internal:///(app-pages-browser)/./node_modules/next/dist/compiled/react-dom/cjs/react-dom-client.development.js:4554
[  106953ms] [TIMESTAMP] Router @ webpack-internal:///(app-pages-browser)/./node_modules/next/dist/compiled/react-dom/cjs/react-dom-client.development.js:4554
[  106955ms] [TIMESTAMP] Root @ webpack-internal:///(app-pages-browser)/./node_modules/next/dist/compiled/react-dom/cjs/react-dom-client.development.js:4554
[  106960ms] [TIMESTAMP] Router @ webpack-internal:///(app-pages-browser)/./node_modules/next/dist/compiled/react-dom/cjs/react-dom-client.development.js:4554
[  106961ms] [TIMESTAMP] Remaining Effects @ webpack-internal:///(app-pages-browser)/./node_modules/next/dist/compiled/react-dom/cjs/react-dom-client.development.js:19980
[  106987ms] [TIMESTAMP] Blocking Track @ webpack-internal:///(app-pages-browser)/./node_modules/next/dist/compiled/react-dom/cjs/react-dom-client.development.js:18271
[  106988ms] [TIMESTAMP] Transition Track @ webpack-internal:///(app-pages-browser)/./node_modules/next/dist/compiled/react-dom/cjs/react-dom-client.development.js:18279
[  106988ms] [TIMESTAMP] Suspense Track @ webpack-internal:///(app-pages-browser)/./node_modules/next/dist/compiled/react-dom/cjs/react-dom-client.development.js:18287
[  106988ms] [TIMESTAMP] Idle Track @ webpack-internal:///(app-pages-browser)/./node_modules/next/dist/compiled/react-dom/cjs/react-dom-client.development.js:18295
[  106989ms] [TIMESTAMP] Render @ webpack-internal:///(app-pages-browser)/./node_modules/next/dist/compiled/react-dom/cjs/react-dom-client.development.js:19292
[  106991ms] [TIMESTAMP] Commit @ webpack-internal:///(app-pages-browser)/./node_modules/next/dist/compiled/react-dom/cjs/react-dom-client.development.js:4724
[  107000ms] [TIMESTAMP] Waiting for Paint @ webpack-internal:///(app-pages-browser)/./node_modules/next/dist/compiled/react-dom/cjs/react-dom-client.development.js:19929
[  107001ms] [TIMESTAMP] Remaining Effects @ webpack-internal:///(app-pages-browser)/./node_modules/next/dist/compiled/react-dom/cjs/react-dom-client.development.js:19980
[  123768ms] [INFO] Download the React DevTools for a better development experience: https://react.dev/link/react-devtools @ webpack-internal:///(app-pages-browser)/./node_modules/next/dist/next-devtools/shared/forward-logs-shared.js:27
[  124439ms] [TIMESTAMP] Server Requests Track @ webpack-internal:///(app-pages-browser)/./node_modules/next/dist/compiled/react-server-dom-webpack/cjs/react-server-dom-webpack-client.browser.development.js:1241
[  124456ms] [TIMESTAMP] Server Components Track @ webpack-internal:///(app-pages-browser)/./node_modules/next/dist/compiled/react-server-dom-webpack/cjs/react-server-dom-webpack-client.browser.development.js:1249
[  125052ms] [LOG] [HMR] connected @ webpack-internal:///(app-pages-browser)/./node_modules/next/dist/next-devtools/shared/forward-logs-shared.js:27
[  125375ms] [TIMESTAMP] Server Requests Track @ webpack-internal:///(app-pages-browser)/./node_modules/next/dist/compiled/react-server-dom-webpack/cjs/react-server-dom-webpack-client.browser.development.js:1241
[  125377ms] [TIMESTAMP] Server Components Track @ webpack-internal:///(app-pages-browser)/./node_modules/next/dist/compiled/react-server-dom-webpack/cjs/react-server-dom-webpack-client.browser.development.js:1249
[  125383ms] [TIMESTAMP] ​Preloads @ webpack-internal:///(app-pages-browser)/./node_modules/next/dist/compiled/react-server-dom-webpack/cjs/react-server-dom-webpack-client.browser.development.js:3943
[  125396ms] [TIMESTAMP] ​Loading @ webpack-internal:///(app-pages-browser)/./node_modules/next/dist/compiled/react-server-dom-webpack/cjs/react-server-dom-webpack-client.browser.development.js:3943
[  125397ms] [TIMESTAMP] ​HTTPAccessErrorFallback @ webpack-internal:///(app-pages-browser)/./node_modules/next/dist/compiled/react-server-dom-webpack/cjs/react-server-dom-webpack-client.browser.development.js:3943
[  125398ms] [TIMESTAMP] ​NotFound @ webpack-internal:///(app-pages-browser)/./node_modules/next/dist/compiled/react-server-dom-webpack/cjs/react-server-dom-webpack-client.browser.development.js:3943
[  125406ms] [TIMESTAMP] ​RootLayout @ webpack-internal:///(app-pages-browser)/./node_modules/next/dist/compiled/react-server-dom-webpack/cjs/react-server-dom-webpack-client.browser.development.js:3943
[  125418ms] [TIMESTAMP] ​HTTPAccessErrorFallback @ webpack-internal:///(app-pages-browser)/./node_modules/next/dist/compiled/react-server-dom-webpack/cjs/react-server-dom-webpack-client.browser.development.js:3943
[  125418ms] [TIMESTAMP] ​NotFound @ webpack-internal:///(app-pages-browser)/./node_modules/next/dist/compiled/react-server-dom-webpack/cjs/react-server-dom-webpack-client.browser.development.js:3943
[  125449ms] [TIMESTAMP] ​Next.MetadataOutlet @ webpack-internal:///(app-pages-browser)/./node_modules/next/dist/compiled/react-server-dom-webpack/cjs/react-server-dom-webpack-client.browser.development.js:3943
[  125450ms] [TIMESTAMP] ​NonIndex @ webpack-internal:///(app-pages-browser)/./node_modules/next/dist/compiled/react-server-dom-webpack/cjs/react-server-dom-webpack-client.browser.development.js:3943
[  125450ms] [TIMESTAMP] ​Next.Viewport @ webpack-internal:///(app-pages-browser)/./node_modules/next/dist/compiled/react-server-dom-webpack/cjs/react-server-dom-webpack-client.browser.development.js:3943
[  125450ms] [TIMESTAMP] ​ViewportWrapper @ webpack-internal:///(app-pages-browser)/./node_modules/next/dist/compiled/react-server-dom-webpack/cjs/react-server-dom-webpack-client.browser.development.js:3943
[  125453ms] [TIMESTAMP] ​Next.Metadata @ webpack-internal:///(app-pages-browser)/./node_modules/next/dist/compiled/react-server-dom-webpack/cjs/react-server-dom-webpack-client.browser.development.js:3943
[  125459ms] [TIMESTAMP] ​MetadataWrapper @ webpack-internal:///(app-pages-browser)/./node_modules/next/dist/compiled/react-server-dom-webpack/cjs/react-server-dom-webpack-client.browser.development.js:3943
[  125485ms] [TIMESTAMP] Blocking Track @ webpack-internal:///(app-pages-browser)/./node_modules/next/dist/compiled/react-dom/cjs/react-dom-client.development.js:18271
[  125485ms] [TIMESTAMP] Transition Track @ webpack-internal:///(app-pages-browser)/./node_modules/next/dist/compiled/react-dom/cjs/react-dom-client.development.js:18279
[  125485ms] [TIMESTAMP] Suspense Track @ webpack-internal:///(app-pages-browser)/./node_modules/next/dist/compiled/react-dom/cjs/react-dom-client.development.js:18287
[  125489ms] [TIMESTAMP] Idle Track @ webpack-internal:///(app-pages-browser)/./node_modules/next/dist/compiled/react-dom/cjs/react-dom-client.development.js:18295
[  125512ms] [TIMESTAMP] Blocked @ webpack-internal:///(app-pages-browser)/./node_modules/next/dist/compiled/react-dom/cjs/react-dom-client.development.js:17801
[  125579ms] [TIMESTAMP] Blocked @ webpack-internal:///(app-pages-browser)/./node_modules/next/dist/compiled/react-dom/cjs/react-dom-client.development.js:17801
[  125612ms] [TIMESTAMP] Blocked @ webpack-internal:///(app-pages-browser)/./node_modules/next/dist/compiled/react-dom/cjs/react-dom-client.development.js:17801
[  125629ms] [TIMESTAMP] Blocked @ webpack-internal:///(app-pages-browser)/./node_modules/next/dist/compiled/react-dom/cjs/react-dom-client.development.js:17801
[  125668ms] [TIMESTAMP] Blocked @ webpack-internal:///(app-pages-browser)/./node_modules/next/dist/compiled/react-dom/cjs/react-dom-client.development.js:17801
[  125752ms] [TIMESTAMP] Blocked @ webpack-internal:///(app-pages-browser)/./node_modules/next/dist/compiled/react-dom/cjs/react-dom-client.development.js:17801
[  125875ms] [TIMESTAMP] Blocked @ webpack-internal:///(app-pages-browser)/./node_modules/next/dist/compiled/react-dom/cjs/react-dom-client.development.js:17801
[  125901ms] [TIMESTAMP] Blocked @ webpack-internal:///(app-pages-browser)/./node_modules/next/dist/compiled/react-dom/cjs/react-dom-client.development.js:17801
[  125923ms] [TIMESTAMP] Blocked @ webpack-internal:///(app-pages-browser)/./node_modules/next/dist/compiled/react-dom/cjs/react-dom-client.development.js:17801
[  125983ms] [TIMESTAMP] Blocked @ webpack-internal:///(app-pages-browser)/./node_modules/next/dist/compiled/react-dom/cjs/react-dom-client.development.js:17801
[  126007ms] [TIMESTAMP] Blocked @ webpack-internal:///(app-pages-browser)/./node_modules/next/dist/compiled/react-dom/cjs/react-dom-client.development.js:17801
[  126063ms] [TIMESTAMP] Blocked @ webpack-internal:///(app-pages-browser)/./node_modules/next/dist/compiled/react-dom/cjs/react-dom-client.development.js:17801
[  126095ms] [TIMESTAMP] Blocked @ webpack-internal:///(app-pages-browser)/./node_modules/next/dist/compiled/react-dom/cjs/react-dom-client.development.js:17801
[  126112ms] [TIMESTAMP] Blocked @ webpack-internal:///(app-pages-browser)/./node_modules/next/dist/compiled/react-dom/cjs/react-dom-client.development.js:17801
[  126127ms] [TIMESTAMP] Blocked @ webpack-internal:///(app-pages-browser)/./node_modules/next/dist/compiled/react-dom/cjs/react-dom-client.development.js:17801
[  126227ms] [TIMESTAMP] Blocked @ webpack-internal:///(app-pages-browser)/./node_modules/next/dist/compiled/react-dom/cjs/react-dom-client.development.js:17801
[  126228ms] [TIMESTAMP] Errored @ webpack-internal:///(app-pages-browser)/./node_modules/next/dist/compiled/react-dom/cjs/react-dom-client.development.js:4630
[  126229ms] [TIMESTAMP] Blocking Track @ webpack-internal:///(app-pages-browser)/./node_modules/next/dist/compiled/react-dom/cjs/react-dom-client.development.js:18271
[  126229ms] [TIMESTAMP] Transition Track @ webpack-internal:///(app-pages-browser)/./node_modules/next/dist/compiled/react-dom/cjs/react-dom-client.development.js:18279
[  126229ms] [TIMESTAMP] Suspense Track @ webpack-internal:///(app-pages-browser)/./node_modules/next/dist/compiled/react-dom/cjs/react-dom-client.development.js:18287
[  126230ms] [TIMESTAMP] Idle Track @ webpack-internal:///(app-pages-browser)/./node_modules/next/dist/compiled/react-dom/cjs/react-dom-client.development.js:18295
[  126296ms] [ERROR] Encountered a script tag while rendering React component. Scripts inside React components are never executed when rendering on the client. Consider using template tag instead (https://developer.mozilla.org/en-US/docs/Web/HTML/Element/template). @ webpack-internal:///(app-pages-browser)/./node_modules/next/dist/next-devtools/userspace/app/errors/intercept-console-error.js:57
[  126364ms] [TIMESTAMP] Errored @ webpack-internal:///(app-pages-browser)/./node_modules/next/dist/compiled/react-dom/cjs/react-dom-client.development.js:4630
[  126468ms] [TIMESTAMP] Commit @ webpack-internal:///(app-pages-browser)/./node_modules/next/dist/compiled/react-dom/cjs/react-dom-client.development.js:4724
[  126536ms] Error: Element type is invalid. Received a promise that resolves to: undefined. Lazy element type must resolve to a class or function.
    at beginWork (webpack-internal:///(app-pages-browser)/./node_modules/next/dist/compiled/react-dom/cjs/react-dom-client.development.js:12104:19)
    at runWithFiberInDEV (webpack-internal:///(app-pages-browser)/./node_modules/next/dist/compiled/react-dom/cjs/react-dom-client.development.js:990:13)
    at performUnitOfWork (webpack-internal:///(app-pages-browser)/./node_modules/next/dist/compiled/react-dom/cjs/react-dom-client.development.js:18989:22)
    at workLoopSync (webpack-internal:///(app-pages-browser)/./node_modules/next/dist/compiled/react-dom/cjs/react-dom-client.development.js:18817:58)
    at renderRootSync (webpack-internal:///(app-pages-browser)/./node_modules/next/dist/compiled/react-dom/cjs/react-dom-client.development.js:18798:11)
    at performWorkOnRoot (webpack-internal:///(app-pages-browser)/./node_modules/next/dist/compiled/react-dom/cjs/react-dom-client.development.js:17903:35)
    at performWorkOnRootViaSchedulerTask (webpack-internal:///(app-pages-browser)/./node_modules/next/dist/compiled/react-dom/cjs/react-dom-client.development.js:20472:24)
    at performWorkUntilDeadline (webpack-internal:///(app-pages-browser)/./node_modules/next/dist/compiled/scheduler/cjs/scheduler.development.js:45:56)
    at EventHandlerNonNull* (webpack-internal:///(app-pages-browser)/./node_modules/next/dist/compiled/scheduler/cjs/scheduler.development.js:223:7)
    at  (webpack-internal:///(app-pages-browser)/./node_modules/next/dist/compiled/scheduler/cjs/scheduler.development.js:364:5)
    at (app-pages-browser)/./node_modules/next/dist/compiled/scheduler/cjs/scheduler.development.js (http://localhost:3000/_next/static/chunks/main-app.js?v=1785511391809:1324:1)
    at options.factory (http://localhost:3000/_next/static/chunks/webpack.js?v=1785511391809:708:31)
    at __webpack_require__ (http://localhost:3000/_next/static/chunks/webpack.js?v=1785511391809:29:33)
    at fn (http://localhost:3000/_next/static/chunks/webpack.js?v=1785511391809:361:21)
    at  (webpack-internal:///(app-pages-browser)/./node_modules/next/dist/compiled/scheduler/index.js:4:20)
    at (app-pages-browser)/./node_modules/next/dist/compiled/scheduler/index.js (http://localhost:3000/_next/static/chunks/main-app.js?v=1785511391809:1335:1)
    at options.factory (http://localhost:3000/_next/static/chunks/webpack.js?v=1785511391809:708:31)
    at __webpack_require__ (http://localhost:3000/_next/static/chunks/webpack.js?v=1785511391809:29:33)
    at fn (http://localhost:3000/_next/static/chunks/webpack.js?v=1785511391809:361:21)
    at  (webpack-internal:///(app-pages-browser)/./node_modules/next/dist/compiled/react-dom/cjs/react-dom-client.development.js:26424:40)
    at  (webpack-internal:///(app-pages-browser)/./node_modules/next/dist/compiled/react-dom/cjs/react-dom-client.development.js:30808:5)
    at (app-pages-browser)/./node_modules/next/dist/compiled/react-dom/cjs/react-dom-client.development.js (http://localhost:3000/_next/static/chunks/main-app.js?v=1785511391809:1182:1)
    at options.factory (http://localhost:3000/_next/static/chunks/webpack.js?v=1785511391809:708:31)
    at __webpack_require__ (http://localhost:3000/_next/static/chunks/webpack.js?v=1785511391809:29:33)
    at fn (http://localhost:3000/_next/static/chunks/webpack.js?v=1785511391809:361:21)
    at  (webpack-internal:///(app-pages-browser)/./node_modules/next/dist/compiled/react-dom/client.js:32:20)
    at (app-pages-browser)/./node_modules/next/dist/compiled/react-dom/client.js (http://localhost:3000/_next/static/chunks/main-app.js?v=1785511391809:1204:1)
    at options.factory (http://localhost:3000/_next/static/chunks/webpack.js?v=1785511391809:708:31)
    at __webpack_require__ (http://localhost:3000/_next/static/chunks/webpack.js?v=1785511391809:29:33)
    at fn (http://localhost:3000/_next/static/chunks/webpack.js?v=1785511391809:361:21)
    at  (webpack-internal:///(app-pages-browser)/./node_modules/next/dist/client/app-index.js:14:58)
    at (app-pages-browser)/./node_modules/next/dist/client/app-index.js (http://localhost:3000/_next/static/chunks/main-app.js?v=1785511391809:116:1)
    at options.factory (http://localhost:3000/_next/static/chunks/webpack.js?v=1785511391809:708:31)
    at __webpack_require__ (http://localhost:3000/_next/static/chunks/webpack.js?v=1785511391809:29:33)
    at fn (http://localhost:3000/_next/static/chunks/webpack.js?v=1785511391809:361:21)
    at  (webpack-internal:///(app-pages-browser)/./node_modules/next/dist/client/app-next-dev.js:15:44)
    at appBootstrap/< (webpack-internal:///(app-pages-browser)/./node_modules/next/dist/client/app-bootstrap.js:60:16)
    at loadScriptsInSequence (webpack-internal:///(app-pages-browser)/./node_modules/next/dist/client/app-bootstrap.js:25:16)
    at appBootstrap (webpack-internal:///(app-pages-browser)/./node_modules/next/dist/client/app-bootstrap.js:54:26)
    at  (webpack-internal:///(app-pages-browser)/./node_modules/next/dist/client/app-next-dev.js:13:32)
    at (app-pages-browser)/./node_modules/next/dist/client/app-next-dev.js (http://localhost:3000/_next/static/chunks/main-app.js?v=1785511391809:138:1)
    at options.factory (http://localhost:3000/_next/static/chunks/webpack.js?v=1785511391809:708:31)
    at __webpack_require__ (http://localhost:3000/_next/static/chunks/webpack.js?v=1785511391809:29:33)
    at __webpack_exec__ (http://localhost:3000/_next/static/chunks/main-app.js?v=1785511391809:1956:67)
    at  (http://localhost:3000/_next/static/chunks/main-app.js?v=1785511391809:1957:154)
    at webpackJsonpCallback (http://localhost:3000/_next/static/chunks/webpack.js?v=1785511391809:1395:46)
    at  (http://localhost:3000/_next/static/chunks/main-app.js?v=1785511391809:9:61)
[  126554ms] [TIMESTAMP] Waiting for Paint @ webpack-internal:///(app-pages-browser)/./node_modules/next/dist/compiled/react-dom/cjs/react-dom-client.development.js:19929
[  126557ms] [TIMESTAMP] Root @ webpack-internal:///(app-pages-browser)/./node_modules/next/dist/compiled/react-dom/cjs/react-dom-client.development.js:4426
[  126557ms] [TIMESTAMP] ServerRoot @ webpack-internal:///(app-pages-browser)/./node_modules/next/dist/compiled/react-dom/cjs/react-dom-client.development.js:4426
[  126558ms] [TIMESTAMP] AppRouter @ webpack-internal:///(app-pages-browser)/./node_modules/next/dist/compiled/react-dom/cjs/react-dom-client.development.js:4426
[  126558ms] [TIMESTAMP] RootErrorBoundary @ webpack-internal:///(app-pages-browser)/./node_modules/next/dist/compiled/react-dom/cjs/react-dom-client.development.js:4426
[  126558ms] [TIMESTAMP] ErrorBoundary @ webpack-internal:///(app-pages-browser)/./node_modules/next/dist/compiled/react-dom/cjs/react-dom-client.development.js:4426
[  126559ms] [TIMESTAMP] ErrorBoundaryHandler @ webpack-internal:///(app-pages-browser)/./node_modules/next/dist/compiled/react-dom/cjs/react-dom-client.development.js:4426
[  126565ms] [TIMESTAMP] Router @ webpack-internal:///(app-pages-browser)/./node_modules/next/dist/compiled/react-dom/cjs/react-dom-client.development.js:4426
[  126569ms] [TIMESTAMP] HistoryUpdater @ webpack-internal:///(app-pages-browser)/./node_modules/next/dist/compiled/react-dom/cjs/react-dom-client.development.js:4426
[  126570ms] [TIMESTAMP] HistoryUpdater @ webpack-internal:///(app-pages-browser)/./node_modules/next/dist/compiled/react-dom/cjs/react-dom-client.development.js:4554
[  126570ms] [TIMESTAMP] RuntimeStylesForWebpack @ webpack-internal:///(app-pages-browser)/./node_modules/next/dist/compiled/react-dom/cjs/react-dom-client.development.js:4426
[  126570ms] [TIMESTAMP] HotReload @ webpack-internal:///(app-pages-browser)/./node_modules/next/dist/compiled/react-dom/cjs/react-dom-client.development.js:4426
[  126572ms] [TIMESTAMP] ErroredHtml @ webpack-internal:///(app-pages-browser)/./node_modules/next/dist/compiled/react-dom/cjs/react-dom-client.development.js:4426
[  126572ms] [TIMESTAMP] ErrorBoundary @ webpack-internal:///(app-pages-browser)/./node_modules/next/dist/compiled/react-dom/cjs/react-dom-client.development.js:4426
[  126573ms] [TIMESTAMP] ErrorBoundaryHandler @ webpack-internal:///(app-pages-browser)/./node_modules/next/dist/compiled/react-dom/cjs/react-dom-client.development.js:4426
[  126573ms] [TIMESTAMP] SegmentViewNode @ webpack-internal:///(app-pages-browser)/./node_modules/next/dist/compiled/react-dom/cjs/react-dom-client.development.js:4426
[  126573ms] [TIMESTAMP] DefaultGlobalError @ webpack-internal:///(app-pages-browser)/./node_modules/next/dist/compiled/react-dom/cjs/react-dom-client.development.js:4426
[  126574ms] [TIMESTAMP] WarningIcon @ webpack-internal:///(app-pages-browser)/./node_modules/next/dist/compiled/react-dom/cjs/react-dom-client.development.js:4426
[  126575ms] [TIMESTAMP] HotReload @ webpack-internal:///(app-pages-browser)/./node_modules/next/dist/compiled/react-dom/cjs/react-dom-client.development.js:4554
[  126578ms] [TIMESTAMP] Router @ webpack-internal:///(app-pages-browser)/./node_modules/next/dist/compiled/react-dom/cjs/react-dom-client.development.js:4554
[  126580ms] [TIMESTAMP] SegmentTrieNode @ webpack-internal:///(app-pages-browser)/./node_modules/next/dist/compiled/react-dom/cjs/react-dom-client.development.js:4554
[  126583ms] [TIMESTAMP] Router @ webpack-internal:///(app-pages-browser)/./node_modules/next/dist/compiled/react-dom/cjs/react-dom-client.development.js:4554
[  126584ms] [TIMESTAMP] SegmentTrieNode @ webpack-internal:///(app-pages-browser)/./node_modules/next/dist/compiled/react-dom/cjs/react-dom-client.development.js:4554
[  126587ms] [TIMESTAMP] Remaining Effects @ webpack-internal:///(app-pages-browser)/./node_modules/next/dist/compiled/react-dom/cjs/react-dom-client.development.js:19980
[  126617ms] [TIMESTAMP] Blocking Track @ webpack-internal:///(app-pages-browser)/./node_modules/next/dist/compiled/react-dom/cjs/react-dom-client.development.js:18271
[  126617ms] [TIMESTAMP] Transition Track @ webpack-internal:///(app-pages-browser)/./node_modules/next/dist/compiled/react-dom/cjs/react-dom-client.development.js:18279
[  126617ms] [TIMESTAMP] Suspense Track @ webpack-internal:///(app-pages-browser)/./node_modules/next/dist/compiled/react-dom/cjs/react-dom-client.development.js:18287
[  126617ms] [TIMESTAMP] Idle Track @ webpack-internal:///(app-pages-browser)/./node_modules/next/dist/compiled/react-dom/cjs/react-dom-client.development.js:18295
[  126617ms] [TIMESTAMP] Commit @ webpack-internal:///(app-pages-browser)/./node_modules/next/dist/compiled/react-dom/cjs/react-dom-client.development.js:4724
[  139025ms] [INFO] Download the React DevTools for a better development experience: https://react.dev/link/react-devtools @ webpack-internal:///(app-pages-browser)/./node_modules/next/dist/next-devtools/shared/forward-logs-shared.js:27
[  139237ms] [TIMESTAMP] Server Requests Track @ webpack-internal:///(app-pages-browser)/./node_modules/next/dist/compiled/react-server-dom-webpack/cjs/react-server-dom-webpack-client.browser.development.js:1241
[  139238ms] [TIMESTAMP] Server Components Track @ webpack-internal:///(app-pages-browser)/./node_modules/next/dist/compiled/react-server-dom-webpack/cjs/react-server-dom-webpack-client.browser.development.js:1249
[  139464ms] [LOG] [HMR] connected @ webpack-internal:///(app-pages-browser)/./node_modules/next/dist/next-devtools/shared/forward-logs-shared.js:27
[  139572ms] [TIMESTAMP] Blocking Track @ webpack-internal:///(app-pages-browser)/./node_modules/next/dist/compiled/react-dom/cjs/react-dom-client.development.js:18271
[  139573ms] [TIMESTAMP] Transition Track @ webpack-internal:///(app-pages-browser)/./node_modules/next/dist/compiled/react-dom/cjs/react-dom-client.development.js:18279
[  139577ms] [TIMESTAMP] Suspense Track @ webpack-internal:///(app-pages-browser)/./node_modules/next/dist/compiled/react-dom/cjs/react-dom-client.development.js:18287
[  139578ms] [TIMESTAMP] Idle Track @ webpack-internal:///(app-pages-browser)/./node_modules/next/dist/compiled/react-dom/cjs/react-dom-client.development.js:18295
[  139594ms] [TIMESTAMP] Blocked @ webpack-internal:///(app-pages-browser)/./node_modules/next/dist/compiled/react-dom/cjs/react-dom-client.development.js:17801
[  139615ms] [TIMESTAMP] Server Requests Track @ webpack-internal:///(app-pages-browser)/./node_modules/next/dist/compiled/react-server-dom-webpack/cjs/react-server-dom-webpack-client.browser.development.js:1241
[  139616ms] [TIMESTAMP] Server Components Track @ webpack-internal:///(app-pages-browser)/./node_modules/next/dist/compiled/react-server-dom-webpack/cjs/react-server-dom-webpack-client.browser.development.js:1249
[  139617ms] [TIMESTAMP] ​Preloads @ webpack-internal:///(app-pages-browser)/./node_modules/next/dist/compiled/react-server-dom-webpack/cjs/react-server-dom-webpack-client.browser.development.js:3943
[  139620ms] [TIMESTAMP] ​Loading @ webpack-internal:///(app-pages-browser)/./node_modules/next/dist/compiled/react-server-dom-webpack/cjs/react-server-dom-webpack-client.browser.development.js:3943
[  139633ms] [TIMESTAMP] ​HTTPAccessErrorFallback @ webpack-internal:///(app-pages-browser)/./node_modules/next/dist/compiled/react-server-dom-webpack/cjs/react-server-dom-webpack-client.browser.development.js:3943
[  139634ms] [TIMESTAMP] ​NotFound @ webpack-internal:///(app-pages-browser)/./node_modules/next/dist/compiled/react-server-dom-webpack/cjs/react-server-dom-webpack-client.browser.development.js:3943
[  139634ms] [TIMESTAMP] ​RootLayout @ webpack-internal:///(app-pages-browser)/./node_modules/next/dist/compiled/react-server-dom-webpack/cjs/react-server-dom-webpack-client.browser.development.js:3943
[  139635ms] [TIMESTAMP] ​HTTPAccessErrorFallback @ webpack-internal:///(app-pages-browser)/./node_modules/next/dist/compiled/react-server-dom-webpack/cjs/react-server-dom-webpack-client.browser.development.js:3943
[  139637ms] [TIMESTAMP] ​NotFound @ webpack-internal:///(app-pages-browser)/./node_modules/next/dist/compiled/react-server-dom-webpack/cjs/react-server-dom-webpack-client.browser.development.js:3943
[  139637ms] [TIMESTAMP] ​Next.MetadataOutlet @ webpack-internal:///(app-pages-browser)/./node_modules/next/dist/compiled/react-server-dom-webpack/cjs/react-server-dom-webpack-client.browser.development.js:3943
[  139638ms] [TIMESTAMP] ​NonIndex @ webpack-internal:///(app-pages-browser)/./node_modules/next/dist/compiled/react-server-dom-webpack/cjs/react-server-dom-webpack-client.browser.development.js:3943
[  139638ms] [TIMESTAMP] ​Next.Viewport @ webpack-internal:///(app-pages-browser)/./node_modules/next/dist/compiled/react-server-dom-webpack/cjs/react-server-dom-webpack-client.browser.development.js:3943
[  139643ms] [TIMESTAMP] ​ViewportWrapper @ webpack-internal:///(app-pages-browser)/./node_modules/next/dist/compiled/react-server-dom-webpack/cjs/react-server-dom-webpack-client.browser.development.js:3943
[  139644ms] [TIMESTAMP] ​Next.Metadata @ webpack-internal:///(app-pages-browser)/./node_modules/next/dist/compiled/react-server-dom-webpack/cjs/react-server-dom-webpack-client.browser.development.js:3943
[  139644ms] [TIMESTAMP] ​MetadataWrapper @ webpack-internal:///(app-pages-browser)/./node_modules/next/dist/compiled/react-server-dom-webpack/cjs/react-server-dom-webpack-client.browser.development.js:3943
[  139647ms] [TIMESTAMP] Blocked @ webpack-internal:///(app-pages-browser)/./node_modules/next/dist/compiled/react-dom/cjs/react-dom-client.development.js:17801
[  139681ms] [TIMESTAMP] Blocked @ webpack-internal:///(app-pages-browser)/./node_modules/next/dist/compiled/react-dom/cjs/react-dom-client.development.js:17801
[  139771ms] [TIMESTAMP] Blocked @ webpack-internal:///(app-pages-browser)/./node_modules/next/dist/compiled/react-dom/cjs/react-dom-client.development.js:17801
[  139785ms] [TIMESTAMP] Blocked @ webpack-internal:///(app-pages-browser)/./node_modules/next/dist/compiled/react-dom/cjs/react-dom-client.development.js:17801
[  139854ms] [TIMESTAMP] Blocked @ webpack-internal:///(app-pages-browser)/./node_modules/next/dist/compiled/react-dom/cjs/react-dom-client.development.js:17801
[  139867ms] [TIMESTAMP] Blocked @ webpack-internal:///(app-pages-browser)/./node_modules/next/dist/compiled/react-dom/cjs/react-dom-client.development.js:17801
[  139875ms] [TIMESTAMP] Blocked @ webpack-internal:///(app-pages-browser)/./node_modules/next/dist/compiled/react-dom/cjs/react-dom-client.development.js:17801
[  139925ms] [TIMESTAMP] Blocked @ webpack-internal:///(app-pages-browser)/./node_modules/next/dist/compiled/react-dom/cjs/react-dom-client.development.js:17801
[  139926ms] [TIMESTAMP] Errored @ webpack-internal:///(app-pages-browser)/./node_modules/next/dist/compiled/react-dom/cjs/react-dom-client.development.js:4630
[  139937ms] [TIMESTAMP] Blocking Track @ webpack-internal:///(app-pages-browser)/./node_modules/next/dist/compiled/react-dom/cjs/react-dom-client.development.js:18271
[  139939ms] [TIMESTAMP] Transition Track @ webpack-internal:///(app-pages-browser)/./node_modules/next/dist/compiled/react-dom/cjs/react-dom-client.development.js:18279
[  139940ms] [TIMESTAMP] Suspense Track @ webpack-internal:///(app-pages-browser)/./node_modules/next/dist/compiled/react-dom/cjs/react-dom-client.development.js:18287
[  139940ms] [TIMESTAMP] Idle Track @ webpack-internal:///(app-pages-browser)/./node_modules/next/dist/compiled/react-dom/cjs/react-dom-client.development.js:18295
[  139988ms] [ERROR] Encountered a script tag while rendering React component. Scripts inside React components are never executed when rendering on the client. Consider using template tag instead (https://developer.mozilla.org/en-US/docs/Web/HTML/Element/template). @ webpack-internal:///(app-pages-browser)/./node_modules/next/dist/next-devtools/userspace/app/errors/intercept-console-error.js:57
[  140025ms] [TIMESTAMP] Errored @ webpack-internal:///(app-pages-browser)/./node_modules/next/dist/compiled/react-dom/cjs/react-dom-client.development.js:4630
[  140076ms] [TIMESTAMP] SegmentTrieNode @ webpack-internal:///(app-pages-browser)/./node_modules/next/dist/compiled/react-dom/cjs/react-dom-client.development.js:4554
[  140090ms] [TIMESTAMP] Commit @ webpack-internal:///(app-pages-browser)/./node_modules/next/dist/compiled/react-dom/cjs/react-dom-client.development.js:4724
[  140137ms] Error: Element type is invalid. Received a promise that resolves to: undefined. Lazy element type must resolve to a class or function.
    at beginWork (webpack-internal:///(app-pages-browser)/./node_modules/next/dist/compiled/react-dom/cjs/react-dom-client.development.js:12104:19)
    at runWithFiberInDEV (webpack-internal:///(app-pages-browser)/./node_modules/next/dist/compiled/react-dom/cjs/react-dom-client.development.js:990:13)
    at performUnitOfWork (webpack-internal:///(app-pages-browser)/./node_modules/next/dist/compiled/react-dom/cjs/react-dom-client.development.js:18989:22)
    at workLoopSync (webpack-internal:///(app-pages-browser)/./node_modules/next/dist/compiled/react-dom/cjs/react-dom-client.development.js:18817:58)
    at renderRootSync (webpack-internal:///(app-pages-browser)/./node_modules/next/dist/compiled/react-dom/cjs/react-dom-client.development.js:18798:11)
    at performWorkOnRoot (webpack-internal:///(app-pages-browser)/./node_modules/next/dist/compiled/react-dom/cjs/react-dom-client.development.js:17903:35)
    at performWorkOnRootViaSchedulerTask (webpack-internal:///(app-pages-browser)/./node_modules/next/dist/compiled/react-dom/cjs/react-dom-client.development.js:20472:24)
    at performWorkUntilDeadline (webpack-internal:///(app-pages-browser)/./node_modules/next/dist/compiled/scheduler/cjs/scheduler.development.js:45:56)
    at EventHandlerNonNull* (webpack-internal:///(app-pages-browser)/./node_modules/next/dist/compiled/scheduler/cjs/scheduler.development.js:223:7)
    at  (webpack-internal:///(app-pages-browser)/./node_modules/next/dist/compiled/scheduler/cjs/scheduler.development.js:364:5)
    at (app-pages-browser)/./node_modules/next/dist/compiled/scheduler/cjs/scheduler.development.js (http://localhost:3000/_next/static/chunks/main-app.js?v=1785511411434:1324:1)
    at options.factory (http://localhost:3000/_next/static/chunks/webpack.js?v=1785511411434:708:31)
    at __webpack_require__ (http://localhost:3000/_next/static/chunks/webpack.js?v=1785511411434:29:33)
    at fn (http://localhost:3000/_next/static/chunks/webpack.js?v=1785511411434:361:21)
    at  (webpack-internal:///(app-pages-browser)/./node_modules/next/dist/compiled/scheduler/index.js:4:20)
    at (app-pages-browser)/./node_modules/next/dist/compiled/scheduler/index.js (http://localhost:3000/_next/static/chunks/main-app.js?v=1785511411434:1335:1)
    at options.factory (http://localhost:3000/_next/static/chunks/webpack.js?v=1785511411434:708:31)
    at __webpack_require__ (http://localhost:3000/_next/static/chunks/webpack.js?v=1785511411434:29:33)
    at fn (http://localhost:3000/_next/static/chunks/webpack.js?v=1785511411434:361:21)
    at  (webpack-internal:///(app-pages-browser)/./node_modules/next/dist/compiled/react-dom/cjs/react-dom-client.development.js:26424:40)
    at  (webpack-internal:///(app-pages-browser)/./node_modules/next/dist/compiled/react-dom/cjs/react-dom-client.development.js:30808:5)
    at (app-pages-browser)/./node_modules/next/dist/compiled/react-dom/cjs/react-dom-client.development.js (http://localhost:3000/_next/static/chunks/main-app.js?v=1785511411434:1182:1)
    at options.factory (http://localhost:3000/_next/static/chunks/webpack.js?v=1785511411434:708:31)
    at __webpack_require__ (http://localhost:3000/_next/static/chunks/webpack.js?v=1785511411434:29:33)
    at fn (http://localhost:3000/_next/static/chunks/webpack.js?v=1785511411434:361:21)
    at  (webpack-internal:///(app-pages-browser)/./node_modules/next/dist/compiled/react-dom/client.js:32:20)
    at (app-pages-browser)/./node_modules/next/dist/compiled/react-dom/client.js (http://localhost:3000/_next/static/chunks/main-app.js?v=1785511411434:1204:1)
    at options.factory (http://localhost:3000/_next/static/chunks/webpack.js?v=1785511411434:708:31)
    at __webpack_require__ (http://localhost:3000/_next/static/chunks/webpack.js?v=1785511411434:29:33)
    at fn (http://localhost:3000/_next/static/chunks/webpack.js?v=1785511411434:361:21)
    at  (webpack-internal:///(app-pages-browser)/./node_modules/next/dist/client/app-index.js:14:58)
    at (app-pages-browser)/./node_modules/next/dist/client/app-index.js (http://localhost:3000/_next/static/chunks/main-app.js?v=1785511411434:116:1)
    at options.factory (http://localhost:3000/_next/static/chunks/webpack.js?v=1785511411434:708:31)
    at __webpack_require__ (http://localhost:3000/_next/static/chunks/webpack.js?v=1785511411434:29:33)
    at fn (http://localhost:3000/_next/static/chunks/webpack.js?v=1785511411434:361:21)
    at  (webpack-internal:///(app-pages-browser)/./node_modules/next/dist/client/app-next-dev.js:15:44)
    at appBootstrap/< (webpack-internal:///(app-pages-browser)/./node_modules/next/dist/client/app-bootstrap.js:60:16)
    at loadScriptsInSequence (webpack-internal:///(app-pages-browser)/./node_modules/next/dist/client/app-bootstrap.js:25:16)
    at appBootstrap (webpack-internal:///(app-pages-browser)/./node_modules/next/dist/client/app-bootstrap.js:54:26)
    at  (webpack-internal:///(app-pages-browser)/./node_modules/next/dist/client/app-next-dev.js:13:32)
    at (app-pages-browser)/./node_modules/next/dist/client/app-next-dev.js (http://localhost:3000/_next/static/chunks/main-app.js?v=1785511411434:138:1)
    at options.factory (http://localhost:3000/_next/static/chunks/webpack.js?v=1785511411434:708:31)
    at __webpack_require__ (http://localhost:3000/_next/static/chunks/webpack.js?v=1785511411434:29:33)
    at __webpack_exec__ (http://localhost:3000/_next/static/chunks/main-app.js?v=1785511411434:1956:67)
    at  (http://localhost:3000/_next/static/chunks/main-app.js?v=1785511411434:1957:154)
    at webpackJsonpCallback (http://localhost:3000/_next/static/chunks/webpack.js?v=1785511411434:1395:46)
    at  (http://localhost:3000/_next/static/chunks/main-app.js?v=1785511411434:9:61)
[  140142ms] [TIMESTAMP] Waiting for Paint @ webpack-internal:///(app-pages-browser)/./node_modules/next/dist/compiled/react-dom/cjs/react-dom-client.development.js:19929
[  140146ms] [TIMESTAMP] Root @ webpack-internal:///(app-pages-browser)/./node_modules/next/dist/compiled/react-dom/cjs/react-dom-client.development.js:4426
[  140147ms] [TIMESTAMP] ServerRoot @ webpack-internal:///(app-pages-browser)/./node_modules/next/dist/compiled/react-dom/cjs/react-dom-client.development.js:4426
[  140148ms] [TIMESTAMP] AppRouter @ webpack-internal:///(app-pages-browser)/./node_modules/next/dist/compiled/react-dom/cjs/react-dom-client.development.js:4426
[  140160ms] [TIMESTAMP] RootErrorBoundary @ webpack-internal:///(app-pages-browser)/./node_modules/next/dist/compiled/react-dom/cjs/react-dom-client.development.js:4426
[  140161ms] [TIMESTAMP] ErrorBoundary @ webpack-internal:///(app-pages-browser)/./node_modules/next/dist/compiled/react-dom/cjs/react-dom-client.development.js:4426
[  140161ms] [TIMESTAMP] ErrorBoundaryHandler @ webpack-internal:///(app-pages-browser)/./node_modules/next/dist/compiled/react-dom/cjs/react-dom-client.development.js:4426
[  140165ms] [TIMESTAMP] Router @ webpack-internal:///(app-pages-browser)/./node_modules/next/dist/compiled/react-dom/cjs/react-dom-client.development.js:4426
[  140168ms] [TIMESTAMP] HistoryUpdater @ webpack-internal:///(app-pages-browser)/./node_modules/next/dist/compiled/react-dom/cjs/react-dom-client.development.js:4426
[  140168ms] [TIMESTAMP] HistoryUpdater @ webpack-internal:///(app-pages-browser)/./node_modules/next/dist/compiled/react-dom/cjs/react-dom-client.development.js:4554
[  140171ms] [TIMESTAMP] RuntimeStylesForWebpack @ webpack-internal:///(app-pages-browser)/./node_modules/next/dist/compiled/react-dom/cjs/react-dom-client.development.js:4426
[  140172ms] [TIMESTAMP] HotReload @ webpack-internal:///(app-pages-browser)/./node_modules/next/dist/compiled/react-dom/cjs/react-dom-client.development.js:4426
[  140179ms] [TIMESTAMP] ErroredHtml @ webpack-internal:///(app-pages-browser)/./node_modules/next/dist/compiled/react-dom/cjs/react-dom-client.development.js:4426
[  140180ms] [TIMESTAMP] ErrorBoundary @ webpack-internal:///(app-pages-browser)/./node_modules/next/dist/compiled/react-dom/cjs/react-dom-client.development.js:4426
[  140182ms] [TIMESTAMP] ErrorBoundaryHandler @ webpack-internal:///(app-pages-browser)/./node_modules/next/dist/compiled/react-dom/cjs/react-dom-client.development.js:4426
[  140188ms] [TIMESTAMP] SegmentViewNode @ webpack-internal:///(app-pages-browser)/./node_modules/next/dist/compiled/react-dom/cjs/react-dom-client.development.js:4426
[  140188ms] [TIMESTAMP] SegmentTrieNode @ webpack-internal:///(app-pages-browser)/./node_modules/next/dist/compiled/react-dom/cjs/react-dom-client.development.js:4426
[  140188ms] [TIMESTAMP] DefaultGlobalError @ webpack-internal:///(app-pages-browser)/./node_modules/next/dist/compiled/react-dom/cjs/react-dom-client.development.js:4426
[  140188ms] [TIMESTAMP] WarningIcon @ webpack-internal:///(app-pages-browser)/./node_modules/next/dist/compiled/react-dom/cjs/react-dom-client.development.js:4426
[  140190ms] [TIMESTAMP] HotReload @ webpack-internal:///(app-pages-browser)/./node_modules/next/dist/compiled/react-dom/cjs/react-dom-client.development.js:4554
[  140191ms] [TIMESTAMP] Router @ webpack-internal:///(app-pages-browser)/./node_modules/next/dist/compiled/react-dom/cjs/react-dom-client.development.js:4554
[  140197ms] [TIMESTAMP] SegmentTrieNode @ webpack-internal:///(app-pages-browser)/./node_modules/next/dist/compiled/react-dom/cjs/react-dom-client.development.js:4554
[  140202ms] [TIMESTAMP] HistoryUpdater @ webpack-internal:///(app-pages-browser)/./node_modules/next/dist/compiled/react-dom/cjs/react-dom-client.development.js:4554
[  140204ms] [TIMESTAMP] Router @ webpack-internal:///(app-pages-browser)/./node_modules/next/dist/compiled/react-dom/cjs/react-dom-client.development.js:4554
[  140205ms] [TIMESTAMP] Remaining Effects @ webpack-internal:///(app-pages-browser)/./node_modules/next/dist/compiled/react-dom/cjs/react-dom-client.development.js:19980
[  140229ms] [TIMESTAMP] Blocking Track @ webpack-internal:///(app-pages-browser)/./node_modules/next/dist/compiled/react-dom/cjs/react-dom-client.development.js:18271
[  140230ms] [TIMESTAMP] Transition Track @ webpack-internal:///(app-pages-browser)/./node_modules/next/dist/compiled/react-dom/cjs/react-dom-client.development.js:18279
[  140230ms] [TIMESTAMP] Suspense Track @ webpack-internal:///(app-pages-browser)/./node_modules/next/dist/compiled/react-dom/cjs/react-dom-client.development.js:18287
[  140230ms] [TIMESTAMP] Idle Track @ webpack-internal:///(app-pages-browser)/./node_modules/next/dist/compiled/react-dom/cjs/react-dom-client.development.js:18295
[  150759ms] [INFO] Download the React DevTools for a better development experience: https://react.dev/link/react-devtools @ webpack-internal:///(app-pages-browser)/./node_modules/next/dist/next-devtools/shared/forward-logs-shared.js:27
[  150993ms] [TIMESTAMP] Server Requests Track @ webpack-internal:///(app-pages-browser)/./node_modules/next/dist/compiled/react-server-dom-webpack/cjs/react-server-dom-webpack-client.browser.development.js:1241
[  150995ms] [TIMESTAMP] Server Components Track @ webpack-internal:///(app-pages-browser)/./node_modules/next/dist/compiled/react-server-dom-webpack/cjs/react-server-dom-webpack-client.browser.development.js:1249
[  151280ms] [LOG] [HMR] connected @ webpack-internal:///(app-pages-browser)/./node_modules/next/dist/next-devtools/shared/forward-logs-shared.js:27
[  151424ms] [TIMESTAMP] Blocking Track @ webpack-internal:///(app-pages-browser)/./node_modules/next/dist/compiled/react-dom/cjs/react-dom-client.development.js:18271
[  151428ms] [TIMESTAMP] Transition Track @ webpack-internal:///(app-pages-browser)/./node_modules/next/dist/compiled/react-dom/cjs/react-dom-client.development.js:18279
[  151433ms] [TIMESTAMP] Suspense Track @ webpack-internal:///(app-pages-browser)/./node_modules/next/dist/compiled/react-dom/cjs/react-dom-client.development.js:18287
[  151434ms] [TIMESTAMP] Idle Track @ webpack-internal:///(app-pages-browser)/./node_modules/next/dist/compiled/react-dom/cjs/react-dom-client.development.js:18295
[  151457ms] [TIMESTAMP] Server Requests Track @ webpack-internal:///(app-pages-browser)/./node_modules/next/dist/compiled/react-server-dom-webpack/cjs/react-server-dom-webpack-client.browser.development.js:1241
[  151458ms] [TIMESTAMP] Server Components Track @ webpack-internal:///(app-pages-browser)/./node_modules/next/dist/compiled/react-server-dom-webpack/cjs/react-server-dom-webpack-client.browser.development.js:1249
[  151464ms] [TIMESTAMP] ​Preloads @ webpack-internal:///(app-pages-browser)/./node_modules/next/dist/compiled/react-server-dom-webpack/cjs/react-server-dom-webpack-client.browser.development.js:3943
[  151469ms] [TIMESTAMP] ​Loading @ webpack-internal:///(app-pages-browser)/./node_modules/next/dist/compiled/react-server-dom-webpack/cjs/react-server-dom-webpack-client.browser.development.js:3943
[  151471ms] [TIMESTAMP] ​HTTPAccessErrorFallback @ webpack-internal:///(app-pages-browser)/./node_modules/next/dist/compiled/react-server-dom-webpack/cjs/react-server-dom-webpack-client.browser.development.js:3943
[  151482ms] [TIMESTAMP] ​NotFound @ webpack-internal:///(app-pages-browser)/./node_modules/next/dist/compiled/react-server-dom-webpack/cjs/react-server-dom-webpack-client.browser.development.js:3943
[  151484ms] [TIMESTAMP] ​RootLayout @ webpack-internal:///(app-pages-browser)/./node_modules/next/dist/compiled/react-server-dom-webpack/cjs/react-server-dom-webpack-client.browser.development.js:3943
[  151494ms] [TIMESTAMP] ​HTTPAccessErrorFallback @ webpack-internal:///(app-pages-browser)/./node_modules/next/dist/compiled/react-server-dom-webpack/cjs/react-server-dom-webpack-client.browser.development.js:3943
[  151494ms] [TIMESTAMP] ​NotFound @ webpack-internal:///(app-pages-browser)/./node_modules/next/dist/compiled/react-server-dom-webpack/cjs/react-server-dom-webpack-client.browser.development.js:3943
[  151495ms] [TIMESTAMP] ​Next.MetadataOutlet @ webpack-internal:///(app-pages-browser)/./node_modules/next/dist/compiled/react-server-dom-webpack/cjs/react-server-dom-webpack-client.browser.development.js:3943
[  151495ms] [TIMESTAMP] ​NonIndex @ webpack-internal:///(app-pages-browser)/./node_modules/next/dist/compiled/react-server-dom-webpack/cjs/react-server-dom-webpack-client.browser.development.js:3943
[  151495ms] [TIMESTAMP] ​Next.Viewport @ webpack-internal:///(app-pages-browser)/./node_modules/next/dist/compiled/react-server-dom-webpack/cjs/react-server-dom-webpack-client.browser.development.js:3943
[  151495ms] [TIMESTAMP] ​ViewportWrapper @ webpack-internal:///(app-pages-browser)/./node_modules/next/dist/compiled/react-server-dom-webpack/cjs/react-server-dom-webpack-client.browser.development.js:3943
[  151495ms] [TIMESTAMP] ​Next.Metadata @ webpack-internal:///(app-pages-browser)/./node_modules/next/dist/compiled/react-server-dom-webpack/cjs/react-server-dom-webpack-client.browser.development.js:3943
[  151495ms] [TIMESTAMP] ​MetadataWrapper @ webpack-internal:///(app-pages-browser)/./node_modules/next/dist/compiled/react-server-dom-webpack/cjs/react-server-dom-webpack-client.browser.development.js:3943
[  151495ms] [TIMESTAMP] Blocked @ webpack-internal:///(app-pages-browser)/./node_modules/next/dist/compiled/react-dom/cjs/react-dom-client.development.js:17801
[  151513ms] [TIMESTAMP] Blocked @ webpack-internal:///(app-pages-browser)/./node_modules/next/dist/compiled/react-dom/cjs/react-dom-client.development.js:17801
[  151540ms] [TIMESTAMP] Blocked @ webpack-internal:///(app-pages-browser)/./node_modules/next/dist/compiled/react-dom/cjs/react-dom-client.development.js:17801
[  151582ms] [TIMESTAMP] Blocked @ webpack-internal:///(app-pages-browser)/./node_modules/next/dist/compiled/react-dom/cjs/react-dom-client.development.js:17801
[  151634ms] [TIMESTAMP] Blocked @ webpack-internal:///(app-pages-browser)/./node_modules/next/dist/compiled/react-dom/cjs/react-dom-client.development.js:17801
[  151645ms] [TIMESTAMP] Blocked @ webpack-internal:///(app-pages-browser)/./node_modules/next/dist/compiled/react-dom/cjs/react-dom-client.development.js:17801
[  151691ms] [TIMESTAMP] Blocked @ webpack-internal:///(app-pages-browser)/./node_modules/next/dist/compiled/react-dom/cjs/react-dom-client.development.js:17801
[  151709ms] [TIMESTAMP] Blocked @ webpack-internal:///(app-pages-browser)/./node_modules/next/dist/compiled/react-dom/cjs/react-dom-client.development.js:17801
[  151723ms] [TIMESTAMP] Blocked @ webpack-internal:///(app-pages-browser)/./node_modules/next/dist/compiled/react-dom/cjs/react-dom-client.development.js:17801
[  151730ms] [TIMESTAMP] Blocked @ webpack-internal:///(app-pages-browser)/./node_modules/next/dist/compiled/react-dom/cjs/react-dom-client.development.js:17801
[  151768ms] [TIMESTAMP] Blocked @ webpack-internal:///(app-pages-browser)/./node_modules/next/dist/compiled/react-dom/cjs/react-dom-client.development.js:17801
[  151822ms] [TIMESTAMP] Blocked @ webpack-internal:///(app-pages-browser)/./node_modules/next/dist/compiled/react-dom/cjs/react-dom-client.development.js:17801
[  151824ms] [TIMESTAMP] Errored @ webpack-internal:///(app-pages-browser)/./node_modules/next/dist/compiled/react-dom/cjs/react-dom-client.development.js:4630
[  151825ms] [TIMESTAMP] Blocking Track @ webpack-internal:///(app-pages-browser)/./node_modules/next/dist/compiled/react-dom/cjs/react-dom-client.development.js:18271
[  151844ms] [TIMESTAMP] Transition Track @ webpack-internal:///(app-pages-browser)/./node_modules/next/dist/compiled/react-dom/cjs/react-dom-client.development.js:18279
[  151868ms] [TIMESTAMP] Suspense Track @ webpack-internal:///(app-pages-browser)/./node_modules/next/dist/compiled/react-dom/cjs/react-dom-client.development.js:18287
[  151876ms] [TIMESTAMP] Idle Track @ webpack-internal:///(app-pages-browser)/./node_modules/next/dist/compiled/react-dom/cjs/react-dom-client.development.js:18295
[  151926ms] [ERROR] Encountered a script tag while rendering React component. Scripts inside React components are never executed when rendering on the client. Consider using template tag instead (https://developer.mozilla.org/en-US/docs/Web/HTML/Element/template). @ webpack-internal:///(app-pages-browser)/./node_modules/next/dist/next-devtools/userspace/app/errors/intercept-console-error.js:57
[  151957ms] [TIMESTAMP] Errored @ webpack-internal:///(app-pages-browser)/./node_modules/next/dist/compiled/react-dom/cjs/react-dom-client.development.js:4630
[  152018ms] [TIMESTAMP] HistoryUpdater @ webpack-internal:///(app-pages-browser)/./node_modules/next/dist/compiled/react-dom/cjs/react-dom-client.development.js:4554
[  152019ms] [TIMESTAMP] SegmentTrieNode @ webpack-internal:///(app-pages-browser)/./node_modules/next/dist/compiled/react-dom/cjs/react-dom-client.development.js:4554
[  152027ms] [TIMESTAMP] Commit @ webpack-internal:///(app-pages-browser)/./node_modules/next/dist/compiled/react-dom/cjs/react-dom-client.development.js:4724
[  152069ms] Error: Element type is invalid. Received a promise that resolves to: undefined. Lazy element type must resolve to a class or function.
    at beginWork (webpack-internal:///(app-pages-browser)/./node_modules/next/dist/compiled/react-dom/cjs/react-dom-client.development.js:12104:19)
    at runWithFiberInDEV (webpack-internal:///(app-pages-browser)/./node_modules/next/dist/compiled/react-dom/cjs/react-dom-client.development.js:990:13)
    at performUnitOfWork (webpack-internal:///(app-pages-browser)/./node_modules/next/dist/compiled/react-dom/cjs/react-dom-client.development.js:18989:22)
    at workLoopSync (webpack-internal:///(app-pages-browser)/./node_modules/next/dist/compiled/react-dom/cjs/react-dom-client.development.js:18817:58)
    at renderRootSync (webpack-internal:///(app-pages-browser)/./node_modules/next/dist/compiled/react-dom/cjs/react-dom-client.development.js:18798:11)
    at performWorkOnRoot (webpack-internal:///(app-pages-browser)/./node_modules/next/dist/compiled/react-dom/cjs/react-dom-client.development.js:17903:35)
    at performWorkOnRootViaSchedulerTask (webpack-internal:///(app-pages-browser)/./node_modules/next/dist/compiled/react-dom/cjs/react-dom-client.development.js:20472:24)
    at performWorkUntilDeadline (webpack-internal:///(app-pages-browser)/./node_modules/next/dist/compiled/scheduler/cjs/scheduler.development.js:45:56)
    at EventHandlerNonNull* (webpack-internal:///(app-pages-browser)/./node_modules/next/dist/compiled/scheduler/cjs/scheduler.development.js:223:7)
    at  (webpack-internal:///(app-pages-browser)/./node_modules/next/dist/compiled/scheduler/cjs/scheduler.development.js:364:5)
    at (app-pages-browser)/./node_modules/next/dist/compiled/scheduler/cjs/scheduler.development.js (http://localhost:3000/_next/static/chunks/main-app.js?v=1785511424996:1324:1)
    at options.factory (http://localhost:3000/_next/static/chunks/webpack.js?v=1785511424996:708:31)
    at __webpack_require__ (http://localhost:3000/_next/static/chunks/webpack.js?v=1785511424996:29:33)
    at fn (http://localhost:3000/_next/static/chunks/webpack.js?v=1785511424996:361:21)
    at  (webpack-internal:///(app-pages-browser)/./node_modules/next/dist/compiled/scheduler/index.js:4:20)
    at (app-pages-browser)/./node_modules/next/dist/compiled/scheduler/index.js (http://localhost:3000/_next/static/chunks/main-app.js?v=1785511424996:1335:1)
    at options.factory (http://localhost:3000/_next/static/chunks/webpack.js?v=1785511424996:708:31)
    at __webpack_require__ (http://localhost:3000/_next/static/chunks/webpack.js?v=1785511424996:29:33)
    at fn (http://localhost:3000/_next/static/chunks/webpack.js?v=1785511424996:361:21)
    at  (webpack-internal:///(app-pages-browser)/./node_modules/next/dist/compiled/react-dom/cjs/react-dom-client.development.js:26424:40)
    at  (webpack-internal:///(app-pages-browser)/./node_modules/next/dist/compiled/react-dom/cjs/react-dom-client.development.js:30808:5)
    at (app-pages-browser)/./node_modules/next/dist/compiled/react-dom/cjs/react-dom-client.development.js (http://localhost:3000/_next/static/chunks/main-app.js?v=1785511424996:1182:1)
    at options.factory (http://localhost:3000/_next/static/chunks/webpack.js?v=1785511424996:708:31)
    at __webpack_require__ (http://localhost:3000/_next/static/chunks/webpack.js?v=1785511424996:29:33)
    at fn (http://localhost:3000/_next/static/chunks/webpack.js?v=1785511424996:361:21)
    at  (webpack-internal:///(app-pages-browser)/./node_modules/next/dist/compiled/react-dom/client.js:32:20)
    at (app-pages-browser)/./node_modules/next/dist/compiled/react-dom/client.js (http://localhost:3000/_next/static/chunks/main-app.js?v=1785511424996:1204:1)
    at options.factory (http://localhost:3000/_next/static/chunks/webpack.js?v=1785511424996:708:31)
    at __webpack_require__ (http://localhost:3000/_next/static/chunks/webpack.js?v=1785511424996:29:33)
    at fn (http://localhost:3000/_next/static/chunks/webpack.js?v=1785511424996:361:21)
    at  (webpack-internal:///(app-pages-browser)/./node_modules/next/dist/client/app-index.js:14:58)
    at (app-pages-browser)/./node_modules/next/dist/client/app-index.js (http://localhost:3000/_next/static/chunks/main-app.js?v=1785511424996:116:1)
    at options.factory (http://localhost:3000/_next/static/chunks/webpack.js?v=1785511424996:708:31)
    at __webpack_require__ (http://localhost:3000/_next/static/chunks/webpack.js?v=1785511424996:29:33)
    at fn (http://localhost:3000/_next/static/chunks/webpack.js?v=1785511424996:361:21)
    at  (webpack-internal:///(app-pages-browser)/./node_modules/next/dist/client/app-next-dev.js:15:44)
    at appBootstrap/< (webpack-internal:///(app-pages-browser)/./node_modules/next/dist/client/app-bootstrap.js:60:16)
    at loadScriptsInSequence (webpack-internal:///(app-pages-browser)/./node_modules/next/dist/client/app-bootstrap.js:25:16)
    at appBootstrap (webpack-internal:///(app-pages-browser)/./node_modules/next/dist/client/app-bootstrap.js:54:26)
    at  (webpack-internal:///(app-pages-browser)/./node_modules/next/dist/client/app-next-dev.js:13:32)
    at (app-pages-browser)/./node_modules/next/dist/client/app-next-dev.js (http://localhost:3000/_next/static/chunks/main-app.js?v=1785511424996:138:1)
    at options.factory (http://localhost:3000/_next/static/chunks/webpack.js?v=1785511424996:708:31)
    at __webpack_require__ (http://localhost:3000/_next/static/chunks/webpack.js?v=1785511424996:29:33)
    at __webpack_exec__ (http://localhost:3000/_next/static/chunks/main-app.js?v=1785511424996:1956:67)
    at  (http://localhost:3000/_next/static/chunks/main-app.js?v=1785511424996:1957:154)
    at webpackJsonpCallback (http://localhost:3000/_next/static/chunks/webpack.js?v=1785511424996:1395:46)
    at  (http://localhost:3000/_next/static/chunks/main-app.js?v=1785511424996:9:61)
[  152075ms] [TIMESTAMP] Waiting for Paint @ webpack-internal:///(app-pages-browser)/./node_modules/next/dist/compiled/react-dom/cjs/react-dom-client.development.js:19929
[  152084ms] [TIMESTAMP] Root @ webpack-internal:///(app-pages-browser)/./node_modules/next/dist/compiled/react-dom/cjs/react-dom-client.development.js:4426
[  152084ms] [TIMESTAMP] ServerRoot @ webpack-internal:///(app-pages-browser)/./node_modules/next/dist/compiled/react-dom/cjs/react-dom-client.development.js:4426
[  152092ms] [TIMESTAMP] AppRouter @ webpack-internal:///(app-pages-browser)/./node_modules/next/dist/compiled/react-dom/cjs/react-dom-client.development.js:4426
[  152092ms] [TIMESTAMP] RootErrorBoundary @ webpack-internal:///(app-pages-browser)/./node_modules/next/dist/compiled/react-dom/cjs/react-dom-client.development.js:4426
[  152097ms] [TIMESTAMP] ErrorBoundary @ webpack-internal:///(app-pages-browser)/./node_modules/next/dist/compiled/react-dom/cjs/react-dom-client.development.js:4426
[  152115ms] [TIMESTAMP] ErrorBoundaryHandler @ webpack-internal:///(app-pages-browser)/./node_modules/next/dist/compiled/react-dom/cjs/react-dom-client.development.js:4426
[  152116ms] [TIMESTAMP] Router @ webpack-internal:///(app-pages-browser)/./node_modules/next/dist/compiled/react-dom/cjs/react-dom-client.development.js:4426
[  152117ms] [TIMESTAMP] HistoryUpdater @ webpack-internal:///(app-pages-browser)/./node_modules/next/dist/compiled/react-dom/cjs/react-dom-client.development.js:4426
[  152118ms] [TIMESTAMP] HistoryUpdater @ webpack-internal:///(app-pages-browser)/./node_modules/next/dist/compiled/react-dom/cjs/react-dom-client.development.js:4554
[  152118ms] [TIMESTAMP] RuntimeStylesForWebpack @ webpack-internal:///(app-pages-browser)/./node_modules/next/dist/compiled/react-dom/cjs/react-dom-client.development.js:4426
[  152129ms] [TIMESTAMP] RuntimeStylesForWebpack @ webpack-internal:///(app-pages-browser)/./node_modules/next/dist/compiled/react-dom/cjs/react-dom-client.development.js:4554
[  152129ms] [TIMESTAMP] HotReload @ webpack-internal:///(app-pages-browser)/./node_modules/next/dist/compiled/react-dom/cjs/react-dom-client.development.js:4426
[  152131ms] [TIMESTAMP] ErroredHtml @ webpack-internal:///(app-pages-browser)/./node_modules/next/dist/compiled/react-dom/cjs/react-dom-client.development.js:4426
[  152131ms] [TIMESTAMP] ErrorBoundary @ webpack-internal:///(app-pages-browser)/./node_modules/next/dist/compiled/react-dom/cjs/react-dom-client.development.js:4426
[  152132ms] [TIMESTAMP] ErrorBoundaryHandler @ webpack-internal:///(app-pages-browser)/./node_modules/next/dist/compiled/react-dom/cjs/react-dom-client.development.js:4426
[  152133ms] [TIMESTAMP] SegmentViewNode @ webpack-internal:///(app-pages-browser)/./node_modules/next/dist/compiled/react-dom/cjs/react-dom-client.development.js:4426
[  152133ms] [TIMESTAMP] DefaultGlobalError @ webpack-internal:///(app-pages-browser)/./node_modules/next/dist/compiled/react-dom/cjs/react-dom-client.development.js:4426
[  152134ms] [TIMESTAMP] WarningIcon @ webpack-internal:///(app-pages-browser)/./node_modules/next/dist/compiled/react-dom/cjs/react-dom-client.development.js:4426
[  152135ms] [TIMESTAMP] HotReload @ webpack-internal:///(app-pages-browser)/./node_modules/next/dist/compiled/react-dom/cjs/react-dom-client.development.js:4554
[  152137ms] [TIMESTAMP] Router @ webpack-internal:///(app-pages-browser)/./node_modules/next/dist/compiled/react-dom/cjs/react-dom-client.development.js:4554
[  152142ms] [TIMESTAMP] Router @ webpack-internal:///(app-pages-browser)/./node_modules/next/dist/compiled/react-dom/cjs/react-dom-client.development.js:4554
[  152145ms] [TIMESTAMP] Remaining Effects @ webpack-internal:///(app-pages-browser)/./node_modules/next/dist/compiled/react-dom/cjs/react-dom-client.development.js:19980
[  152165ms] [TIMESTAMP] Blocking Track @ webpack-internal:///(app-pages-browser)/./node_modules/next/dist/compiled/react-dom/cjs/react-dom-client.development.js:18271
[  152166ms] [TIMESTAMP] Transition Track @ webpack-internal:///(app-pages-browser)/./node_modules/next/dist/compiled/react-dom/cjs/react-dom-client.development.js:18279
[  152166ms] [TIMESTAMP] Suspense Track @ webpack-internal:///(app-pages-browser)/./node_modules/next/dist/compiled/react-dom/cjs/react-dom-client.development.js:18287
[  152166ms] [TIMESTAMP] Idle Track @ webpack-internal:///(app-pages-browser)/./node_modules/next/dist/compiled/react-dom/cjs/react-dom-client.development.js:18295
[  152167ms] [TIMESTAMP] Render @ webpack-internal:///(app-pages-browser)/./node_modules/next/dist/compiled/react-dom/cjs/react-dom-client.development.js:19292
[  152169ms] [TIMESTAMP] Commit @ webpack-internal:///(app-pages-browser)/./node_modules/next/dist/compiled/react-dom/cjs/react-dom-client.development.js:4724
[  171569ms] [INFO] Download the React DevTools for a better development experience: https://react.dev/link/react-devtools @ webpack-internal:///(app-pages-browser)/./node_modules/next/dist/next-devtools/shared/forward-logs-shared.js:27
[  171974ms] [TIMESTAMP] Server Requests Track @ webpack-internal:///(app-pages-browser)/./node_modules/next/dist/compiled/react-server-dom-webpack/cjs/react-server-dom-webpack-client.browser.development.js:1241
[  171977ms] [TIMESTAMP] Server Components Track @ webpack-internal:///(app-pages-browser)/./node_modules/next/dist/compiled/react-server-dom-webpack/cjs/react-server-dom-webpack-client.browser.development.js:1249
[  172296ms] [LOG] [HMR] connected @ webpack-internal:///(app-pages-browser)/./node_modules/next/dist/next-devtools/shared/forward-logs-shared.js:27
[  172531ms] [TIMESTAMP] Server Requests Track @ webpack-internal:///(app-pages-browser)/./node_modules/next/dist/compiled/react-server-dom-webpack/cjs/react-server-dom-webpack-client.browser.development.js:1241
[  172534ms] [TIMESTAMP] Server Components Track @ webpack-internal:///(app-pages-browser)/./node_modules/next/dist/compiled/react-server-dom-webpack/cjs/react-server-dom-webpack-client.browser.development.js:1249
[  172547ms] [TIMESTAMP] ​Preloads @ webpack-internal:///(app-pages-browser)/./node_modules/next/dist/compiled/react-server-dom-webpack/cjs/react-server-dom-webpack-client.browser.development.js:3943
[  172547ms] [TIMESTAMP] ​Loading @ webpack-internal:///(app-pages-browser)/./node_modules/next/dist/compiled/react-server-dom-webpack/cjs/react-server-dom-webpack-client.browser.development.js:3943
[  172552ms] [TIMESTAMP] ​HTTPAccessErrorFallback @ webpack-internal:///(app-pages-browser)/./node_modules/next/dist/compiled/react-server-dom-webpack/cjs/react-server-dom-webpack-client.browser.development.js:3943
[  172553ms] [TIMESTAMP] ​NotFound @ webpack-internal:///(app-pages-browser)/./node_modules/next/dist/compiled/react-server-dom-webpack/cjs/react-server-dom-webpack-client.browser.development.js:3943
[  172553ms] [TIMESTAMP] ​RootLayout @ webpack-internal:///(app-pages-browser)/./node_modules/next/dist/compiled/react-server-dom-webpack/cjs/react-server-dom-webpack-client.browser.development.js:3943
[  172554ms] [TIMESTAMP] ​HTTPAccessErrorFallback @ webpack-internal:///(app-pages-browser)/./node_modules/next/dist/compiled/react-server-dom-webpack/cjs/react-server-dom-webpack-client.browser.development.js:3943
[  172555ms] [TIMESTAMP] ​NotFound @ webpack-internal:///(app-pages-browser)/./node_modules/next/dist/compiled/react-server-dom-webpack/cjs/react-server-dom-webpack-client.browser.development.js:3943
[  172558ms] [TIMESTAMP] ​Next.MetadataOutlet @ webpack-internal:///(app-pages-browser)/./node_modules/next/dist/compiled/react-server-dom-webpack/cjs/react-server-dom-webpack-client.browser.development.js:3943
[  172568ms] [TIMESTAMP] ​NonIndex @ webpack-internal:///(app-pages-browser)/./node_modules/next/dist/compiled/react-server-dom-webpack/cjs/react-server-dom-webpack-client.browser.development.js:3943
[  172568ms] [TIMESTAMP] ​Next.Viewport @ webpack-internal:///(app-pages-browser)/./node_modules/next/dist/compiled/react-server-dom-webpack/cjs/react-server-dom-webpack-client.browser.development.js:3943
[  172569ms] [TIMESTAMP] ​ViewportWrapper @ webpack-internal:///(app-pages-browser)/./node_modules/next/dist/compiled/react-server-dom-webpack/cjs/react-server-dom-webpack-client.browser.development.js:3943
[  172569ms] [TIMESTAMP] ​Next.Metadata @ webpack-internal:///(app-pages-browser)/./node_modules/next/dist/compiled/react-server-dom-webpack/cjs/react-server-dom-webpack-client.browser.development.js:3943
[  172577ms] [TIMESTAMP] ​MetadataWrapper @ webpack-internal:///(app-pages-browser)/./node_modules/next/dist/compiled/react-server-dom-webpack/cjs/react-server-dom-webpack-client.browser.development.js:3943
[  172601ms] [TIMESTAMP] Blocking Track @ webpack-internal:///(app-pages-browser)/./node_modules/next/dist/compiled/react-dom/cjs/react-dom-client.development.js:18271
[  172613ms] [TIMESTAMP] Transition Track @ webpack-internal:///(app-pages-browser)/./node_modules/next/dist/compiled/react-dom/cjs/react-dom-client.development.js:18279
[  172616ms] [TIMESTAMP] Suspense Track @ webpack-internal:///(app-pages-browser)/./node_modules/next/dist/compiled/react-dom/cjs/react-dom-client.development.js:18287
[  172617ms] [TIMESTAMP] Idle Track @ webpack-internal:///(app-pages-browser)/./node_modules/next/dist/compiled/react-dom/cjs/react-dom-client.development.js:18295
[  172670ms] [TIMESTAMP] Blocked @ webpack-internal:///(app-pages-browser)/./node_modules/next/dist/compiled/react-dom/cjs/react-dom-client.development.js:17801
[  172696ms] [TIMESTAMP] Blocked @ webpack-internal:///(app-pages-browser)/./node_modules/next/dist/compiled/react-dom/cjs/react-dom-client.development.js:17801
[  172714ms] [TIMESTAMP] Blocked @ webpack-internal:///(app-pages-browser)/./node_modules/next/dist/compiled/react-dom/cjs/react-dom-client.development.js:17801
[  172728ms] [TIMESTAMP] Blocked @ webpack-internal:///(app-pages-browser)/./node_modules/next/dist/compiled/react-dom/cjs/react-dom-client.development.js:17801
[  172773ms] [TIMESTAMP] Blocked @ webpack-internal:///(app-pages-browser)/./node_modules/next/dist/compiled/react-dom/cjs/react-dom-client.development.js:17801
[  172845ms] [TIMESTAMP] Blocked @ webpack-internal:///(app-pages-browser)/./node_modules/next/dist/compiled/react-dom/cjs/react-dom-client.development.js:17801
[  172882ms] [TIMESTAMP] Blocked @ webpack-internal:///(app-pages-browser)/./node_modules/next/dist/compiled/react-dom/cjs/react-dom-client.development.js:17801
[  172935ms] [TIMESTAMP] Blocked @ webpack-internal:///(app-pages-browser)/./node_modules/next/dist/compiled/react-dom/cjs/react-dom-client.development.js:17801
[  172950ms] [TIMESTAMP] Blocked @ webpack-internal:///(app-pages-browser)/./node_modules/next/dist/compiled/react-dom/cjs/react-dom-client.development.js:17801
[  173018ms] [TIMESTAMP] Blocked @ webpack-internal:///(app-pages-browser)/./node_modules/next/dist/compiled/react-dom/cjs/react-dom-client.development.js:17801
[  173023ms] [TIMESTAMP] Errored @ webpack-internal:///(app-pages-browser)/./node_modules/next/dist/compiled/react-dom/cjs/react-dom-client.development.js:4630
[  173024ms] [TIMESTAMP] Blocking Track @ webpack-internal:///(app-pages-browser)/./node_modules/next/dist/compiled/react-dom/cjs/react-dom-client.development.js:18271
[  173025ms] [TIMESTAMP] Transition Track @ webpack-internal:///(app-pages-browser)/./node_modules/next/dist/compiled/react-dom/cjs/react-dom-client.development.js:18279
[  173025ms] [TIMESTAMP] Suspense Track @ webpack-internal:///(app-pages-browser)/./node_modules/next/dist/compiled/react-dom/cjs/react-dom-client.development.js:18287
[  173026ms] [TIMESTAMP] Idle Track @ webpack-internal:///(app-pages-browser)/./node_modules/next/dist/compiled/react-dom/cjs/react-dom-client.development.js:18295
[  173072ms] [ERROR] Encountered a script tag while rendering React component. Scripts inside React components are never executed when rendering on the client. Consider using template tag instead (https://developer.mozilla.org/en-US/docs/Web/HTML/Element/template). @ webpack-internal:///(app-pages-browser)/./node_modules/next/dist/next-devtools/userspace/app/errors/intercept-console-error.js:57
[  173112ms] [TIMESTAMP] Errored @ webpack-internal:///(app-pages-browser)/./node_modules/next/dist/compiled/react-dom/cjs/react-dom-client.development.js:4630
[  173195ms] [TIMESTAMP] SegmentTrieNode @ webpack-internal:///(app-pages-browser)/./node_modules/next/dist/compiled/react-dom/cjs/react-dom-client.development.js:4554
[  173201ms] [TIMESTAMP] Commit @ webpack-internal:///(app-pages-browser)/./node_modules/next/dist/compiled/react-dom/cjs/react-dom-client.development.js:4724
[  173228ms] Error: Element type is invalid. Received a promise that resolves to: undefined. Lazy element type must resolve to a class or function.
    at beginWork (webpack-internal:///(app-pages-browser)/./node_modules/next/dist/compiled/react-dom/cjs/react-dom-client.development.js:12104:19)
    at runWithFiberInDEV (webpack-internal:///(app-pages-browser)/./node_modules/next/dist/compiled/react-dom/cjs/react-dom-client.development.js:990:13)
    at performUnitOfWork (webpack-internal:///(app-pages-browser)/./node_modules/next/dist/compiled/react-dom/cjs/react-dom-client.development.js:18989:22)
    at workLoopSync (webpack-internal:///(app-pages-browser)/./node_modules/next/dist/compiled/react-dom/cjs/react-dom-client.development.js:18817:58)
    at renderRootSync (webpack-internal:///(app-pages-browser)/./node_modules/next/dist/compiled/react-dom/cjs/react-dom-client.development.js:18798:11)
    at performWorkOnRoot (webpack-internal:///(app-pages-browser)/./node_modules/next/dist/compiled/react-dom/cjs/react-dom-client.development.js:17903:35)
    at performWorkOnRootViaSchedulerTask (webpack-internal:///(app-pages-browser)/./node_modules/next/dist/compiled/react-dom/cjs/react-dom-client.development.js:20472:24)
    at performWorkUntilDeadline (webpack-internal:///(app-pages-browser)/./node_modules/next/dist/compiled/scheduler/cjs/scheduler.development.js:45:56)
    at EventHandlerNonNull* (webpack-internal:///(app-pages-browser)/./node_modules/next/dist/compiled/scheduler/cjs/scheduler.development.js:223:7)
    at  (webpack-internal:///(app-pages-browser)/./node_modules/next/dist/compiled/scheduler/cjs/scheduler.development.js:364:5)
    at (app-pages-browser)/./node_modules/next/dist/compiled/scheduler/cjs/scheduler.development.js (http://localhost:3000/_next/static/chunks/main-app.js?v=1785511436987:1324:1)
    at options.factory (http://localhost:3000/_next/static/chunks/webpack.js?v=1785511436987:708:31)
    at __webpack_require__ (http://localhost:3000/_next/static/chunks/webpack.js?v=1785511436987:29:33)
    at fn (http://localhost:3000/_next/static/chunks/webpack.js?v=1785511436987:361:21)
    at  (webpack-internal:///(app-pages-browser)/./node_modules/next/dist/compiled/scheduler/index.js:4:20)
    at (app-pages-browser)/./node_modules/next/dist/compiled/scheduler/index.js (http://localhost:3000/_next/static/chunks/main-app.js?v=1785511436987:1335:1)
    at options.factory (http://localhost:3000/_next/static/chunks/webpack.js?v=1785511436987:708:31)
    at __webpack_require__ (http://localhost:3000/_next/static/chunks/webpack.js?v=1785511436987:29:33)
    at fn (http://localhost:3000/_next/static/chunks/webpack.js?v=1785511436987:361:21)
    at  (webpack-internal:///(app-pages-browser)/./node_modules/next/dist/compiled/react-dom/cjs/react-dom-client.development.js:26424:40)
    at  (webpack-internal:///(app-pages-browser)/./node_modules/next/dist/compiled/react-dom/cjs/react-dom-client.development.js:30808:5)
    at (app-pages-browser)/./node_modules/next/dist/compiled/react-dom/cjs/react-dom-client.development.js (http://localhost:3000/_next/static/chunks/main-app.js?v=1785511436987:1182:1)
    at options.factory (http://localhost:3000/_next/static/chunks/webpack.js?v=1785511436987:708:31)
    at __webpack_require__ (http://localhost:3000/_next/static/chunks/webpack.js?v=1785511436987:29:33)
    at fn (http://localhost:3000/_next/static/chunks/webpack.js?v=1785511436987:361:21)
    at  (webpack-internal:///(app-pages-browser)/./node_modules/next/dist/compiled/react-dom/client.js:32:20)
    at (app-pages-browser)/./node_modules/next/dist/compiled/react-dom/client.js (http://localhost:3000/_next/static/chunks/main-app.js?v=1785511436987:1204:1)
    at options.factory (http://localhost:3000/_next/static/chunks/webpack.js?v=1785511436987:708:31)
    at __webpack_require__ (http://localhost:3000/_next/static/chunks/webpack.js?v=1785511436987:29:33)
    at fn (http://localhost:3000/_next/static/chunks/webpack.js?v=1785511436987:361:21)
    at  (webpack-internal:///(app-pages-browser)/./node_modules/next/dist/client/app-index.js:14:58)
    at (app-pages-browser)/./node_modules/next/dist/client/app-index.js (http://localhost:3000/_next/static/chunks/main-app.js?v=1785511436987:116:1)
    at options.factory (http://localhost:3000/_next/static/chunks/webpack.js?v=1785511436987:708:31)
    at __webpack_require__ (http://localhost:3000/_next/static/chunks/webpack.js?v=1785511436987:29:33)
    at fn (http://localhost:3000/_next/static/chunks/webpack.js?v=1785511436987:361:21)
    at  (webpack-internal:///(app-pages-browser)/./node_modules/next/dist/client/app-next-dev.js:15:44)
    at appBootstrap/< (webpack-internal:///(app-pages-browser)/./node_modules/next/dist/client/app-bootstrap.js:60:16)
    at loadScriptsInSequence (webpack-internal:///(app-pages-browser)/./node_modules/next/dist/client/app-bootstrap.js:25:16)
    at appBootstrap (webpack-internal:///(app-pages-browser)/./node_modules/next/dist/client/app-bootstrap.js:54:26)
    at  (webpack-internal:///(app-pages-browser)/./node_modules/next/dist/client/app-next-dev.js:13:32)
    at (app-pages-browser)/./node_modules/next/dist/client/app-next-dev.js (http://localhost:3000/_next/static/chunks/main-app.js?v=1785511436987:138:1)
    at options.factory (http://localhost:3000/_next/static/chunks/webpack.js?v=1785511436987:708:31)
    at __webpack_require__ (http://localhost:3000/_next/static/chunks/webpack.js?v=1785511436987:29:33)
    at __webpack_exec__ (http://localhost:3000/_next/static/chunks/main-app.js?v=1785511436987:1956:67)
    at  (http://localhost:3000/_next/static/chunks/main-app.js?v=1785511436987:1957:154)
    at webpackJsonpCallback (http://localhost:3000/_next/static/chunks/webpack.js?v=1785511436987:1395:46)
    at  (http://localhost:3000/_next/static/chunks/main-app.js?v=1785511436987:9:61)
[  173233ms] [TIMESTAMP] Waiting for Paint @ webpack-internal:///(app-pages-browser)/./node_modules/next/dist/compiled/react-dom/cjs/react-dom-client.development.js:19929
[  173249ms] [TIMESTAMP] Root @ webpack-internal:///(app-pages-browser)/./node_modules/next/dist/compiled/react-dom/cjs/react-dom-client.development.js:4426
[  173253ms] [TIMESTAMP] ServerRoot @ webpack-internal:///(app-pages-browser)/./node_modules/next/dist/compiled/react-dom/cjs/react-dom-client.development.js:4426
[  173257ms] [TIMESTAMP] AppRouter @ webpack-internal:///(app-pages-browser)/./node_modules/next/dist/compiled/react-dom/cjs/react-dom-client.development.js:4426
[  173258ms] [TIMESTAMP] RootErrorBoundary @ webpack-internal:///(app-pages-browser)/./node_modules/next/dist/compiled/react-dom/cjs/react-dom-client.development.js:4426
[  173265ms] [TIMESTAMP] ErrorBoundary @ webpack-internal:///(app-pages-browser)/./node_modules/next/dist/compiled/react-dom/cjs/react-dom-client.development.js:4426
[  173266ms] [TIMESTAMP] ErrorBoundaryHandler @ webpack-internal:///(app-pages-browser)/./node_modules/next/dist/compiled/react-dom/cjs/react-dom-client.development.js:4426
[  173276ms] [TIMESTAMP] Router @ webpack-internal:///(app-pages-browser)/./node_modules/next/dist/compiled/react-dom/cjs/react-dom-client.development.js:4426
[  173277ms] [TIMESTAMP] HistoryUpdater @ webpack-internal:///(app-pages-browser)/./node_modules/next/dist/compiled/react-dom/cjs/react-dom-client.development.js:4426
[  173278ms] [TIMESTAMP] HistoryUpdater @ webpack-internal:///(app-pages-browser)/./node_modules/next/dist/compiled/react-dom/cjs/react-dom-client.development.js:4554
[  173279ms] [TIMESTAMP] RuntimeStylesForWebpack @ webpack-internal:///(app-pages-browser)/./node_modules/next/dist/compiled/react-dom/cjs/react-dom-client.development.js:4426
[  173279ms] [TIMESTAMP] RuntimeStylesForWebpack @ webpack-internal:///(app-pages-browser)/./node_modules/next/dist/compiled/react-dom/cjs/react-dom-client.development.js:4554
[  173279ms] [TIMESTAMP] HotReload @ webpack-internal:///(app-pages-browser)/./node_modules/next/dist/compiled/react-dom/cjs/react-dom-client.development.js:4426
[  173280ms] [TIMESTAMP] ErroredHtml @ webpack-internal:///(app-pages-browser)/./node_modules/next/dist/compiled/react-dom/cjs/react-dom-client.development.js:4426
[  173281ms] [TIMESTAMP] ErrorBoundary @ webpack-internal:///(app-pages-browser)/./node_modules/next/dist/compiled/react-dom/cjs/react-dom-client.development.js:4426
[  173282ms] [TIMESTAMP] ErrorBoundaryHandler @ webpack-internal:///(app-pages-browser)/./node_modules/next/dist/compiled/react-dom/cjs/react-dom-client.development.js:4426
[  173282ms] [TIMESTAMP] SegmentViewNode @ webpack-internal:///(app-pages-browser)/./node_modules/next/dist/compiled/react-dom/cjs/react-dom-client.development.js:4426
[  173282ms] [TIMESTAMP] DefaultGlobalError @ webpack-internal:///(app-pages-browser)/./node_modules/next/dist/compiled/react-dom/cjs/react-dom-client.development.js:4426
[  173282ms] [TIMESTAMP] WarningIcon @ webpack-internal:///(app-pages-browser)/./node_modules/next/dist/compiled/react-dom/cjs/react-dom-client.development.js:4426
[  173283ms] [TIMESTAMP] HotReload @ webpack-internal:///(app-pages-browser)/./node_modules/next/dist/compiled/react-dom/cjs/react-dom-client.development.js:4554
[  173284ms] [TIMESTAMP] Router @ webpack-internal:///(app-pages-browser)/./node_modules/next/dist/compiled/react-dom/cjs/react-dom-client.development.js:4554
[  173293ms] [TIMESTAMP] HotReload @ webpack-internal:///(app-pages-browser)/./node_modules/next/dist/compiled/react-dom/cjs/react-dom-client.development.js:4554
[  173294ms] [TIMESTAMP] Router @ webpack-internal:///(app-pages-browser)/./node_modules/next/dist/compiled/react-dom/cjs/react-dom-client.development.js:4554
[  173295ms] [TIMESTAMP] Remaining Effects @ webpack-internal:///(app-pages-browser)/./node_modules/next/dist/compiled/react-dom/cjs/react-dom-client.development.js:19980
[  173317ms] [TIMESTAMP] Blocking Track @ webpack-internal:///(app-pages-browser)/./node_modules/next/dist/compiled/react-dom/cjs/react-dom-client.development.js:18271
[  173318ms] [TIMESTAMP] Transition Track @ webpack-internal:///(app-pages-browser)/./node_modules/next/dist/compiled/react-dom/cjs/react-dom-client.development.js:18279
[  173318ms] [TIMESTAMP] Suspense Track @ webpack-internal:///(app-pages-browser)/./node_modules/next/dist/compiled/react-dom/cjs/react-dom-client.development.js:18287
[  173319ms] [TIMESTAMP] Idle Track @ webpack-internal:///(app-pages-browser)/./node_modules/next/dist/compiled/react-dom/cjs/react-dom-client.development.js:18295
[  173320ms] [TIMESTAMP] Render @ webpack-internal:///(app-pages-browser)/./node_modules/next/dist/compiled/react-dom/cjs/react-dom-client.development.js:19292
[  183020ms] [INFO] Download the React DevTools for a better development experience: https://react.dev/link/react-devtools @ webpack-internal:///(app-pages-browser)/./node_modules/next/dist/next-devtools/shared/forward-logs-shared.js:27
[  183141ms] [TIMESTAMP] Server Requests Track @ webpack-internal:///(app-pages-browser)/./node_modules/next/dist/compiled/react-server-dom-webpack/cjs/react-server-dom-webpack-client.browser.development.js:1241
[  183142ms] [TIMESTAMP] Server Components Track @ webpack-internal:///(app-pages-browser)/./node_modules/next/dist/compiled/react-server-dom-webpack/cjs/react-server-dom-webpack-client.browser.development.js:1249
[  183230ms] [LOG] [HMR] connected @ webpack-internal:///(app-pages-browser)/./node_modules/next/dist/next-devtools/shared/forward-logs-shared.js:27
[  183281ms] [TIMESTAMP] Blocking Track @ webpack-internal:///(app-pages-browser)/./node_modules/next/dist/compiled/react-dom/cjs/react-dom-client.development.js:18271
[  183281ms] [TIMESTAMP] Transition Track @ webpack-internal:///(app-pages-browser)/./node_modules/next/dist/compiled/react-dom/cjs/react-dom-client.development.js:18279
[  183281ms] [TIMESTAMP] Suspense Track @ webpack-internal:///(app-pages-browser)/./node_modules/next/dist/compiled/react-dom/cjs/react-dom-client.development.js:18287
[  183282ms] [TIMESTAMP] Idle Track @ webpack-internal:///(app-pages-browser)/./node_modules/next/dist/compiled/react-dom/cjs/react-dom-client.development.js:18295
[  183292ms] [TIMESTAMP] Blocked @ webpack-internal:///(app-pages-browser)/./node_modules/next/dist/compiled/react-dom/cjs/react-dom-client.development.js:17801
[  183323ms] [TIMESTAMP] Blocked @ webpack-internal:///(app-pages-browser)/./node_modules/next/dist/compiled/react-dom/cjs/react-dom-client.development.js:17801
[  183350ms] [TIMESTAMP] Server Requests Track @ webpack-internal:///(app-pages-browser)/./node_modules/next/dist/compiled/react-server-dom-webpack/cjs/react-server-dom-webpack-client.browser.development.js:1241
[  183352ms] [TIMESTAMP] Server Components Track @ webpack-internal:///(app-pages-browser)/./node_modules/next/dist/compiled/react-server-dom-webpack/cjs/react-server-dom-webpack-client.browser.development.js:1249
[  183359ms] [TIMESTAMP] ​Preloads @ webpack-internal:///(app-pages-browser)/./node_modules/next/dist/compiled/react-server-dom-webpack/cjs/react-server-dom-webpack-client.browser.development.js:3943
[  183361ms] [TIMESTAMP] ​Loading @ webpack-internal:///(app-pages-browser)/./node_modules/next/dist/compiled/react-server-dom-webpack/cjs/react-server-dom-webpack-client.browser.development.js:3943
[  183362ms] [TIMESTAMP] ​HTTPAccessErrorFallback @ webpack-internal:///(app-pages-browser)/./node_modules/next/dist/compiled/react-server-dom-webpack/cjs/react-server-dom-webpack-client.browser.development.js:3943
[  183362ms] [TIMESTAMP] ​NotFound @ webpack-internal:///(app-pages-browser)/./node_modules/next/dist/compiled/react-server-dom-webpack/cjs/react-server-dom-webpack-client.browser.development.js:3943
[  183363ms] [TIMESTAMP] ​RootLayout @ webpack-internal:///(app-pages-browser)/./node_modules/next/dist/compiled/react-server-dom-webpack/cjs/react-server-dom-webpack-client.browser.development.js:3943
[  183366ms] [TIMESTAMP] ​HTTPAccessErrorFallback @ webpack-internal:///(app-pages-browser)/./node_modules/next/dist/compiled/react-server-dom-webpack/cjs/react-server-dom-webpack-client.browser.development.js:3943
[  183370ms] [TIMESTAMP] ​NotFound @ webpack-internal:///(app-pages-browser)/./node_modules/next/dist/compiled/react-server-dom-webpack/cjs/react-server-dom-webpack-client.browser.development.js:3943
[  183374ms] [TIMESTAMP] ​Next.MetadataOutlet @ webpack-internal:///(app-pages-browser)/./node_modules/next/dist/compiled/react-server-dom-webpack/cjs/react-server-dom-webpack-client.browser.development.js:3943
[  183374ms] [TIMESTAMP] ​NonIndex @ webpack-internal:///(app-pages-browser)/./node_modules/next/dist/compiled/react-server-dom-webpack/cjs/react-server-dom-webpack-client.browser.development.js:3943
[  183377ms] [TIMESTAMP] ​Next.Viewport @ webpack-internal:///(app-pages-browser)/./node_modules/next/dist/compiled/react-server-dom-webpack/cjs/react-server-dom-webpack-client.browser.development.js:3943
[  183378ms] [TIMESTAMP] ​ViewportWrapper @ webpack-internal:///(app-pages-browser)/./node_modules/next/dist/compiled/react-server-dom-webpack/cjs/react-server-dom-webpack-client.browser.development.js:3943
[  183378ms] [TIMESTAMP] ​Next.Metadata @ webpack-internal:///(app-pages-browser)/./node_modules/next/dist/compiled/react-server-dom-webpack/cjs/react-server-dom-webpack-client.browser.development.js:3943
[  183378ms] [TIMESTAMP] ​MetadataWrapper @ webpack-internal:///(app-pages-browser)/./node_modules/next/dist/compiled/react-server-dom-webpack/cjs/react-server-dom-webpack-client.browser.development.js:3943
[  183382ms] [TIMESTAMP] Blocked @ webpack-internal:///(app-pages-browser)/./node_modules/next/dist/compiled/react-dom/cjs/react-dom-client.development.js:17801
[  183391ms] [TIMESTAMP] Blocked @ webpack-internal:///(app-pages-browser)/./node_modules/next/dist/compiled/react-dom/cjs/react-dom-client.development.js:17801
[  183425ms] [TIMESTAMP] Errored @ webpack-internal:///(app-pages-browser)/./node_modules/next/dist/compiled/react-dom/cjs/react-dom-client.development.js:4630
[  183427ms] [TIMESTAMP] Blocking Track @ webpack-internal:///(app-pages-browser)/./node_modules/next/dist/compiled/react-dom/cjs/react-dom-client.development.js:18271
[  183428ms] [TIMESTAMP] Transition Track @ webpack-internal:///(app-pages-browser)/./node_modules/next/dist/compiled/react-dom/cjs/react-dom-client.development.js:18279
[  183428ms] [TIMESTAMP] Suspense Track @ webpack-internal:///(app-pages-browser)/./node_modules/next/dist/compiled/react-dom/cjs/react-dom-client.development.js:18287
[  183428ms] [TIMESTAMP] Idle Track @ webpack-internal:///(app-pages-browser)/./node_modules/next/dist/compiled/react-dom/cjs/react-dom-client.development.js:18295
[  183450ms] [ERROR] Encountered a script tag while rendering React component. Scripts inside React components are never executed when rendering on the client. Consider using template tag instead (https://developer.mozilla.org/en-US/docs/Web/HTML/Element/template). @ webpack-internal:///(app-pages-browser)/./node_modules/next/dist/next-devtools/userspace/app/errors/intercept-console-error.js:57
[  183475ms] [TIMESTAMP] Errored @ webpack-internal:///(app-pages-browser)/./node_modules/next/dist/compiled/react-dom/cjs/react-dom-client.development.js:4630
[  183506ms] [TIMESTAMP] HistoryUpdater @ webpack-internal:///(app-pages-browser)/./node_modules/next/dist/compiled/react-dom/cjs/react-dom-client.development.js:4554
[  183519ms] [TIMESTAMP] SegmentTrieNode @ webpack-internal:///(app-pages-browser)/./node_modules/next/dist/compiled/react-dom/cjs/react-dom-client.development.js:4554
[  183567ms] [TIMESTAMP] Commit @ webpack-internal:///(app-pages-browser)/./node_modules/next/dist/compiled/react-dom/cjs/react-dom-client.development.js:4724
[  183583ms] Error: Element type is invalid. Received a promise that resolves to: undefined. Lazy element type must resolve to a class or function.
    at beginWork (webpack-internal:///(app-pages-browser)/./node_modules/next/dist/compiled/react-dom/cjs/react-dom-client.development.js:12104:19)
    at runWithFiberInDEV (webpack-internal:///(app-pages-browser)/./node_modules/next/dist/compiled/react-dom/cjs/react-dom-client.development.js:990:13)
    at performUnitOfWork (webpack-internal:///(app-pages-browser)/./node_modules/next/dist/compiled/react-dom/cjs/react-dom-client.development.js:18989:22)
    at workLoopSync (webpack-internal:///(app-pages-browser)/./node_modules/next/dist/compiled/react-dom/cjs/react-dom-client.development.js:18817:58)
    at renderRootSync (webpack-internal:///(app-pages-browser)/./node_modules/next/dist/compiled/react-dom/cjs/react-dom-client.development.js:18798:11)
    at performWorkOnRoot (webpack-internal:///(app-pages-browser)/./node_modules/next/dist/compiled/react-dom/cjs/react-dom-client.development.js:17903:35)
    at performWorkOnRootViaSchedulerTask (webpack-internal:///(app-pages-browser)/./node_modules/next/dist/compiled/react-dom/cjs/react-dom-client.development.js:20472:24)
    at performWorkUntilDeadline (webpack-internal:///(app-pages-browser)/./node_modules/next/dist/compiled/scheduler/cjs/scheduler.development.js:45:56)
    at EventHandlerNonNull* (webpack-internal:///(app-pages-browser)/./node_modules/next/dist/compiled/scheduler/cjs/scheduler.development.js:223:7)
    at  (webpack-internal:///(app-pages-browser)/./node_modules/next/dist/compiled/scheduler/cjs/scheduler.development.js:364:5)
    at (app-pages-browser)/./node_modules/next/dist/compiled/scheduler/cjs/scheduler.development.js (http://localhost:3000/_next/static/chunks/main-app.js?v=1785511458051:1324:1)
    at options.factory (http://localhost:3000/_next/static/chunks/webpack.js?v=1785511458051:708:31)
    at __webpack_require__ (http://localhost:3000/_next/static/chunks/webpack.js?v=1785511458051:29:33)
    at fn (http://localhost:3000/_next/static/chunks/webpack.js?v=1785511458051:361:21)
    at  (webpack-internal:///(app-pages-browser)/./node_modules/next/dist/compiled/scheduler/index.js:4:20)
    at (app-pages-browser)/./node_modules/next/dist/compiled/scheduler/index.js (http://localhost:3000/_next/static/chunks/main-app.js?v=1785511458051:1335:1)
    at options.factory (http://localhost:3000/_next/static/chunks/webpack.js?v=1785511458051:708:31)
    at __webpack_require__ (http://localhost:3000/_next/static/chunks/webpack.js?v=1785511458051:29:33)
    at fn (http://localhost:3000/_next/static/chunks/webpack.js?v=1785511458051:361:21)
    at  (webpack-internal:///(app-pages-browser)/./node_modules/next/dist/compiled/react-dom/cjs/react-dom-client.development.js:26424:40)
    at  (webpack-internal:///(app-pages-browser)/./node_modules/next/dist/compiled/react-dom/cjs/react-dom-client.development.js:30808:5)
    at (app-pages-browser)/./node_modules/next/dist/compiled/react-dom/cjs/react-dom-client.development.js (http://localhost:3000/_next/static/chunks/main-app.js?v=1785511458051:1182:1)
    at options.factory (http://localhost:3000/_next/static/chunks/webpack.js?v=1785511458051:708:31)
    at __webpack_require__ (http://localhost:3000/_next/static/chunks/webpack.js?v=1785511458051:29:33)
    at fn (http://localhost:3000/_next/static/chunks/webpack.js?v=1785511458051:361:21)
    at  (webpack-internal:///(app-pages-browser)/./node_modules/next/dist/compiled/react-dom/client.js:32:20)
    at (app-pages-browser)/./node_modules/next/dist/compiled/react-dom/client.js (http://localhost:3000/_next/static/chunks/main-app.js?v=1785511458051:1204:1)
    at options.factory (http://localhost:3000/_next/static/chunks/webpack.js?v=1785511458051:708:31)
    at __webpack_require__ (http://localhost:3000/_next/static/chunks/webpack.js?v=1785511458051:29:33)
    at fn (http://localhost:3000/_next/static/chunks/webpack.js?v=1785511458051:361:21)
    at  (webpack-internal:///(app-pages-browser)/./node_modules/next/dist/client/app-index.js:14:58)
    at (app-pages-browser)/./node_modules/next/dist/client/app-index.js (http://localhost:3000/_next/static/chunks/main-app.js?v=1785511458051:116:1)
    at options.factory (http://localhost:3000/_next/static/chunks/webpack.js?v=1785511458051:708:31)
    at __webpack_require__ (http://localhost:3000/_next/static/chunks/webpack.js?v=1785511458051:29:33)
    at fn (http://localhost:3000/_next/static/chunks/webpack.js?v=1785511458051:361:21)
    at  (webpack-internal:///(app-pages-browser)/./node_modules/next/dist/client/app-next-dev.js:15:44)
    at appBootstrap/< (webpack-internal:///(app-pages-browser)/./node_modules/next/dist/client/app-bootstrap.js:60:16)
    at loadScriptsInSequence (webpack-internal:///(app-pages-browser)/./node_modules/next/dist/client/app-bootstrap.js:25:16)
    at appBootstrap (webpack-internal:///(app-pages-browser)/./node_modules/next/dist/client/app-bootstrap.js:54:26)
    at  (webpack-internal:///(app-pages-browser)/./node_modules/next/dist/client/app-next-dev.js:13:32)
    at (app-pages-browser)/./node_modules/next/dist/client/app-next-dev.js (http://localhost:3000/_next/static/chunks/main-app.js?v=1785511458051:138:1)
    at options.factory (http://localhost:3000/_next/static/chunks/webpack.js?v=1785511458051:708:31)
    at __webpack_require__ (http://localhost:3000/_next/static/chunks/webpack.js?v=1785511458051:29:33)
    at __webpack_exec__ (http://localhost:3000/_next/static/chunks/main-app.js?v=1785511458051:1956:67)
    at  (http://localhost:3000/_next/static/chunks/main-app.js?v=1785511458051:1957:154)
    at webpackJsonpCallback (http://localhost:3000/_next/static/chunks/webpack.js?v=1785511458051:1395:46)
    at  (http://localhost:3000/_next/static/chunks/main-app.js?v=1785511458051:9:61)
[  183587ms] [TIMESTAMP] Waiting for Paint @ webpack-internal:///(app-pages-browser)/./node_modules/next/dist/compiled/react-dom/cjs/react-dom-client.development.js:19929
[  183589ms] [TIMESTAMP] Root @ webpack-internal:///(app-pages-browser)/./node_modules/next/dist/compiled/react-dom/cjs/react-dom-client.development.js:4426
[  183590ms] [TIMESTAMP] ServerRoot @ webpack-internal:///(app-pages-browser)/./node_modules/next/dist/compiled/react-dom/cjs/react-dom-client.development.js:4426
[  183598ms] [TIMESTAMP] AppRouter @ webpack-internal:///(app-pages-browser)/./node_modules/next/dist/compiled/react-dom/cjs/react-dom-client.development.js:4426
[  183599ms] [TIMESTAMP] RootErrorBoundary @ webpack-internal:///(app-pages-browser)/./node_modules/next/dist/compiled/react-dom/cjs/react-dom-client.development.js:4426
[  183600ms] [TIMESTAMP] ErrorBoundary @ webpack-internal:///(app-pages-browser)/./node_modules/next/dist/compiled/react-dom/cjs/react-dom-client.development.js:4426
[  183603ms] [TIMESTAMP] ErrorBoundaryHandler @ webpack-internal:///(app-pages-browser)/./node_modules/next/dist/compiled/react-dom/cjs/react-dom-client.development.js:4426
[  183605ms] [TIMESTAMP] Router @ webpack-internal:///(app-pages-browser)/./node_modules/next/dist/compiled/react-dom/cjs/react-dom-client.development.js:4426
[  183606ms] [TIMESTAMP] HistoryUpdater @ webpack-internal:///(app-pages-browser)/./node_modules/next/dist/compiled/react-dom/cjs/react-dom-client.development.js:4426
[  183609ms] [TIMESTAMP] HistoryUpdater @ webpack-internal:///(app-pages-browser)/./node_modules/next/dist/compiled/react-dom/cjs/react-dom-client.development.js:4554
[  183612ms] [TIMESTAMP] RuntimeStylesForWebpack @ webpack-internal:///(app-pages-browser)/./node_modules/next/dist/compiled/react-dom/cjs/react-dom-client.development.js:4426
[  183613ms] [TIMESTAMP] RuntimeStylesForWebpack @ webpack-internal:///(app-pages-browser)/./node_modules/next/dist/compiled/react-dom/cjs/react-dom-client.development.js:4554
[  183615ms] [TIMESTAMP] HotReload @ webpack-internal:///(app-pages-browser)/./node_modules/next/dist/compiled/react-dom/cjs/react-dom-client.development.js:4426
[  183619ms] [TIMESTAMP] ErroredHtml @ webpack-internal:///(app-pages-browser)/./node_modules/next/dist/compiled/react-dom/cjs/react-dom-client.development.js:4426
[  183626ms] [TIMESTAMP] ErrorBoundary @ webpack-internal:///(app-pages-browser)/./node_modules/next/dist/compiled/react-dom/cjs/react-dom-client.development.js:4426
[  183628ms] [TIMESTAMP] ErrorBoundaryHandler @ webpack-internal:///(app-pages-browser)/./node_modules/next/dist/compiled/react-dom/cjs/react-dom-client.development.js:4426
[  183667ms] [TIMESTAMP] SegmentViewNode @ webpack-internal:///(app-pages-browser)/./node_modules/next/dist/compiled/react-dom/cjs/react-dom-client.development.js:4426
[  183667ms] [TIMESTAMP] SegmentTrieNode @ webpack-internal:///(app-pages-browser)/./node_modules/next/dist/compiled/react-dom/cjs/react-dom-client.development.js:4426
[  183669ms] [TIMESTAMP] DefaultGlobalError @ webpack-internal:///(app-pages-browser)/./node_modules/next/dist/compiled/react-dom/cjs/react-dom-client.development.js:4426
[  183669ms] [TIMESTAMP] WarningIcon @ webpack-internal:///(app-pages-browser)/./node_modules/next/dist/compiled/react-dom/cjs/react-dom-client.development.js:4426
[  183671ms] [TIMESTAMP] HotReload @ webpack-internal:///(app-pages-browser)/./node_modules/next/dist/compiled/react-dom/cjs/react-dom-client.development.js:4554
[  183673ms] [TIMESTAMP] Router @ webpack-internal:///(app-pages-browser)/./node_modules/next/dist/compiled/react-dom/cjs/react-dom-client.development.js:4554
[  183677ms] [TIMESTAMP] Remaining Effects @ webpack-internal:///(app-pages-browser)/./node_modules/next/dist/compiled/react-dom/cjs/react-dom-client.development.js:19980
[  183696ms] [TIMESTAMP] Blocking Track @ webpack-internal:///(app-pages-browser)/./node_modules/next/dist/compiled/react-dom/cjs/react-dom-client.development.js:18271
[  183696ms] [TIMESTAMP] Transition Track @ webpack-internal:///(app-pages-browser)/./node_modules/next/dist/compiled/react-dom/cjs/react-dom-client.development.js:18279
[  183697ms] [TIMESTAMP] Suspense Track @ webpack-internal:///(app-pages-browser)/./node_modules/next/dist/compiled/react-dom/cjs/react-dom-client.development.js:18287
[  183697ms] [TIMESTAMP] Idle Track @ webpack-internal:///(app-pages-browser)/./node_modules/next/dist/compiled/react-dom/cjs/react-dom-client.development.js:18295
[  183698ms] [TIMESTAMP] Render @ webpack-internal:///(app-pages-browser)/./node_modules/next/dist/compiled/react-dom/cjs/react-dom-client.development.js:19292
[  183699ms] [TIMESTAMP] Commit @ webpack-internal:///(app-pages-browser)/./node_modules/next/dist/compiled/react-dom/cjs/react-dom-client.development.js:4724
[  188042ms] [INFO] Download the React DevTools for a better development experience: https://react.dev/link/react-devtools @ webpack-internal:///(app-pages-browser)/./node_modules/next/dist/next-devtools/shared/forward-logs-shared.js:27
[  188138ms] [TIMESTAMP] Server Requests Track @ webpack-internal:///(app-pages-browser)/./node_modules/next/dist/compiled/react-server-dom-webpack/cjs/react-server-dom-webpack-client.browser.development.js:1241
[  188138ms] [TIMESTAMP] Server Components Track @ webpack-internal:///(app-pages-browser)/./node_modules/next/dist/compiled/react-server-dom-webpack/cjs/react-server-dom-webpack-client.browser.development.js:1249
[  188223ms] [LOG] [HMR] connected @ webpack-internal:///(app-pages-browser)/./node_modules/next/dist/next-devtools/shared/forward-logs-shared.js:27
[  188317ms] [TIMESTAMP] Blocking Track @ webpack-internal:///(app-pages-browser)/./node_modules/next/dist/compiled/react-dom/cjs/react-dom-client.development.js:18271
[  188317ms] [TIMESTAMP] Transition Track @ webpack-internal:///(app-pages-browser)/./node_modules/next/dist/compiled/react-dom/cjs/react-dom-client.development.js:18279
[  188317ms] [TIMESTAMP] Suspense Track @ webpack-internal:///(app-pages-browser)/./node_modules/next/dist/compiled/react-dom/cjs/react-dom-client.development.js:18287
[  188317ms] [TIMESTAMP] Idle Track @ webpack-internal:///(app-pages-browser)/./node_modules/next/dist/compiled/react-dom/cjs/react-dom-client.development.js:18295
[  188329ms] [TIMESTAMP] Blocked @ webpack-internal:///(app-pages-browser)/./node_modules/next/dist/compiled/react-dom/cjs/react-dom-client.development.js:17801
[  188349ms] [TIMESTAMP] Blocked @ webpack-internal:///(app-pages-browser)/./node_modules/next/dist/compiled/react-dom/cjs/react-dom-client.development.js:17801
[  188354ms] [TIMESTAMP] Server Requests Track @ webpack-internal:///(app-pages-browser)/./node_modules/next/dist/compiled/react-server-dom-webpack/cjs/react-server-dom-webpack-client.browser.development.js:1241
[  188354ms] [TIMESTAMP] Server Components Track @ webpack-internal:///(app-pages-browser)/./node_modules/next/dist/compiled/react-server-dom-webpack/cjs/react-server-dom-webpack-client.browser.development.js:1249
[  188355ms] [TIMESTAMP] ​Preloads @ webpack-internal:///(app-pages-browser)/./node_modules/next/dist/compiled/react-server-dom-webpack/cjs/react-server-dom-webpack-client.browser.development.js:3943
[  188356ms] [TIMESTAMP] ​Loading @ webpack-internal:///(app-pages-browser)/./node_modules/next/dist/compiled/react-server-dom-webpack/cjs/react-server-dom-webpack-client.browser.development.js:3943
[  188356ms] [TIMESTAMP] ​HTTPAccessErrorFallback @ webpack-internal:///(app-pages-browser)/./node_modules/next/dist/compiled/react-server-dom-webpack/cjs/react-server-dom-webpack-client.browser.development.js:3943
[  188357ms] [TIMESTAMP] ​NotFound @ webpack-internal:///(app-pages-browser)/./node_modules/next/dist/compiled/react-server-dom-webpack/cjs/react-server-dom-webpack-client.browser.development.js:3943
[  188358ms] [TIMESTAMP] ​RootLayout @ webpack-internal:///(app-pages-browser)/./node_modules/next/dist/compiled/react-server-dom-webpack/cjs/react-server-dom-webpack-client.browser.development.js:3943
[  188358ms] [TIMESTAMP] ​HTTPAccessErrorFallback @ webpack-internal:///(app-pages-browser)/./node_modules/next/dist/compiled/react-server-dom-webpack/cjs/react-server-dom-webpack-client.browser.development.js:3943
[  188362ms] [TIMESTAMP] ​NotFound @ webpack-internal:///(app-pages-browser)/./node_modules/next/dist/compiled/react-server-dom-webpack/cjs/react-server-dom-webpack-client.browser.development.js:3943
[  188363ms] [TIMESTAMP] ​Next.MetadataOutlet @ webpack-internal:///(app-pages-browser)/./node_modules/next/dist/compiled/react-server-dom-webpack/cjs/react-server-dom-webpack-client.browser.development.js:3943
[  188364ms] [TIMESTAMP] ​NonIndex @ webpack-internal:///(app-pages-browser)/./node_modules/next/dist/compiled/react-server-dom-webpack/cjs/react-server-dom-webpack-client.browser.development.js:3943
[  188366ms] [TIMESTAMP] ​Next.Viewport @ webpack-internal:///(app-pages-browser)/./node_modules/next/dist/compiled/react-server-dom-webpack/cjs/react-server-dom-webpack-client.browser.development.js:3943
[  188367ms] [TIMESTAMP] ​ViewportWrapper @ webpack-internal:///(app-pages-browser)/./node_modules/next/dist/compiled/react-server-dom-webpack/cjs/react-server-dom-webpack-client.browser.development.js:3943
[  188368ms] [TIMESTAMP] ​Next.Metadata @ webpack-internal:///(app-pages-browser)/./node_modules/next/dist/compiled/react-server-dom-webpack/cjs/react-server-dom-webpack-client.browser.development.js:3943
[  188369ms] [TIMESTAMP] ​MetadataWrapper @ webpack-internal:///(app-pages-browser)/./node_modules/next/dist/compiled/react-server-dom-webpack/cjs/react-server-dom-webpack-client.browser.development.js:3943
[  188369ms] [TIMESTAMP] Blocked @ webpack-internal:///(app-pages-browser)/./node_modules/next/dist/compiled/react-dom/cjs/react-dom-client.development.js:17801
[  188450ms] [TIMESTAMP] Errored @ webpack-internal:///(app-pages-browser)/./node_modules/next/dist/compiled/react-dom/cjs/react-dom-client.development.js:4630
[  188450ms] [TIMESTAMP] Blocking Track @ webpack-internal:///(app-pages-browser)/./node_modules/next/dist/compiled/react-dom/cjs/react-dom-client.development.js:18271
[  188453ms] [TIMESTAMP] Transition Track @ webpack-internal:///(app-pages-browser)/./node_modules/next/dist/compiled/react-dom/cjs/react-dom-client.development.js:18279
[  188453ms] [TIMESTAMP] Suspense Track @ webpack-internal:///(app-pages-browser)/./node_modules/next/dist/compiled/react-dom/cjs/react-dom-client.development.js:18287
[  188454ms] [TIMESTAMP] Idle Track @ webpack-internal:///(app-pages-browser)/./node_modules/next/dist/compiled/react-dom/cjs/react-dom-client.development.js:18295
[  188491ms] [ERROR] Encountered a script tag while rendering React component. Scripts inside React components are never executed when rendering on the client. Consider using template tag instead (https://developer.mozilla.org/en-US/docs/Web/HTML/Element/template). @ webpack-internal:///(app-pages-browser)/./node_modules/next/dist/next-devtools/userspace/app/errors/intercept-console-error.js:57
[  188599ms] [TIMESTAMP] Errored @ webpack-internal:///(app-pages-browser)/./node_modules/next/dist/compiled/react-dom/cjs/react-dom-client.development.js:4630
[  188612ms] [TIMESTAMP] Commit @ webpack-internal:///(app-pages-browser)/./node_modules/next/dist/compiled/react-dom/cjs/react-dom-client.development.js:4724
[  188615ms] Error: Element type is invalid. Received a promise that resolves to: undefined. Lazy element type must resolve to a class or function.
    at beginWork (webpack-internal:///(app-pages-browser)/./node_modules/next/dist/compiled/react-dom/cjs/react-dom-client.development.js:12104:19)
    at runWithFiberInDEV (webpack-internal:///(app-pages-browser)/./node_modules/next/dist/compiled/react-dom/cjs/react-dom-client.development.js:990:13)
    at performUnitOfWork (webpack-internal:///(app-pages-browser)/./node_modules/next/dist/compiled/react-dom/cjs/react-dom-client.development.js:18989:22)
    at workLoopSync (webpack-internal:///(app-pages-browser)/./node_modules/next/dist/compiled/react-dom/cjs/react-dom-client.development.js:18817:58)
    at renderRootSync (webpack-internal:///(app-pages-browser)/./node_modules/next/dist/compiled/react-dom/cjs/react-dom-client.development.js:18798:11)
    at performWorkOnRoot (webpack-internal:///(app-pages-browser)/./node_modules/next/dist/compiled/react-dom/cjs/react-dom-client.development.js:17903:35)
    at performWorkOnRootViaSchedulerTask (webpack-internal:///(app-pages-browser)/./node_modules/next/dist/compiled/react-dom/cjs/react-dom-client.development.js:20472:24)
    at performWorkUntilDeadline (webpack-internal:///(app-pages-browser)/./node_modules/next/dist/compiled/scheduler/cjs/scheduler.development.js:45:56)
    at EventHandlerNonNull* (webpack-internal:///(app-pages-browser)/./node_modules/next/dist/compiled/scheduler/cjs/scheduler.development.js:223:7)
    at  (webpack-internal:///(app-pages-browser)/./node_modules/next/dist/compiled/scheduler/cjs/scheduler.development.js:364:5)
    at (app-pages-browser)/./node_modules/next/dist/compiled/scheduler/cjs/scheduler.development.js (http://localhost:3000/_next/static/chunks/main-app.js?v=1785511468317:1324:1)
    at options.factory (http://localhost:3000/_next/static/chunks/webpack.js?v=1785511468317:708:31)
    at __webpack_require__ (http://localhost:3000/_next/static/chunks/webpack.js?v=1785511468317:29:33)
    at fn (http://localhost:3000/_next/static/chunks/webpack.js?v=1785511468317:361:21)
    at  (webpack-internal:///(app-pages-browser)/./node_modules/next/dist/compiled/scheduler/index.js:4:20)
    at (app-pages-browser)/./node_modules/next/dist/compiled/scheduler/index.js (http://localhost:3000/_next/static/chunks/main-app.js?v=1785511468317:1335:1)
    at options.factory (http://localhost:3000/_next/static/chunks/webpack.js?v=1785511468317:708:31)
    at __webpack_require__ (http://localhost:3000/_next/static/chunks/webpack.js?v=1785511468317:29:33)
    at fn (http://localhost:3000/_next/static/chunks/webpack.js?v=1785511468317:361:21)
    at  (webpack-internal:///(app-pages-browser)/./node_modules/next/dist/compiled/react-dom/cjs/react-dom-client.development.js:26424:40)
    at  (webpack-internal:///(app-pages-browser)/./node_modules/next/dist/compiled/react-dom/cjs/react-dom-client.development.js:30808:5)
    at (app-pages-browser)/./node_modules/next/dist/compiled/react-dom/cjs/react-dom-client.development.js (http://localhost:3000/_next/static/chunks/main-app.js?v=1785511468317:1182:1)
    at options.factory (http://localhost:3000/_next/static/chunks/webpack.js?v=1785511468317:708:31)
    at __webpack_require__ (http://localhost:3000/_next/static/chunks/webpack.js?v=1785511468317:29:33)
    at fn (http://localhost:3000/_next/static/chunks/webpack.js?v=1785511468317:361:21)
    at  (webpack-internal:///(app-pages-browser)/./node_modules/next/dist/compiled/react-dom/client.js:32:20)
    at (app-pages-browser)/./node_modules/next/dist/compiled/react-dom/client.js (http://localhost:3000/_next/static/chunks/main-app.js?v=1785511468317:1204:1)
    at options.factory (http://localhost:3000/_next/static/chunks/webpack.js?v=1785511468317:708:31)
    at __webpack_require__ (http://localhost:3000/_next/static/chunks/webpack.js?v=1785511468317:29:33)
    at fn (http://localhost:3000/_next/static/chunks/webpack.js?v=1785511468317:361:21)
    at  (webpack-internal:///(app-pages-browser)/./node_modules/next/dist/client/app-index.js:14:58)
    at (app-pages-browser)/./node_modules/next/dist/client/app-index.js (http://localhost:3000/_next/static/chunks/main-app.js?v=1785511468317:116:1)
    at options.factory (http://localhost:3000/_next/static/chunks/webpack.js?v=1785511468317:708:31)
    at __webpack_require__ (http://localhost:3000/_next/static/chunks/webpack.js?v=1785511468317:29:33)
    at fn (http://localhost:3000/_next/static/chunks/webpack.js?v=1785511468317:361:21)
    at  (webpack-internal:///(app-pages-browser)/./node_modules/next/dist/client/app-next-dev.js:15:44)
    at appBootstrap/< (webpack-internal:///(app-pages-browser)/./node_modules/next/dist/client/app-bootstrap.js:60:16)
    at loadScriptsInSequence (webpack-internal:///(app-pages-browser)/./node_modules/next/dist/client/app-bootstrap.js:25:16)
    at appBootstrap (webpack-internal:///(app-pages-browser)/./node_modules/next/dist/client/app-bootstrap.js:54:26)
    at  (webpack-internal:///(app-pages-browser)/./node_modules/next/dist/client/app-next-dev.js:13:32)
    at (app-pages-browser)/./node_modules/next/dist/client/app-next-dev.js (http://localhost:3000/_next/static/chunks/main-app.js?v=1785511468317:138:1)
    at options.factory (http://localhost:3000/_next/static/chunks/webpack.js?v=1785511468317:708:31)
    at __webpack_require__ (http://localhost:3000/_next/static/chunks/webpack.js?v=1785511468317:29:33)
    at __webpack_exec__ (http://localhost:3000/_next/static/chunks/main-app.js?v=1785511468317:1956:67)
    at  (http://localhost:3000/_next/static/chunks/main-app.js?v=1785511468317:1957:154)
    at webpackJsonpCallback (http://localhost:3000/_next/static/chunks/webpack.js?v=1785511468317:1395:46)
    at  (http://localhost:3000/_next/static/chunks/main-app.js?v=1785511468317:9:61)
[  188617ms] [TIMESTAMP] Waiting for Paint @ webpack-internal:///(app-pages-browser)/./node_modules/next/dist/compiled/react-dom/cjs/react-dom-client.development.js:19929
[  188618ms] [TIMESTAMP] Root @ webpack-internal:///(app-pages-browser)/./node_modules/next/dist/compiled/react-dom/cjs/react-dom-client.development.js:4426
[  188619ms] [TIMESTAMP] ServerRoot @ webpack-internal:///(app-pages-browser)/./node_modules/next/dist/compiled/react-dom/cjs/react-dom-client.development.js:4426
[  188620ms] [TIMESTAMP] AppRouter @ webpack-internal:///(app-pages-browser)/./node_modules/next/dist/compiled/react-dom/cjs/react-dom-client.development.js:4426
[  188621ms] [TIMESTAMP] RootErrorBoundary @ webpack-internal:///(app-pages-browser)/./node_modules/next/dist/compiled/react-dom/cjs/react-dom-client.development.js:4426
[  188621ms] [TIMESTAMP] ErrorBoundary @ webpack-internal:///(app-pages-browser)/./node_modules/next/dist/compiled/react-dom/cjs/react-dom-client.development.js:4426
[  188622ms] [TIMESTAMP] ErrorBoundaryHandler @ webpack-internal:///(app-pages-browser)/./node_modules/next/dist/compiled/react-dom/cjs/react-dom-client.development.js:4426
[  188622ms] [TIMESTAMP] Router @ webpack-internal:///(app-pages-browser)/./node_modules/next/dist/compiled/react-dom/cjs/react-dom-client.development.js:4426
[  188623ms] [TIMESTAMP] HistoryUpdater @ webpack-internal:///(app-pages-browser)/./node_modules/next/dist/compiled/react-dom/cjs/react-dom-client.development.js:4426
[  188624ms] [TIMESTAMP] RuntimeStylesForWebpack @ webpack-internal:///(app-pages-browser)/./node_modules/next/dist/compiled/react-dom/cjs/react-dom-client.development.js:4426
[  188625ms] [TIMESTAMP] HotReload @ webpack-internal:///(app-pages-browser)/./node_modules/next/dist/compiled/react-dom/cjs/react-dom-client.development.js:4426
[  188627ms] [TIMESTAMP] ErroredHtml @ webpack-internal:///(app-pages-browser)/./node_modules/next/dist/compiled/react-dom/cjs/react-dom-client.development.js:4426
[  188627ms] [TIMESTAMP] ErrorBoundary @ webpack-internal:///(app-pages-browser)/./node_modules/next/dist/compiled/react-dom/cjs/react-dom-client.development.js:4426
[  188627ms] [TIMESTAMP] ErrorBoundaryHandler @ webpack-internal:///(app-pages-browser)/./node_modules/next/dist/compiled/react-dom/cjs/react-dom-client.development.js:4426
[  188628ms] [TIMESTAMP] SegmentViewNode @ webpack-internal:///(app-pages-browser)/./node_modules/next/dist/compiled/react-dom/cjs/react-dom-client.development.js:4426
[  188628ms] [TIMESTAMP] DefaultGlobalError @ webpack-internal:///(app-pages-browser)/./node_modules/next/dist/compiled/react-dom/cjs/react-dom-client.development.js:4426
[  188629ms] [TIMESTAMP] WarningIcon @ webpack-internal:///(app-pages-browser)/./node_modules/next/dist/compiled/react-dom/cjs/react-dom-client.development.js:4426
[  188631ms] [TIMESTAMP] HotReload @ webpack-internal:///(app-pages-browser)/./node_modules/next/dist/compiled/react-dom/cjs/react-dom-client.development.js:4554
[  188633ms] [TIMESTAMP] Router @ webpack-internal:///(app-pages-browser)/./node_modules/next/dist/compiled/react-dom/cjs/react-dom-client.development.js:4554
[  188637ms] [TIMESTAMP] SegmentTrieNode @ webpack-internal:///(app-pages-browser)/./node_modules/next/dist/compiled/react-dom/cjs/react-dom-client.development.js:4554
[  188639ms] [TIMESTAMP] Router @ webpack-internal:///(app-pages-browser)/./node_modules/next/dist/compiled/react-dom/cjs/react-dom-client.development.js:4554
[  188644ms] [TIMESTAMP] Router @ webpack-internal:///(app-pages-browser)/./node_modules/next/dist/compiled/react-dom/cjs/react-dom-client.development.js:4554
[  188644ms] [TIMESTAMP] Remaining Effects @ webpack-internal:///(app-pages-browser)/./node_modules/next/dist/compiled/react-dom/cjs/react-dom-client.development.js:19980
[  188662ms] [TIMESTAMP] Blocking Track @ webpack-internal:///(app-pages-browser)/./node_modules/next/dist/compiled/react-dom/cjs/react-dom-client.development.js:18271
[  188663ms] [TIMESTAMP] Transition Track @ webpack-internal:///(app-pages-browser)/./node_modules/next/dist/compiled/react-dom/cjs/react-dom-client.development.js:18279
[  188663ms] [TIMESTAMP] Suspense Track @ webpack-internal:///(app-pages-browser)/./node_modules/next/dist/compiled/react-dom/cjs/react-dom-client.development.js:18287
[  188664ms] [TIMESTAMP] Idle Track @ webpack-internal:///(app-pages-browser)/./node_modules/next/dist/compiled/react-dom/cjs/react-dom-client.development.js:18295
[  193359ms] [INFO] Download the React DevTools for a better development experience: https://react.dev/link/react-devtools @ webpack-internal:///(app-pages-browser)/./node_modules/next/dist/next-devtools/shared/forward-logs-shared.js:27
[  193451ms] [TIMESTAMP] Server Requests Track @ webpack-internal:///(app-pages-browser)/./node_modules/next/dist/compiled/react-server-dom-webpack/cjs/react-server-dom-webpack-client.browser.development.js:1241
[  193451ms] [TIMESTAMP] Server Components Track @ webpack-internal:///(app-pages-browser)/./node_modules/next/dist/compiled/react-server-dom-webpack/cjs/react-server-dom-webpack-client.browser.development.js:1249
[  193532ms] [LOG] [HMR] connected @ webpack-internal:///(app-pages-browser)/./node_modules/next/dist/next-devtools/shared/forward-logs-shared.js:27
[  193576ms] [TIMESTAMP] Blocking Track @ webpack-internal:///(app-pages-browser)/./node_modules/next/dist/compiled/react-dom/cjs/react-dom-client.development.js:18271
[  193577ms] [TIMESTAMP] Transition Track @ webpack-internal:///(app-pages-browser)/./node_modules/next/dist/compiled/react-dom/cjs/react-dom-client.development.js:18279
[  193577ms] [TIMESTAMP] Suspense Track @ webpack-internal:///(app-pages-browser)/./node_modules/next/dist/compiled/react-dom/cjs/react-dom-client.development.js:18287
[  193577ms] [TIMESTAMP] Idle Track @ webpack-internal:///(app-pages-browser)/./node_modules/next/dist/compiled/react-dom/cjs/react-dom-client.development.js:18295
[  193585ms] [TIMESTAMP] Blocked @ webpack-internal:///(app-pages-browser)/./node_modules/next/dist/compiled/react-dom/cjs/react-dom-client.development.js:17801
[  193609ms] [TIMESTAMP] Blocked @ webpack-internal:///(app-pages-browser)/./node_modules/next/dist/compiled/react-dom/cjs/react-dom-client.development.js:17801
[  193642ms] [TIMESTAMP] Blocked @ webpack-internal:///(app-pages-browser)/./node_modules/next/dist/compiled/react-dom/cjs/react-dom-client.development.js:17801
[  193646ms] [TIMESTAMP] Server Requests Track @ webpack-internal:///(app-pages-browser)/./node_modules/next/dist/compiled/react-server-dom-webpack/cjs/react-server-dom-webpack-client.browser.development.js:1241
[  193647ms] [TIMESTAMP] Server Components Track @ webpack-internal:///(app-pages-browser)/./node_modules/next/dist/compiled/react-server-dom-webpack/cjs/react-server-dom-webpack-client.browser.development.js:1249
[  193649ms] [TIMESTAMP] ​Preloads @ webpack-internal:///(app-pages-browser)/./node_modules/next/dist/compiled/react-server-dom-webpack/cjs/react-server-dom-webpack-client.browser.development.js:3943
[  193652ms] [TIMESTAMP] ​Loading @ webpack-internal:///(app-pages-browser)/./node_modules/next/dist/compiled/react-server-dom-webpack/cjs/react-server-dom-webpack-client.browser.development.js:3943
[  193652ms] [TIMESTAMP] ​HTTPAccessErrorFallback @ webpack-internal:///(app-pages-browser)/./node_modules/next/dist/compiled/react-server-dom-webpack/cjs/react-server-dom-webpack-client.browser.development.js:3943
[  193653ms] [TIMESTAMP] ​NotFound @ webpack-internal:///(app-pages-browser)/./node_modules/next/dist/compiled/react-server-dom-webpack/cjs/react-server-dom-webpack-client.browser.development.js:3943
[  193653ms] [TIMESTAMP] ​RootLayout @ webpack-internal:///(app-pages-browser)/./node_modules/next/dist/compiled/react-server-dom-webpack/cjs/react-server-dom-webpack-client.browser.development.js:3943
[  193654ms] [TIMESTAMP] ​HTTPAccessErrorFallback @ webpack-internal:///(app-pages-browser)/./node_modules/next/dist/compiled/react-server-dom-webpack/cjs/react-server-dom-webpack-client.browser.development.js:3943
[  193656ms] [TIMESTAMP] ​NotFound @ webpack-internal:///(app-pages-browser)/./node_modules/next/dist/compiled/react-server-dom-webpack/cjs/react-server-dom-webpack-client.browser.development.js:3943
[  193656ms] [TIMESTAMP] ​Next.MetadataOutlet @ webpack-internal:///(app-pages-browser)/./node_modules/next/dist/compiled/react-server-dom-webpack/cjs/react-server-dom-webpack-client.browser.development.js:3943
[  193658ms] [TIMESTAMP] ​NonIndex @ webpack-internal:///(app-pages-browser)/./node_modules/next/dist/compiled/react-server-dom-webpack/cjs/react-server-dom-webpack-client.browser.development.js:3943
[  193659ms] [TIMESTAMP] ​Next.Viewport @ webpack-internal:///(app-pages-browser)/./node_modules/next/dist/compiled/react-server-dom-webpack/cjs/react-server-dom-webpack-client.browser.development.js:3943
[  193660ms] [TIMESTAMP] ​ViewportWrapper @ webpack-internal:///(app-pages-browser)/./node_modules/next/dist/compiled/react-server-dom-webpack/cjs/react-server-dom-webpack-client.browser.development.js:3943
[  193661ms] [TIMESTAMP] ​Next.Metadata @ webpack-internal:///(app-pages-browser)/./node_modules/next/dist/compiled/react-server-dom-webpack/cjs/react-server-dom-webpack-client.browser.development.js:3943
[  193663ms] [TIMESTAMP] ​MetadataWrapper @ webpack-internal:///(app-pages-browser)/./node_modules/next/dist/compiled/react-server-dom-webpack/cjs/react-server-dom-webpack-client.browser.development.js:3943
[  193664ms] [TIMESTAMP] Blocked @ webpack-internal:///(app-pages-browser)/./node_modules/next/dist/compiled/react-dom/cjs/react-dom-client.development.js:17801
[  193696ms] [TIMESTAMP] Errored @ webpack-internal:///(app-pages-browser)/./node_modules/next/dist/compiled/react-dom/cjs/react-dom-client.development.js:4630
[  193697ms] [TIMESTAMP] Blocking Track @ webpack-internal:///(app-pages-browser)/./node_modules/next/dist/compiled/react-dom/cjs/react-dom-client.development.js:18271
[  193697ms] [TIMESTAMP] Transition Track @ webpack-internal:///(app-pages-browser)/./node_modules/next/dist/compiled/react-dom/cjs/react-dom-client.development.js:18279
[  193704ms] [TIMESTAMP] Suspense Track @ webpack-internal:///(app-pages-browser)/./node_modules/next/dist/compiled/react-dom/cjs/react-dom-client.development.js:18287
[  193705ms] [TIMESTAMP] Idle Track @ webpack-internal:///(app-pages-browser)/./node_modules/next/dist/compiled/react-dom/cjs/react-dom-client.development.js:18295
[  193731ms] [ERROR] Encountered a script tag while rendering React component. Scripts inside React components are never executed when rendering on the client. Consider using template tag instead (https://developer.mozilla.org/en-US/docs/Web/HTML/Element/template). @ webpack-internal:///(app-pages-browser)/./node_modules/next/dist/next-devtools/userspace/app/errors/intercept-console-error.js:57
[  193742ms] [TIMESTAMP] Errored @ webpack-internal:///(app-pages-browser)/./node_modules/next/dist/compiled/react-dom/cjs/react-dom-client.development.js:4630
[  193758ms] [TIMESTAMP] Commit @ webpack-internal:///(app-pages-browser)/./node_modules/next/dist/compiled/react-dom/cjs/react-dom-client.development.js:4724
[  193763ms] Error: Element type is invalid. Received a promise that resolves to: undefined. Lazy element type must resolve to a class or function.
    at beginWork (webpack-internal:///(app-pages-browser)/./node_modules/next/dist/compiled/react-dom/cjs/react-dom-client.development.js:12104:19)
    at runWithFiberInDEV (webpack-internal:///(app-pages-browser)/./node_modules/next/dist/compiled/react-dom/cjs/react-dom-client.development.js:990:13)
    at performUnitOfWork (webpack-internal:///(app-pages-browser)/./node_modules/next/dist/compiled/react-dom/cjs/react-dom-client.development.js:18989:22)
    at workLoopSync (webpack-internal:///(app-pages-browser)/./node_modules/next/dist/compiled/react-dom/cjs/react-dom-client.development.js:18817:58)
    at renderRootSync (webpack-internal:///(app-pages-browser)/./node_modules/next/dist/compiled/react-dom/cjs/react-dom-client.development.js:18798:11)
    at performWorkOnRoot (webpack-internal:///(app-pages-browser)/./node_modules/next/dist/compiled/react-dom/cjs/react-dom-client.development.js:17903:35)
    at performWorkOnRootViaSchedulerTask (webpack-internal:///(app-pages-browser)/./node_modules/next/dist/compiled/react-dom/cjs/react-dom-client.development.js:20472:24)
    at performWorkUntilDeadline (webpack-internal:///(app-pages-browser)/./node_modules/next/dist/compiled/scheduler/cjs/scheduler.development.js:45:56)
    at EventHandlerNonNull* (webpack-internal:///(app-pages-browser)/./node_modules/next/dist/compiled/scheduler/cjs/scheduler.development.js:223:7)
    at  (webpack-internal:///(app-pages-browser)/./node_modules/next/dist/compiled/scheduler/cjs/scheduler.development.js:364:5)
    at (app-pages-browser)/./node_modules/next/dist/compiled/scheduler/cjs/scheduler.development.js (http://localhost:3000/_next/static/chunks/main-app.js?v=1785511473450:1324:1)
    at options.factory (http://localhost:3000/_next/static/chunks/webpack.js?v=1785511473450:708:31)
    at __webpack_require__ (http://localhost:3000/_next/static/chunks/webpack.js?v=1785511473450:29:33)
    at fn (http://localhost:3000/_next/static/chunks/webpack.js?v=1785511473450:361:21)
    at  (webpack-internal:///(app-pages-browser)/./node_modules/next/dist/compiled/scheduler/index.js:4:20)
    at (app-pages-browser)/./node_modules/next/dist/compiled/scheduler/index.js (http://localhost:3000/_next/static/chunks/main-app.js?v=1785511473450:1335:1)
    at options.factory (http://localhost:3000/_next/static/chunks/webpack.js?v=1785511473450:708:31)
    at __webpack_require__ (http://localhost:3000/_next/static/chunks/webpack.js?v=1785511473450:29:33)
    at fn (http://localhost:3000/_next/static/chunks/webpack.js?v=1785511473450:361:21)
    at  (webpack-internal:///(app-pages-browser)/./node_modules/next/dist/compiled/react-dom/cjs/react-dom-client.development.js:26424:40)
    at  (webpack-internal:///(app-pages-browser)/./node_modules/next/dist/compiled/react-dom/cjs/react-dom-client.development.js:30808:5)
    at (app-pages-browser)/./node_modules/next/dist/compiled/react-dom/cjs/react-dom-client.development.js (http://localhost:3000/_next/static/chunks/main-app.js?v=1785511473450:1182:1)
    at options.factory (http://localhost:3000/_next/static/chunks/webpack.js?v=1785511473450:708:31)
    at __webpack_require__ (http://localhost:3000/_next/static/chunks/webpack.js?v=1785511473450:29:33)
    at fn (http://localhost:3000/_next/static/chunks/webpack.js?v=1785511473450:361:21)
    at  (webpack-internal:///(app-pages-browser)/./node_modules/next/dist/compiled/react-dom/client.js:32:20)
    at (app-pages-browser)/./node_modules/next/dist/compiled/react-dom/client.js (http://localhost:3000/_next/static/chunks/main-app.js?v=1785511473450:1204:1)
    at options.factory (http://localhost:3000/_next/static/chunks/webpack.js?v=1785511473450:708:31)
    at __webpack_require__ (http://localhost:3000/_next/static/chunks/webpack.js?v=1785511473450:29:33)
    at fn (http://localhost:3000/_next/static/chunks/webpack.js?v=1785511473450:361:21)
    at  (webpack-internal:///(app-pages-browser)/./node_modules/next/dist/client/app-index.js:14:58)
    at (app-pages-browser)/./node_modules/next/dist/client/app-index.js (http://localhost:3000/_next/static/chunks/main-app.js?v=1785511473450:116:1)
    at options.factory (http://localhost:3000/_next/static/chunks/webpack.js?v=1785511473450:708:31)
    at __webpack_require__ (http://localhost:3000/_next/static/chunks/webpack.js?v=1785511473450:29:33)
    at fn (http://localhost:3000/_next/static/chunks/webpack.js?v=1785511473450:361:21)
    at  (webpack-internal:///(app-pages-browser)/./node_modules/next/dist/client/app-next-dev.js:15:44)
    at appBootstrap/< (webpack-internal:///(app-pages-browser)/./node_modules/next/dist/client/app-bootstrap.js:60:16)
    at loadScriptsInSequence (webpack-internal:///(app-pages-browser)/./node_modules/next/dist/client/app-bootstrap.js:25:16)
    at appBootstrap (webpack-internal:///(app-pages-browser)/./node_modules/next/dist/client/app-bootstrap.js:54:26)
    at  (webpack-internal:///(app-pages-browser)/./node_modules/next/dist/client/app-next-dev.js:13:32)
    at (app-pages-browser)/./node_modules/next/dist/client/app-next-dev.js (http://localhost:3000/_next/static/chunks/main-app.js?v=1785511473450:138:1)
    at options.factory (http://localhost:3000/_next/static/chunks/webpack.js?v=1785511473450:708:31)
    at __webpack_require__ (http://localhost:3000/_next/static/chunks/webpack.js?v=1785511473450:29:33)
    at __webpack_exec__ (http://localhost:3000/_next/static/chunks/main-app.js?v=1785511473450:1956:67)
    at  (http://localhost:3000/_next/static/chunks/main-app.js?v=1785511473450:1957:154)
    at webpackJsonpCallback (http://localhost:3000/_next/static/chunks/webpack.js?v=1785511473450:1395:46)
    at  (http://localhost:3000/_next/static/chunks/main-app.js?v=1785511473450:9:61)
[  193765ms] [TIMESTAMP] Waiting for Paint @ webpack-internal:///(app-pages-browser)/./node_modules/next/dist/compiled/react-dom/cjs/react-dom-client.development.js:19929
[  193767ms] [TIMESTAMP] Root @ webpack-internal:///(app-pages-browser)/./node_modules/next/dist/compiled/react-dom/cjs/react-dom-client.development.js:4426
[  193770ms] [TIMESTAMP] ServerRoot @ webpack-internal:///(app-pages-browser)/./node_modules/next/dist/compiled/react-dom/cjs/react-dom-client.development.js:4426
[  193770ms] [TIMESTAMP] AppRouter @ webpack-internal:///(app-pages-browser)/./node_modules/next/dist/compiled/react-dom/cjs/react-dom-client.development.js:4426
[  193770ms] [TIMESTAMP] RootErrorBoundary @ webpack-internal:///(app-pages-browser)/./node_modules/next/dist/compiled/react-dom/cjs/react-dom-client.development.js:4426
[  193771ms] [TIMESTAMP] ErrorBoundary @ webpack-internal:///(app-pages-browser)/./node_modules/next/dist/compiled/react-dom/cjs/react-dom-client.development.js:4426
[  193772ms] [TIMESTAMP] ErrorBoundaryHandler @ webpack-internal:///(app-pages-browser)/./node_modules/next/dist/compiled/react-dom/cjs/react-dom-client.development.js:4426
[  193774ms] [TIMESTAMP] Router @ webpack-internal:///(app-pages-browser)/./node_modules/next/dist/compiled/react-dom/cjs/react-dom-client.development.js:4426
[  193775ms] [TIMESTAMP] HistoryUpdater @ webpack-internal:///(app-pages-browser)/./node_modules/next/dist/compiled/react-dom/cjs/react-dom-client.development.js:4426
[  193777ms] [TIMESTAMP] HistoryUpdater @ webpack-internal:///(app-pages-browser)/./node_modules/next/dist/compiled/react-dom/cjs/react-dom-client.development.js:4554
[  193778ms] [TIMESTAMP] RuntimeStylesForWebpack @ webpack-internal:///(app-pages-browser)/./node_modules/next/dist/compiled/react-dom/cjs/react-dom-client.development.js:4426
[  193780ms] [TIMESTAMP] RuntimeStylesForWebpack @ webpack-internal:///(app-pages-browser)/./node_modules/next/dist/compiled/react-dom/cjs/react-dom-client.development.js:4554
[  193781ms] [TIMESTAMP] HotReload @ webpack-internal:///(app-pages-browser)/./node_modules/next/dist/compiled/react-dom/cjs/react-dom-client.development.js:4426
[  193784ms] [TIMESTAMP] ErroredHtml @ webpack-internal:///(app-pages-browser)/./node_modules/next/dist/compiled/react-dom/cjs/react-dom-client.development.js:4426
[  193785ms] [TIMESTAMP] ErrorBoundary @ webpack-internal:///(app-pages-browser)/./node_modules/next/dist/compiled/react-dom/cjs/react-dom-client.development.js:4426
[  193785ms] [TIMESTAMP] ErrorBoundaryHandler @ webpack-internal:///(app-pages-browser)/./node_modules/next/dist/compiled/react-dom/cjs/react-dom-client.development.js:4426
[  193785ms] [TIMESTAMP] SegmentViewNode @ webpack-internal:///(app-pages-browser)/./node_modules/next/dist/compiled/react-dom/cjs/react-dom-client.development.js:4426
[  193786ms] [TIMESTAMP] SegmentTrieNode @ webpack-internal:///(app-pages-browser)/./node_modules/next/dist/compiled/react-dom/cjs/react-dom-client.development.js:4426
[  193787ms] [TIMESTAMP] DefaultGlobalError @ webpack-internal:///(app-pages-browser)/./node_modules/next/dist/compiled/react-dom/cjs/react-dom-client.development.js:4426
[  193788ms] [TIMESTAMP] WarningIcon @ webpack-internal:///(app-pages-browser)/./node_modules/next/dist/compiled/react-dom/cjs/react-dom-client.development.js:4426
[  193792ms] [TIMESTAMP] HotReload @ webpack-internal:///(app-pages-browser)/./node_modules/next/dist/compiled/react-dom/cjs/react-dom-client.development.js:4554
[  193794ms] [TIMESTAMP] Router @ webpack-internal:///(app-pages-browser)/./node_modules/next/dist/compiled/react-dom/cjs/react-dom-client.development.js:4554
[  193799ms] [TIMESTAMP] HotReload @ webpack-internal:///(app-pages-browser)/./node_modules/next/dist/compiled/react-dom/cjs/react-dom-client.development.js:4554
[  193800ms] [TIMESTAMP] Router @ webpack-internal:///(app-pages-browser)/./node_modules/next/dist/compiled/react-dom/cjs/react-dom-client.development.js:4554
[  193801ms] [TIMESTAMP] Remaining Effects @ webpack-internal:///(app-pages-browser)/./node_modules/next/dist/compiled/react-dom/cjs/react-dom-client.development.js:19980
[  193821ms] [TIMESTAMP] Blocking Track @ webpack-internal:///(app-pages-browser)/./node_modules/next/dist/compiled/react-dom/cjs/react-dom-client.development.js:18271
[  193822ms] [TIMESTAMP] Transition Track @ webpack-internal:///(app-pages-browser)/./node_modules/next/dist/compiled/react-dom/cjs/react-dom-client.development.js:18279
[  193828ms] [TIMESTAMP] Suspense Track @ webpack-internal:///(app-pages-browser)/./node_modules/next/dist/compiled/react-dom/cjs/react-dom-client.development.js:18287
[  193829ms] [TIMESTAMP] Idle Track @ webpack-internal:///(app-pages-browser)/./node_modules/next/dist/compiled/react-dom/cjs/react-dom-client.development.js:18295
[  193874ms] [TIMESTAMP] Blocked @ webpack-internal:///(app-pages-browser)/./node_modules/next/dist/compiled/react-dom/cjs/react-dom-client.development.js:17801
[  193875ms] [TIMESTAMP] Render @ webpack-internal:///(app-pages-browser)/./node_modules/next/dist/compiled/react-dom/cjs/react-dom-client.development.js:19292
[  193877ms] [TIMESTAMP] Commit @ webpack-internal:///(app-pages-browser)/./node_modules/next/dist/compiled/react-dom/cjs/react-dom-client.development.js:4724
[  198707ms] [INFO] Download the React DevTools for a better development experience: https://react.dev/link/react-devtools @ webpack-internal:///(app-pages-browser)/./node_modules/next/dist/next-devtools/shared/forward-logs-shared.js:27
[  199064ms] [TIMESTAMP] Server Requests Track @ webpack-internal:///(app-pages-browser)/./node_modules/next/dist/compiled/react-server-dom-webpack/cjs/react-server-dom-webpack-client.browser.development.js:1241
[  199065ms] [TIMESTAMP] Server Components Track @ webpack-internal:///(app-pages-browser)/./node_modules/next/dist/compiled/react-server-dom-webpack/cjs/react-server-dom-webpack-client.browser.development.js:1249
[  199540ms] [LOG] [HMR] connected @ webpack-internal:///(app-pages-browser)/./node_modules/next/dist/next-devtools/shared/forward-logs-shared.js:27
[  199783ms] [TIMESTAMP] Blocking Track @ webpack-internal:///(app-pages-browser)/./node_modules/next/dist/compiled/react-dom/cjs/react-dom-client.development.js:18271
[  199784ms] [TIMESTAMP] Transition Track @ webpack-internal:///(app-pages-browser)/./node_modules/next/dist/compiled/react-dom/cjs/react-dom-client.development.js:18279
[  199787ms] [TIMESTAMP] Suspense Track @ webpack-internal:///(app-pages-browser)/./node_modules/next/dist/compiled/react-dom/cjs/react-dom-client.development.js:18287
[  199787ms] [TIMESTAMP] Idle Track @ webpack-internal:///(app-pages-browser)/./node_modules/next/dist/compiled/react-dom/cjs/react-dom-client.development.js:18295
[  199795ms] [TIMESTAMP] Server Requests Track @ webpack-internal:///(app-pages-browser)/./node_modules/next/dist/compiled/react-server-dom-webpack/cjs/react-server-dom-webpack-client.browser.development.js:1241
[  199795ms] [TIMESTAMP] Server Components Track @ webpack-internal:///(app-pages-browser)/./node_modules/next/dist/compiled/react-server-dom-webpack/cjs/react-server-dom-webpack-client.browser.development.js:1249
[  199798ms] [TIMESTAMP] ​Preloads @ webpack-internal:///(app-pages-browser)/./node_modules/next/dist/compiled/react-server-dom-webpack/cjs/react-server-dom-webpack-client.browser.development.js:3943
[  199802ms] [TIMESTAMP] ​Loading @ webpack-internal:///(app-pages-browser)/./node_modules/next/dist/compiled/react-server-dom-webpack/cjs/react-server-dom-webpack-client.browser.development.js:3943
[  199807ms] [TIMESTAMP] ​HTTPAccessErrorFallback @ webpack-internal:///(app-pages-browser)/./node_modules/next/dist/compiled/react-server-dom-webpack/cjs/react-server-dom-webpack-client.browser.development.js:3943
[  199811ms] [TIMESTAMP] ​NotFound @ webpack-internal:///(app-pages-browser)/./node_modules/next/dist/compiled/react-server-dom-webpack/cjs/react-server-dom-webpack-client.browser.development.js:3943
[  199812ms] [TIMESTAMP] ​RootLayout @ webpack-internal:///(app-pages-browser)/./node_modules/next/dist/compiled/react-server-dom-webpack/cjs/react-server-dom-webpack-client.browser.development.js:3943
[  199821ms] [TIMESTAMP] ​HTTPAccessErrorFallback @ webpack-internal:///(app-pages-browser)/./node_modules/next/dist/compiled/react-server-dom-webpack/cjs/react-server-dom-webpack-client.browser.development.js:3943
[  199823ms] [TIMESTAMP] ​NotFound @ webpack-internal:///(app-pages-browser)/./node_modules/next/dist/compiled/react-server-dom-webpack/cjs/react-server-dom-webpack-client.browser.development.js:3943
[  199830ms] [TIMESTAMP] ​Next.MetadataOutlet @ webpack-internal:///(app-pages-browser)/./node_modules/next/dist/compiled/react-server-dom-webpack/cjs/react-server-dom-webpack-client.browser.development.js:3943
[  199833ms] [TIMESTAMP] ​NonIndex @ webpack-internal:///(app-pages-browser)/./node_modules/next/dist/compiled/react-server-dom-webpack/cjs/react-server-dom-webpack-client.browser.development.js:3943
[  199835ms] [TIMESTAMP] ​Next.Viewport @ webpack-internal:///(app-pages-browser)/./node_modules/next/dist/compiled/react-server-dom-webpack/cjs/react-server-dom-webpack-client.browser.development.js:3943
[  199849ms] [TIMESTAMP] ​ViewportWrapper @ webpack-internal:///(app-pages-browser)/./node_modules/next/dist/compiled/react-server-dom-webpack/cjs/react-server-dom-webpack-client.browser.development.js:3943
[  199878ms] [TIMESTAMP] ​Next.Metadata @ webpack-internal:///(app-pages-browser)/./node_modules/next/dist/compiled/react-server-dom-webpack/cjs/react-server-dom-webpack-client.browser.development.js:3943
[  199879ms] [TIMESTAMP] ​MetadataWrapper @ webpack-internal:///(app-pages-browser)/./node_modules/next/dist/compiled/react-server-dom-webpack/cjs/react-server-dom-webpack-client.browser.development.js:3943
[  199881ms] [TIMESTAMP] Blocked @ webpack-internal:///(app-pages-browser)/./node_modules/next/dist/compiled/react-dom/cjs/react-dom-client.development.js:17801
[  199930ms] [LOG] [Fast Refresh] rebuilding @ webpack-internal:///(app-pages-browser)/./node_modules/next/dist/next-devtools/shared/forward-logs-shared.js:27
[  199934ms] [TIMESTAMP] Blocked @ webpack-internal:///(app-pages-browser)/./node_modules/next/dist/compiled/react-dom/cjs/react-dom-client.development.js:17801
[  199948ms] [TIMESTAMP] Blocked @ webpack-internal:///(app-pages-browser)/./node_modules/next/dist/compiled/react-dom/cjs/react-dom-client.development.js:17801
[  200056ms] [TIMESTAMP] Blocked @ webpack-internal:///(app-pages-browser)/./node_modules/next/dist/compiled/react-dom/cjs/react-dom-client.development.js:17801
[  200057ms] [TIMESTAMP] Errored @ webpack-internal:///(app-pages-browser)/./node_modules/next/dist/compiled/react-dom/cjs/react-dom-client.development.js:4630
[  200063ms] [TIMESTAMP] Blocking Track @ webpack-internal:///(app-pages-browser)/./node_modules/next/dist/compiled/react-dom/cjs/react-dom-client.development.js:18271
[  200064ms] [TIMESTAMP] Transition Track @ webpack-internal:///(app-pages-browser)/./node_modules/next/dist/compiled/react-dom/cjs/react-dom-client.development.js:18279
[  200069ms] [TIMESTAMP] Suspense Track @ webpack-internal:///(app-pages-browser)/./node_modules/next/dist/compiled/react-dom/cjs/react-dom-client.development.js:18287
[  200076ms] [TIMESTAMP] Idle Track @ webpack-internal:///(app-pages-browser)/./node_modules/next/dist/compiled/react-dom/cjs/react-dom-client.development.js:18295
[  200144ms] [ERROR] Encountered a script tag while rendering React component. Scripts inside React components are never executed when rendering on the client. Consider using template tag instead (https://developer.mozilla.org/en-US/docs/Web/HTML/Element/template). @ webpack-internal:///(app-pages-browser)/./node_modules/next/dist/next-devtools/userspace/app/errors/intercept-console-error.js:57
[  200249ms] [TIMESTAMP] Errored @ webpack-internal:///(app-pages-browser)/./node_modules/next/dist/compiled/react-dom/cjs/react-dom-client.development.js:4630
[  200312ms] [TIMESTAMP] Commit @ webpack-internal:///(app-pages-browser)/./node_modules/next/dist/compiled/react-dom/cjs/react-dom-client.development.js:4724
[  200366ms] Error: Element type is invalid. Received a promise that resolves to: undefined. Lazy element type must resolve to a class or function.
    at beginWork (webpack-internal:///(app-pages-browser)/./node_modules/next/dist/compiled/react-dom/cjs/react-dom-client.development.js:12104:19)
    at runWithFiberInDEV (webpack-internal:///(app-pages-browser)/./node_modules/next/dist/compiled/react-dom/cjs/react-dom-client.development.js:990:13)
    at performUnitOfWork (webpack-internal:///(app-pages-browser)/./node_modules/next/dist/compiled/react-dom/cjs/react-dom-client.development.js:18989:22)
    at workLoopSync (webpack-internal:///(app-pages-browser)/./node_modules/next/dist/compiled/react-dom/cjs/react-dom-client.development.js:18817:58)
    at renderRootSync (webpack-internal:///(app-pages-browser)/./node_modules/next/dist/compiled/react-dom/cjs/react-dom-client.development.js:18798:11)
    at performWorkOnRoot (webpack-internal:///(app-pages-browser)/./node_modules/next/dist/compiled/react-dom/cjs/react-dom-client.development.js:17903:35)
    at performWorkOnRootViaSchedulerTask (webpack-internal:///(app-pages-browser)/./node_modules/next/dist/compiled/react-dom/cjs/react-dom-client.development.js:20472:24)
    at performWorkUntilDeadline (webpack-internal:///(app-pages-browser)/./node_modules/next/dist/compiled/scheduler/cjs/scheduler.development.js:45:56)
    at EventHandlerNonNull* (webpack-internal:///(app-pages-browser)/./node_modules/next/dist/compiled/scheduler/cjs/scheduler.development.js:223:7)
    at  (webpack-internal:///(app-pages-browser)/./node_modules/next/dist/compiled/scheduler/cjs/scheduler.development.js:364:5)
    at (app-pages-browser)/./node_modules/next/dist/compiled/scheduler/cjs/scheduler.development.js (http://localhost:3000/_next/static/chunks/main-app.js?v=1785511478591:1324:1)
    at options.factory (http://localhost:3000/_next/static/chunks/webpack.js?v=1785511478591:708:31)
    at __webpack_require__ (http://localhost:3000/_next/static/chunks/webpack.js?v=1785511478591:29:33)
    at fn (http://localhost:3000/_next/static/chunks/webpack.js?v=1785511478591:361:21)
    at  (webpack-internal:///(app-pages-browser)/./node_modules/next/dist/compiled/scheduler/index.js:4:20)
    at (app-pages-browser)/./node_modules/next/dist/compiled/scheduler/index.js (http://localhost:3000/_next/static/chunks/main-app.js?v=1785511478591:1335:1)
    at options.factory (http://localhost:3000/_next/static/chunks/webpack.js?v=1785511478591:708:31)
    at __webpack_require__ (http://localhost:3000/_next/static/chunks/webpack.js?v=1785511478591:29:33)
    at fn (http://localhost:3000/_next/static/chunks/webpack.js?v=1785511478591:361:21)
    at  (webpack-internal:///(app-pages-browser)/./node_modules/next/dist/compiled/react-dom/cjs/react-dom-client.development.js:26424:40)
    at  (webpack-internal:///(app-pages-browser)/./node_modules/next/dist/compiled/react-dom/cjs/react-dom-client.development.js:30808:5)
    at (app-pages-browser)/./node_modules/next/dist/compiled/react-dom/cjs/react-dom-client.development.js (http://localhost:3000/_next/static/chunks/main-app.js?v=1785511478591:1182:1)
    at options.factory (http://localhost:3000/_next/static/chunks/webpack.js?v=1785511478591:708:31)
    at __webpack_require__ (http://localhost:3000/_next/static/chunks/webpack.js?v=1785511478591:29:33)
    at fn (http://localhost:3000/_next/static/chunks/webpack.js?v=1785511478591:361:21)
    at  (webpack-internal:///(app-pages-browser)/./node_modules/next/dist/compiled/react-dom/client.js:32:20)
    at (app-pages-browser)/./node_modules/next/dist/compiled/react-dom/client.js (http://localhost:3000/_next/static/chunks/main-app.js?v=1785511478591:1204:1)
    at options.factory (http://localhost:3000/_next/static/chunks/webpack.js?v=1785511478591:708:31)
    at __webpack_require__ (http://localhost:3000/_next/static/chunks/webpack.js?v=1785511478591:29:33)
    at fn (http://localhost:3000/_next/static/chunks/webpack.js?v=1785511478591:361:21)
    at  (webpack-internal:///(app-pages-browser)/./node_modules/next/dist/client/app-index.js:14:58)
    at (app-pages-browser)/./node_modules/next/dist/client/app-index.js (http://localhost:3000/_next/static/chunks/main-app.js?v=1785511478591:116:1)
    at options.factory (http://localhost:3000/_next/static/chunks/webpack.js?v=1785511478591:708:31)
    at __webpack_require__ (http://localhost:3000/_next/static/chunks/webpack.js?v=1785511478591:29:33)
    at fn (http://localhost:3000/_next/static/chunks/webpack.js?v=1785511478591:361:21)
    at  (webpack-internal:///(app-pages-browser)/./node_modules/next/dist/client/app-next-dev.js:15:44)
    at appBootstrap/< (webpack-internal:///(app-pages-browser)/./node_modules/next/dist/client/app-bootstrap.js:60:16)
    at loadScriptsInSequence (webpack-internal:///(app-pages-browser)/./node_modules/next/dist/client/app-bootstrap.js:25:16)
    at appBootstrap (webpack-internal:///(app-pages-browser)/./node_modules/next/dist/client/app-bootstrap.js:54:26)
    at  (webpack-internal:///(app-pages-browser)/./node_modules/next/dist/client/app-next-dev.js:13:32)
    at (app-pages-browser)/./node_modules/next/dist/client/app-next-dev.js (http://localhost:3000/_next/static/chunks/main-app.js?v=1785511478591:138:1)
    at options.factory (http://localhost:3000/_next/static/chunks/webpack.js?v=1785511478591:708:31)
    at __webpack_require__ (http://localhost:3000/_next/static/chunks/webpack.js?v=1785511478591:29:33)
    at __webpack_exec__ (http://localhost:3000/_next/static/chunks/main-app.js?v=1785511478591:1956:67)
    at  (http://localhost:3000/_next/static/chunks/main-app.js?v=1785511478591:1957:154)
    at webpackJsonpCallback (http://localhost:3000/_next/static/chunks/webpack.js?v=1785511478591:1395:46)
    at  (http://localhost:3000/_next/static/chunks/main-app.js?v=1785511478591:9:61)
[  200390ms] [TIMESTAMP] Waiting for Paint @ webpack-internal:///(app-pages-browser)/./node_modules/next/dist/compiled/react-dom/cjs/react-dom-client.development.js:19929
[  200418ms] [TIMESTAMP] Root @ webpack-internal:///(app-pages-browser)/./node_modules/next/dist/compiled/react-dom/cjs/react-dom-client.development.js:4426
[  200422ms] [TIMESTAMP] ServerRoot @ webpack-internal:///(app-pages-browser)/./node_modules/next/dist/compiled/react-dom/cjs/react-dom-client.development.js:4426
[  200424ms] [TIMESTAMP] AppRouter @ webpack-internal:///(app-pages-browser)/./node_modules/next/dist/compiled/react-dom/cjs/react-dom-client.development.js:4426
[  200428ms] [TIMESTAMP] RootErrorBoundary @ webpack-internal:///(app-pages-browser)/./node_modules/next/dist/compiled/react-dom/cjs/react-dom-client.development.js:4426
[  200430ms] [TIMESTAMP] ErrorBoundary @ webpack-internal:///(app-pages-browser)/./node_modules/next/dist/compiled/react-dom/cjs/react-dom-client.development.js:4426
[  200432ms] [TIMESTAMP] ErrorBoundaryHandler @ webpack-internal:///(app-pages-browser)/./node_modules/next/dist/compiled/react-dom/cjs/react-dom-client.development.js:4426
[  200434ms] [TIMESTAMP] Router @ webpack-internal:///(app-pages-browser)/./node_modules/next/dist/compiled/react-dom/cjs/react-dom-client.development.js:4426
[  200437ms] [TIMESTAMP] HistoryUpdater @ webpack-internal:///(app-pages-browser)/./node_modules/next/dist/compiled/react-dom/cjs/react-dom-client.development.js:4426
[  200450ms] [TIMESTAMP] RuntimeStylesForWebpack @ webpack-internal:///(app-pages-browser)/./node_modules/next/dist/compiled/react-dom/cjs/react-dom-client.development.js:4426
[  200465ms] [TIMESTAMP] HotReload @ webpack-internal:///(app-pages-browser)/./node_modules/next/dist/compiled/react-dom/cjs/react-dom-client.development.js:4426
[  200478ms] [TIMESTAMP] ErroredHtml @ webpack-internal:///(app-pages-browser)/./node_modules/next/dist/compiled/react-dom/cjs/react-dom-client.development.js:4426
[  200478ms] [TIMESTAMP] ErrorBoundary @ webpack-internal:///(app-pages-browser)/./node_modules/next/dist/compiled/react-dom/cjs/react-dom-client.development.js:4426
[  200481ms] [TIMESTAMP] ErrorBoundaryHandler @ webpack-internal:///(app-pages-browser)/./node_modules/next/dist/compiled/react-dom/cjs/react-dom-client.development.js:4426
[  200482ms] [TIMESTAMP] SegmentViewNode @ webpack-internal:///(app-pages-browser)/./node_modules/next/dist/compiled/react-dom/cjs/react-dom-client.development.js:4426
[  200482ms] [TIMESTAMP] DefaultGlobalError @ webpack-internal:///(app-pages-browser)/./node_modules/next/dist/compiled/react-dom/cjs/react-dom-client.development.js:4426
[  200482ms] [TIMESTAMP] WarningIcon @ webpack-internal:///(app-pages-browser)/./node_modules/next/dist/compiled/react-dom/cjs/react-dom-client.development.js:4426
[  200494ms] [TIMESTAMP] HotReload @ webpack-internal:///(app-pages-browser)/./node_modules/next/dist/compiled/react-dom/cjs/react-dom-client.development.js:4554
[  200496ms] [TIMESTAMP] Router @ webpack-internal:///(app-pages-browser)/./node_modules/next/dist/compiled/react-dom/cjs/react-dom-client.development.js:4554
[  200498ms] [TIMESTAMP] Router @ webpack-internal:///(app-pages-browser)/./node_modules/next/dist/compiled/react-dom/cjs/react-dom-client.development.js:4554
[  200505ms] [TIMESTAMP] HotReload @ webpack-internal:///(app-pages-browser)/./node_modules/next/dist/compiled/react-dom/cjs/react-dom-client.development.js:4554
[  200507ms] [TIMESTAMP] Router @ webpack-internal:///(app-pages-browser)/./node_modules/next/dist/compiled/react-dom/cjs/react-dom-client.development.js:4554
[  200508ms] [TIMESTAMP] Remaining Effects @ webpack-internal:///(app-pages-browser)/./node_modules/next/dist/compiled/react-dom/cjs/react-dom-client.development.js:19980
[  200528ms] [TIMESTAMP] Blocking Track @ webpack-internal:///(app-pages-browser)/./node_modules/next/dist/compiled/react-dom/cjs/react-dom-client.development.js:18271
[  200529ms] [TIMESTAMP] Transition Track @ webpack-internal:///(app-pages-browser)/./node_modules/next/dist/compiled/react-dom/cjs/react-dom-client.development.js:18279
[  200529ms] [TIMESTAMP] Suspense Track @ webpack-internal:///(app-pages-browser)/./node_modules/next/dist/compiled/react-dom/cjs/react-dom-client.development.js:18287
[  200529ms] [TIMESTAMP] Idle Track @ webpack-internal:///(app-pages-browser)/./node_modules/next/dist/compiled/react-dom/cjs/react-dom-client.development.js:18295
[  200532ms] [TIMESTAMP] Render @ webpack-internal:///(app-pages-browser)/./node_modules/next/dist/compiled/react-dom/cjs/react-dom-client.development.js:19292
[  200539ms] [TIMESTAMP] Commit @ webpack-internal:///(app-pages-browser)/./node_modules/next/dist/compiled/react-dom/cjs/react-dom-client.development.js:4724
[  202540ms] [LOG] [HMR] connected @ webpack-internal:///(app-pages-browser)/./node_modules/next/dist/next-devtools/shared/forward-logs-shared.js:27
[  208872ms] [WARNING] [Fast Refresh] performing full reload because your application had an unrecoverable error @ webpack-internal:///(app-pages-browser)/./node_modules/next/dist/next-devtools/shared/forward-logs-shared.js:27
[  211347ms] [LOG] [HMR] connected @ webpack-internal:///(app-pages-browser)/./node_modules/next/dist/next-devtools/shared/forward-logs-shared.js:27
[  213547ms] [LOG] [HMR] connected @ webpack-internal:///(app-pages-browser)/./node_modules/next/dist/next-devtools/shared/forward-logs-shared.js:27
[  232463ms] [INFO] Download the React DevTools for a better development experience: https://react.dev/link/react-devtools @ webpack-internal:///(app-pages-browser)/./node_modules/next/dist/next-devtools/shared/forward-logs-shared.js:27
[  232789ms] [TIMESTAMP] Server Requests Track @ webpack-internal:///(app-pages-browser)/./node_modules/next/dist/compiled/react-server-dom-webpack/cjs/react-server-dom-webpack-client.browser.development.js:1241
[  232792ms] [TIMESTAMP] Server Components Track @ webpack-internal:///(app-pages-browser)/./node_modules/next/dist/compiled/react-server-dom-webpack/cjs/react-server-dom-webpack-client.browser.development.js:1249
[  233378ms] [LOG] [HMR] connected @ webpack-internal:///(app-pages-browser)/./node_modules/next/dist/next-devtools/shared/forward-logs-shared.js:27
[  233590ms] [TIMESTAMP] Blocking Track @ webpack-internal:///(app-pages-browser)/./node_modules/next/dist/compiled/react-dom/cjs/react-dom-client.development.js:18271
[  233593ms] [TIMESTAMP] Transition Track @ webpack-internal:///(app-pages-browser)/./node_modules/next/dist/compiled/react-dom/cjs/react-dom-client.development.js:18279
[  233606ms] [TIMESTAMP] Suspense Track @ webpack-internal:///(app-pages-browser)/./node_modules/next/dist/compiled/react-dom/cjs/react-dom-client.development.js:18287
[  233657ms] [TIMESTAMP] Idle Track @ webpack-internal:///(app-pages-browser)/./node_modules/next/dist/compiled/react-dom/cjs/react-dom-client.development.js:18295
[  233672ms] [TIMESTAMP] Server Requests Track @ webpack-internal:///(app-pages-browser)/./node_modules/next/dist/compiled/react-server-dom-webpack/cjs/react-server-dom-webpack-client.browser.development.js:1241
[  233673ms] [TIMESTAMP] Server Components Track @ webpack-internal:///(app-pages-browser)/./node_modules/next/dist/compiled/react-server-dom-webpack/cjs/react-server-dom-webpack-client.browser.development.js:1249
[  233676ms] [TIMESTAMP] ​Preloads @ webpack-internal:///(app-pages-browser)/./node_modules/next/dist/compiled/react-server-dom-webpack/cjs/react-server-dom-webpack-client.browser.development.js:3943
[  233677ms] [TIMESTAMP] ​Loading @ webpack-internal:///(app-pages-browser)/./node_modules/next/dist/compiled/react-server-dom-webpack/cjs/react-server-dom-webpack-client.browser.development.js:3943
[  233679ms] [TIMESTAMP] ​HTTPAccessErrorFallback @ webpack-internal:///(app-pages-browser)/./node_modules/next/dist/compiled/react-server-dom-webpack/cjs/react-server-dom-webpack-client.browser.development.js:3943
[  233685ms] [TIMESTAMP] ​NotFound @ webpack-internal:///(app-pages-browser)/./node_modules/next/dist/compiled/react-server-dom-webpack/cjs/react-server-dom-webpack-client.browser.development.js:3943
[  233688ms] [TIMESTAMP] ​RootLayout @ webpack-internal:///(app-pages-browser)/./node_modules/next/dist/compiled/react-server-dom-webpack/cjs/react-server-dom-webpack-client.browser.development.js:3943
[  233689ms] [TIMESTAMP] ​HTTPAccessErrorFallback @ webpack-internal:///(app-pages-browser)/./node_modules/next/dist/compiled/react-server-dom-webpack/cjs/react-server-dom-webpack-client.browser.development.js:3943
[  233695ms] [TIMESTAMP] ​NotFound @ webpack-internal:///(app-pages-browser)/./node_modules/next/dist/compiled/react-server-dom-webpack/cjs/react-server-dom-webpack-client.browser.development.js:3943
[  233704ms] [TIMESTAMP] ​Next.MetadataOutlet @ webpack-internal:///(app-pages-browser)/./node_modules/next/dist/compiled/react-server-dom-webpack/cjs/react-server-dom-webpack-client.browser.development.js:3943
[  233705ms] [TIMESTAMP] ​NonIndex @ webpack-internal:///(app-pages-browser)/./node_modules/next/dist/compiled/react-server-dom-webpack/cjs/react-server-dom-webpack-client.browser.development.js:3943
[  233710ms] [TIMESTAMP] ​Next.Viewport @ webpack-internal:///(app-pages-browser)/./node_modules/next/dist/compiled/react-server-dom-webpack/cjs/react-server-dom-webpack-client.browser.development.js:3943
[  233724ms] [TIMESTAMP] ​ViewportWrapper @ webpack-internal:///(app-pages-browser)/./node_modules/next/dist/compiled/react-server-dom-webpack/cjs/react-server-dom-webpack-client.browser.development.js:3943
[  233725ms] [TIMESTAMP] ​Next.Metadata @ webpack-internal:///(app-pages-browser)/./node_modules/next/dist/compiled/react-server-dom-webpack/cjs/react-server-dom-webpack-client.browser.development.js:3943
[  233727ms] [TIMESTAMP] ​MetadataWrapper @ webpack-internal:///(app-pages-browser)/./node_modules/next/dist/compiled/react-server-dom-webpack/cjs/react-server-dom-webpack-client.browser.development.js:3943
[  233736ms] [TIMESTAMP] Blocked @ webpack-internal:///(app-pages-browser)/./node_modules/next/dist/compiled/react-dom/cjs/react-dom-client.development.js:17801
[  233826ms] [TIMESTAMP] Blocked @ webpack-internal:///(app-pages-browser)/./node_modules/next/dist/compiled/react-dom/cjs/react-dom-client.development.js:17801
[  233859ms] [TIMESTAMP] Blocked @ webpack-internal:///(app-pages-browser)/./node_modules/next/dist/compiled/react-dom/cjs/react-dom-client.development.js:17801
[  233869ms] [TIMESTAMP] Blocked @ webpack-internal:///(app-pages-browser)/./node_modules/next/dist/compiled/react-dom/cjs/react-dom-client.development.js:17801
[  234323ms] [TIMESTAMP] Blocked @ webpack-internal:///(app-pages-browser)/./node_modules/next/dist/compiled/react-dom/cjs/react-dom-client.development.js:17801
[  234324ms] [TIMESTAMP] Errored @ webpack-internal:///(app-pages-browser)/./node_modules/next/dist/compiled/react-dom/cjs/react-dom-client.development.js:4630
[  234327ms] [TIMESTAMP] Blocking Track @ webpack-internal:///(app-pages-browser)/./node_modules/next/dist/compiled/react-dom/cjs/react-dom-client.development.js:18271
[  234328ms] [TIMESTAMP] Transition Track @ webpack-internal:///(app-pages-browser)/./node_modules/next/dist/compiled/react-dom/cjs/react-dom-client.development.js:18279
[  234343ms] [TIMESTAMP] Suspense Track @ webpack-internal:///(app-pages-browser)/./node_modules/next/dist/compiled/react-dom/cjs/react-dom-client.development.js:18287
[  234457ms] [TIMESTAMP] Idle Track @ webpack-internal:///(app-pages-browser)/./node_modules/next/dist/compiled/react-dom/cjs/react-dom-client.development.js:18295
[  236420ms] [ERROR] Encountered a script tag while rendering React component. Scripts inside React components are never executed when rendering on the client. Consider using template tag instead (https://developer.mozilla.org/en-US/docs/Web/HTML/Element/template). @ webpack-internal:///(app-pages-browser)/./node_modules/next/dist/next-devtools/userspace/app/errors/intercept-console-error.js:57
[  236443ms] [TIMESTAMP] Errored @ webpack-internal:///(app-pages-browser)/./node_modules/next/dist/compiled/react-dom/cjs/react-dom-client.development.js:4630
[  236637ms] [TIMESTAMP] Commit @ webpack-internal:///(app-pages-browser)/./node_modules/next/dist/compiled/react-dom/cjs/react-dom-client.development.js:4724
[  236643ms] Error: Element type is invalid. Received a promise that resolves to: undefined. Lazy element type must resolve to a class or function.
    at beginWork (webpack-internal:///(app-pages-browser)/./node_modules/next/dist/compiled/react-dom/cjs/react-dom-client.development.js:12104:19)
    at runWithFiberInDEV (webpack-internal:///(app-pages-browser)/./node_modules/next/dist/compiled/react-dom/cjs/react-dom-client.development.js:990:13)
    at performUnitOfWork (webpack-internal:///(app-pages-browser)/./node_modules/next/dist/compiled/react-dom/cjs/react-dom-client.development.js:18989:22)
    at workLoopSync (webpack-internal:///(app-pages-browser)/./node_modules/next/dist/compiled/react-dom/cjs/react-dom-client.development.js:18817:58)
    at renderRootSync (webpack-internal:///(app-pages-browser)/./node_modules/next/dist/compiled/react-dom/cjs/react-dom-client.development.js:18798:11)
    at performWorkOnRoot (webpack-internal:///(app-pages-browser)/./node_modules/next/dist/compiled/react-dom/cjs/react-dom-client.development.js:17903:35)
    at performWorkOnRootViaSchedulerTask (webpack-internal:///(app-pages-browser)/./node_modules/next/dist/compiled/react-dom/cjs/react-dom-client.development.js:20472:24)
    at performWorkUntilDeadline (webpack-internal:///(app-pages-browser)/./node_modules/next/dist/compiled/scheduler/cjs/scheduler.development.js:45:56)
    at EventHandlerNonNull* (webpack-internal:///(app-pages-browser)/./node_modules/next/dist/compiled/scheduler/cjs/scheduler.development.js:223:7)
    at  (webpack-internal:///(app-pages-browser)/./node_modules/next/dist/compiled/scheduler/cjs/scheduler.development.js:364:5)
    at (app-pages-browser)/./node_modules/next/dist/compiled/scheduler/cjs/scheduler.development.js (http://localhost:3000/_next/static/chunks/main-app.js?v=1785511508773:1324:1)
    at options.factory (http://localhost:3000/_next/static/chunks/webpack.js?v=1785511508773:708:31)
    at __webpack_require__ (http://localhost:3000/_next/static/chunks/webpack.js?v=1785511508773:29:33)
    at fn (http://localhost:3000/_next/static/chunks/webpack.js?v=1785511508773:361:21)
    at  (webpack-internal:///(app-pages-browser)/./node_modules/next/dist/compiled/scheduler/index.js:4:20)
    at (app-pages-browser)/./node_modules/next/dist/compiled/scheduler/index.js (http://localhost:3000/_next/static/chunks/main-app.js?v=1785511508773:1335:1)
    at options.factory (http://localhost:3000/_next/static/chunks/webpack.js?v=1785511508773:708:31)
    at __webpack_require__ (http://localhost:3000/_next/static/chunks/webpack.js?v=1785511508773:29:33)
    at fn (http://localhost:3000/_next/static/chunks/webpack.js?v=1785511508773:361:21)
    at  (webpack-internal:///(app-pages-browser)/./node_modules/next/dist/compiled/react-dom/cjs/react-dom-client.development.js:26424:40)
    at  (webpack-internal:///(app-pages-browser)/./node_modules/next/dist/compiled/react-dom/cjs/react-dom-client.development.js:30808:5)
    at (app-pages-browser)/./node_modules/next/dist/compiled/react-dom/cjs/react-dom-client.development.js (http://localhost:3000/_next/static/chunks/main-app.js?v=1785511508773:1182:1)
    at options.factory (http://localhost:3000/_next/static/chunks/webpack.js?v=1785511508773:708:31)
    at __webpack_require__ (http://localhost:3000/_next/static/chunks/webpack.js?v=1785511508773:29:33)
    at fn (http://localhost:3000/_next/static/chunks/webpack.js?v=1785511508773:361:21)
    at  (webpack-internal:///(app-pages-browser)/./node_modules/next/dist/compiled/react-dom/client.js:32:20)
    at (app-pages-browser)/./node_modules/next/dist/compiled/react-dom/client.js (http://localhost:3000/_next/static/chunks/main-app.js?v=1785511508773:1204:1)
    at options.factory (http://localhost:3000/_next/static/chunks/webpack.js?v=1785511508773:708:31)
    at __webpack_require__ (http://localhost:3000/_next/static/chunks/webpack.js?v=1785511508773:29:33)
    at fn (http://localhost:3000/_next/static/chunks/webpack.js?v=1785511508773:361:21)
    at  (webpack-internal:///(app-pages-browser)/./node_modules/next/dist/client/app-index.js:14:58)
    at (app-pages-browser)/./node_modules/next/dist/client/app-index.js (http://localhost:3000/_next/static/chunks/main-app.js?v=1785511508773:116:1)
    at options.factory (http://localhost:3000/_next/static/chunks/webpack.js?v=1785511508773:708:31)
    at __webpack_require__ (http://localhost:3000/_next/static/chunks/webpack.js?v=1785511508773:29:33)
    at fn (http://localhost:3000/_next/static/chunks/webpack.js?v=1785511508773:361:21)
    at  (webpack-internal:///(app-pages-browser)/./node_modules/next/dist/client/app-next-dev.js:15:44)
    at appBootstrap/< (webpack-internal:///(app-pages-browser)/./node_modules/next/dist/client/app-bootstrap.js:60:16)
    at loadScriptsInSequence (webpack-internal:///(app-pages-browser)/./node_modules/next/dist/client/app-bootstrap.js:25:16)
    at appBootstrap (webpack-internal:///(app-pages-browser)/./node_modules/next/dist/client/app-bootstrap.js:54:26)
    at  (webpack-internal:///(app-pages-browser)/./node_modules/next/dist/client/app-next-dev.js:13:32)
    at (app-pages-browser)/./node_modules/next/dist/client/app-next-dev.js (http://localhost:3000/_next/static/chunks/main-app.js?v=1785511508773:138:1)
    at options.factory (http://localhost:3000/_next/static/chunks/webpack.js?v=1785511508773:708:31)
    at __webpack_require__ (http://localhost:3000/_next/static/chunks/webpack.js?v=1785511508773:29:33)
    at __webpack_exec__ (http://localhost:3000/_next/static/chunks/main-app.js?v=1785511508773:1956:67)
    at  (http://localhost:3000/_next/static/chunks/main-app.js?v=1785511508773:1957:154)
    at webpackJsonpCallback (http://localhost:3000/_next/static/chunks/webpack.js?v=1785511508773:1395:46)
    at  (http://localhost:3000/_next/static/chunks/main-app.js?v=1785511508773:9:61)
[  236645ms] [TIMESTAMP] Waiting for Paint @ webpack-internal:///(app-pages-browser)/./node_modules/next/dist/compiled/react-dom/cjs/react-dom-client.development.js:19929
[  236653ms] [TIMESTAMP] Root @ webpack-internal:///(app-pages-browser)/./node_modules/next/dist/compiled/react-dom/cjs/react-dom-client.development.js:4426
[  236654ms] [TIMESTAMP] ServerRoot @ webpack-internal:///(app-pages-browser)/./node_modules/next/dist/compiled/react-dom/cjs/react-dom-client.development.js:4426
[  236654ms] [TIMESTAMP] AppRouter @ webpack-internal:///(app-pages-browser)/./node_modules/next/dist/compiled/react-dom/cjs/react-dom-client.development.js:4426
[  236656ms] [TIMESTAMP] RootErrorBoundary @ webpack-internal:///(app-pages-browser)/./node_modules/next/dist/compiled/react-dom/cjs/react-dom-client.development.js:4426
[  236658ms] [TIMESTAMP] ErrorBoundary @ webpack-internal:///(app-pages-browser)/./node_modules/next/dist/compiled/react-dom/cjs/react-dom-client.development.js:4426
[  236659ms] [TIMESTAMP] ErrorBoundaryHandler @ webpack-internal:///(app-pages-browser)/./node_modules/next/dist/compiled/react-dom/cjs/react-dom-client.development.js:4426
[  236659ms] [TIMESTAMP] Router @ webpack-internal:///(app-pages-browser)/./node_modules/next/dist/compiled/react-dom/cjs/react-dom-client.development.js:4426
[  236661ms] [TIMESTAMP] HistoryUpdater @ webpack-internal:///(app-pages-browser)/./node_modules/next/dist/compiled/react-dom/cjs/react-dom-client.development.js:4426
[  236667ms] [TIMESTAMP] RuntimeStylesForWebpack @ webpack-internal:///(app-pages-browser)/./node_modules/next/dist/compiled/react-dom/cjs/react-dom-client.development.js:4426
[  236669ms] [TIMESTAMP] HotReload @ webpack-internal:///(app-pages-browser)/./node_modules/next/dist/compiled/react-dom/cjs/react-dom-client.development.js:4426
[  236672ms] [TIMESTAMP] ErroredHtml @ webpack-internal:///(app-pages-browser)/./node_modules/next/dist/compiled/react-dom/cjs/react-dom-client.development.js:4426
[  236672ms] [TIMESTAMP] ErrorBoundary @ webpack-internal:///(app-pages-browser)/./node_modules/next/dist/compiled/react-dom/cjs/react-dom-client.development.js:4426
[  236673ms] [TIMESTAMP] ErrorBoundaryHandler @ webpack-internal:///(app-pages-browser)/./node_modules/next/dist/compiled/react-dom/cjs/react-dom-client.development.js:4426
[  236673ms] [TIMESTAMP] SegmentViewNode @ webpack-internal:///(app-pages-browser)/./node_modules/next/dist/compiled/react-dom/cjs/react-dom-client.development.js:4426
[  236674ms] [TIMESTAMP] DefaultGlobalError @ webpack-internal:///(app-pages-browser)/./node_modules/next/dist/compiled/react-dom/cjs/react-dom-client.development.js:4426
[  236675ms] [TIMESTAMP] WarningIcon @ webpack-internal:///(app-pages-browser)/./node_modules/next/dist/compiled/react-dom/cjs/react-dom-client.development.js:4426
[  236681ms] [TIMESTAMP] HotReload @ webpack-internal:///(app-pages-browser)/./node_modules/next/dist/compiled/react-dom/cjs/react-dom-client.development.js:4554
[  236686ms] [TIMESTAMP] Router @ webpack-internal:///(app-pages-browser)/./node_modules/next/dist/compiled/react-dom/cjs/react-dom-client.development.js:4554
[  236692ms] [TIMESTAMP] Remaining Effects @ webpack-internal:///(app-pages-browser)/./node_modules/next/dist/compiled/react-dom/cjs/react-dom-client.development.js:19980
[  236738ms] [TIMESTAMP] Blocking Track @ webpack-internal:///(app-pages-browser)/./node_modules/next/dist/compiled/react-dom/cjs/react-dom-client.development.js:18271
[  236738ms] [TIMESTAMP] Transition Track @ webpack-internal:///(app-pages-browser)/./node_modules/next/dist/compiled/react-dom/cjs/react-dom-client.development.js:18279
[  236739ms] [TIMESTAMP] Suspense Track @ webpack-internal:///(app-pages-browser)/./node_modules/next/dist/compiled/react-dom/cjs/react-dom-client.development.js:18287
[  236739ms] [TIMESTAMP] Idle Track @ webpack-internal:///(app-pages-browser)/./node_modules/next/dist/compiled/react-dom/cjs/react-dom-client.development.js:18295
[  236750ms] [TIMESTAMP] Render @ webpack-internal:///(app-pages-browser)/./node_modules/next/dist/compiled/react-dom/cjs/react-dom-client.development.js:19292
[  236754ms] [TIMESTAMP] Commit @ webpack-internal:///(app-pages-browser)/./node_modules/next/dist/compiled/react-dom/cjs/react-dom-client.development.js:4724
[  237976ms] [LOG] [HMR] connected @ webpack-internal:///(app-pages-browser)/./node_modules/next/dist/next-devtools/shared/forward-logs-shared.js:27
[  243704ms] [LOG] [Fast Refresh] done in 1785511528552ms @ webpack-internal:///(app-pages-browser)/./node_modules/next/dist/next-devtools/shared/forward-logs-shared.js:27
[  244730ms] [LOG] [Fast Refresh] rebuilding @ webpack-internal:///(app-pages-browser)/./node_modules/next/dist/next-devtools/shared/forward-logs-shared.js:27
[  245889ms] [LOG] [Fast Refresh] done in 1163ms @ webpack-internal:///(app-pages-browser)/./node_modules/next/dist/next-devtools/shared/forward-logs-shared.js:27
[  257719ms] [INFO] Download the React DevTools for a better development experience: https://react.dev/link/react-devtools @ webpack-internal:///(app-pages-browser)/./node_modules/next/dist/next-devtools/shared/forward-logs-shared.js:27
[  259756ms] [TIMESTAMP] Server Requests Track @ webpack-internal:///(app-pages-browser)/./node_modules/next/dist/compiled/react-server-dom-webpack/cjs/react-server-dom-webpack-client.browser.development.js:1241
[  259822ms] [TIMESTAMP] Server Components Track @ webpack-internal:///(app-pages-browser)/./node_modules/next/dist/compiled/react-server-dom-webpack/cjs/react-server-dom-webpack-client.browser.development.js:1249
[  260309ms] [LOG] [HMR] connected @ webpack-internal:///(app-pages-browser)/./node_modules/next/dist/next-devtools/shared/forward-logs-shared.js:27
[  260465ms] [TIMESTAMP] Blocking Track @ webpack-internal:///(app-pages-browser)/./node_modules/next/dist/compiled/react-dom/cjs/react-dom-client.development.js:18271
[  260468ms] [TIMESTAMP] Transition Track @ webpack-internal:///(app-pages-browser)/./node_modules/next/dist/compiled/react-dom/cjs/react-dom-client.development.js:18279
[  260471ms] [TIMESTAMP] Suspense Track @ webpack-internal:///(app-pages-browser)/./node_modules/next/dist/compiled/react-dom/cjs/react-dom-client.development.js:18287
[  260473ms] [TIMESTAMP] Idle Track @ webpack-internal:///(app-pages-browser)/./node_modules/next/dist/compiled/react-dom/cjs/react-dom-client.development.js:18295
[  260483ms] [TIMESTAMP] Blocked @ webpack-internal:///(app-pages-browser)/./node_modules/next/dist/compiled/react-dom/cjs/react-dom-client.development.js:17801
[  260505ms] [TIMESTAMP] Server Requests Track @ webpack-internal:///(app-pages-browser)/./node_modules/next/dist/compiled/react-server-dom-webpack/cjs/react-server-dom-webpack-client.browser.development.js:1241
[  260506ms] [TIMESTAMP] Server Components Track @ webpack-internal:///(app-pages-browser)/./node_modules/next/dist/compiled/react-server-dom-webpack/cjs/react-server-dom-webpack-client.browser.development.js:1249
[  260509ms] [TIMESTAMP] ​Preloads @ webpack-internal:///(app-pages-browser)/./node_modules/next/dist/compiled/react-server-dom-webpack/cjs/react-server-dom-webpack-client.browser.development.js:3943
[  260517ms] [TIMESTAMP] ​Loading @ webpack-internal:///(app-pages-browser)/./node_modules/next/dist/compiled/react-server-dom-webpack/cjs/react-server-dom-webpack-client.browser.development.js:3943
[  260517ms] [TIMESTAMP] ​HTTPAccessErrorFallback @ webpack-internal:///(app-pages-browser)/./node_modules/next/dist/compiled/react-server-dom-webpack/cjs/react-server-dom-webpack-client.browser.development.js:3943
[  260520ms] [TIMESTAMP] ​NotFound @ webpack-internal:///(app-pages-browser)/./node_modules/next/dist/compiled/react-server-dom-webpack/cjs/react-server-dom-webpack-client.browser.development.js:3943
[  260520ms] [TIMESTAMP] ​RootLayout @ webpack-internal:///(app-pages-browser)/./node_modules/next/dist/compiled/react-server-dom-webpack/cjs/react-server-dom-webpack-client.browser.development.js:3943
[  260523ms] [TIMESTAMP] ​HTTPAccessErrorFallback @ webpack-internal:///(app-pages-browser)/./node_modules/next/dist/compiled/react-server-dom-webpack/cjs/react-server-dom-webpack-client.browser.development.js:3943
[  260523ms] [TIMESTAMP] ​NotFound @ webpack-internal:///(app-pages-browser)/./node_modules/next/dist/compiled/react-server-dom-webpack/cjs/react-server-dom-webpack-client.browser.development.js:3943
[  260531ms] [TIMESTAMP] ​Next.MetadataOutlet @ webpack-internal:///(app-pages-browser)/./node_modules/next/dist/compiled/react-server-dom-webpack/cjs/react-server-dom-webpack-client.browser.development.js:3943
[  260551ms] [TIMESTAMP] ​NonIndex @ webpack-internal:///(app-pages-browser)/./node_modules/next/dist/compiled/react-server-dom-webpack/cjs/react-server-dom-webpack-client.browser.development.js:3943
[  260633ms] [TIMESTAMP] ​Next.Viewport @ webpack-internal:///(app-pages-browser)/./node_modules/next/dist/compiled/react-server-dom-webpack/cjs/react-server-dom-webpack-client.browser.development.js:3943
[  260707ms] [TIMESTAMP] ​ViewportWrapper @ webpack-internal:///(app-pages-browser)/./node_modules/next/dist/compiled/react-server-dom-webpack/cjs/react-server-dom-webpack-client.browser.development.js:3943
[  260707ms] [TIMESTAMP] ​Next.Metadata @ webpack-internal:///(app-pages-browser)/./node_modules/next/dist/compiled/react-server-dom-webpack/cjs/react-server-dom-webpack-client.browser.development.js:3943
[  260708ms] [TIMESTAMP] ​MetadataWrapper @ webpack-internal:///(app-pages-browser)/./node_modules/next/dist/compiled/react-server-dom-webpack/cjs/react-server-dom-webpack-client.browser.development.js:3943
[  260708ms] [TIMESTAMP] Blocked @ webpack-internal:///(app-pages-browser)/./node_modules/next/dist/compiled/react-dom/cjs/react-dom-client.development.js:17801
[  260724ms] [TIMESTAMP] Blocked @ webpack-internal:///(app-pages-browser)/./node_modules/next/dist/compiled/react-dom/cjs/react-dom-client.development.js:17801
[  260758ms] [TIMESTAMP] Blocked @ webpack-internal:///(app-pages-browser)/./node_modules/next/dist/compiled/react-dom/cjs/react-dom-client.development.js:17801
[  260771ms] [TIMESTAMP] Blocked @ webpack-internal:///(app-pages-browser)/./node_modules/next/dist/compiled/react-dom/cjs/react-dom-client.development.js:17801
[  260905ms] [TIMESTAMP] Blocked @ webpack-internal:///(app-pages-browser)/./node_modules/next/dist/compiled/react-dom/cjs/react-dom-client.development.js:17801
[  260913ms] [TIMESTAMP] Blocked @ webpack-internal:///(app-pages-browser)/./node_modules/next/dist/compiled/react-dom/cjs/react-dom-client.development.js:17801
[  260918ms] [TIMESTAMP] Errored @ webpack-internal:///(app-pages-browser)/./node_modules/next/dist/compiled/react-dom/cjs/react-dom-client.development.js:4630
[  260921ms] [TIMESTAMP] Blocking Track @ webpack-internal:///(app-pages-browser)/./node_modules/next/dist/compiled/react-dom/cjs/react-dom-client.development.js:18271
[  260922ms] [TIMESTAMP] Transition Track @ webpack-internal:///(app-pages-browser)/./node_modules/next/dist/compiled/react-dom/cjs/react-dom-client.development.js:18279
[  260924ms] [TIMESTAMP] Suspense Track @ webpack-internal:///(app-pages-browser)/./node_modules/next/dist/compiled/react-dom/cjs/react-dom-client.development.js:18287
[  260924ms] [TIMESTAMP] Idle Track @ webpack-internal:///(app-pages-browser)/./node_modules/next/dist/compiled/react-dom/cjs/react-dom-client.development.js:18295
[  260949ms] [ERROR] Encountered a script tag while rendering React component. Scripts inside React components are never executed when rendering on the client. Consider using template tag instead (https://developer.mozilla.org/en-US/docs/Web/HTML/Element/template). @ webpack-internal:///(app-pages-browser)/./node_modules/next/dist/next-devtools/userspace/app/errors/intercept-console-error.js:57
[  260972ms] [TIMESTAMP] Errored @ webpack-internal:///(app-pages-browser)/./node_modules/next/dist/compiled/react-dom/cjs/react-dom-client.development.js:4630
[  261026ms] [TIMESTAMP] Commit @ webpack-internal:///(app-pages-browser)/./node_modules/next/dist/compiled/react-dom/cjs/react-dom-client.development.js:4724
[  261039ms] Error: Element type is invalid. Received a promise that resolves to: undefined. Lazy element type must resolve to a class or function.
    at beginWork (webpack-internal:///(app-pages-browser)/./node_modules/next/dist/compiled/react-dom/cjs/react-dom-client.development.js:12104:19)
    at runWithFiberInDEV (webpack-internal:///(app-pages-browser)/./node_modules/next/dist/compiled/react-dom/cjs/react-dom-client.development.js:990:13)
    at performUnitOfWork (webpack-internal:///(app-pages-browser)/./node_modules/next/dist/compiled/react-dom/cjs/react-dom-client.development.js:18989:22)
    at workLoopSync (webpack-internal:///(app-pages-browser)/./node_modules/next/dist/compiled/react-dom/cjs/react-dom-client.development.js:18817:58)
    at renderRootSync (webpack-internal:///(app-pages-browser)/./node_modules/next/dist/compiled/react-dom/cjs/react-dom-client.development.js:18798:11)
    at performWorkOnRoot (webpack-internal:///(app-pages-browser)/./node_modules/next/dist/compiled/react-dom/cjs/react-dom-client.development.js:17903:35)
    at performWorkOnRootViaSchedulerTask (webpack-internal:///(app-pages-browser)/./node_modules/next/dist/compiled/react-dom/cjs/react-dom-client.development.js:20472:24)
    at performWorkUntilDeadline (webpack-internal:///(app-pages-browser)/./node_modules/next/dist/compiled/scheduler/cjs/scheduler.development.js:45:56)
    at EventHandlerNonNull* (webpack-internal:///(app-pages-browser)/./node_modules/next/dist/compiled/scheduler/cjs/scheduler.development.js:223:7)
    at  (webpack-internal:///(app-pages-browser)/./node_modules/next/dist/compiled/scheduler/cjs/scheduler.development.js:364:5)
    at (app-pages-browser)/./node_modules/next/dist/compiled/scheduler/cjs/scheduler.development.js (http://localhost:3000/_next/static/chunks/main-app.js?v=1785511531453:1324:1)
    at options.factory (http://localhost:3000/_next/static/chunks/webpack.js?v=1785511531453:708:31)
    at __webpack_require__ (http://localhost:3000/_next/static/chunks/webpack.js?v=1785511531453:29:33)
    at fn (http://localhost:3000/_next/static/chunks/webpack.js?v=1785511531453:361:21)
    at  (webpack-internal:///(app-pages-browser)/./node_modules/next/dist/compiled/scheduler/index.js:4:20)
    at (app-pages-browser)/./node_modules/next/dist/compiled/scheduler/index.js (http://localhost:3000/_next/static/chunks/main-app.js?v=1785511531453:1335:1)
    at options.factory (http://localhost:3000/_next/static/chunks/webpack.js?v=1785511531453:708:31)
    at __webpack_require__ (http://localhost:3000/_next/static/chunks/webpack.js?v=1785511531453:29:33)
    at fn (http://localhost:3000/_next/static/chunks/webpack.js?v=1785511531453:361:21)
    at  (webpack-internal:///(app-pages-browser)/./node_modules/next/dist/compiled/react-dom/cjs/react-dom-client.development.js:26424:40)
    at  (webpack-internal:///(app-pages-browser)/./node_modules/next/dist/compiled/react-dom/cjs/react-dom-client.development.js:30808:5)
    at (app-pages-browser)/./node_modules/next/dist/compiled/react-dom/cjs/react-dom-client.development.js (http://localhost:3000/_next/static/chunks/main-app.js?v=1785511531453:1182:1)
    at options.factory (http://localhost:3000/_next/static/chunks/webpack.js?v=1785511531453:708:31)
    at __webpack_require__ (http://localhost:3000/_next/static/chunks/webpack.js?v=1785511531453:29:33)
    at fn (http://localhost:3000/_next/static/chunks/webpack.js?v=1785511531453:361:21)
    at  (webpack-internal:///(app-pages-browser)/./node_modules/next/dist/compiled/react-dom/client.js:32:20)
    at (app-pages-browser)/./node_modules/next/dist/compiled/react-dom/client.js (http://localhost:3000/_next/static/chunks/main-app.js?v=1785511531453:1204:1)
    at options.factory (http://localhost:3000/_next/static/chunks/webpack.js?v=1785511531453:708:31)
    at __webpack_require__ (http://localhost:3000/_next/static/chunks/webpack.js?v=1785511531453:29:33)
    at fn (http://localhost:3000/_next/static/chunks/webpack.js?v=1785511531453:361:21)
    at  (webpack-internal:///(app-pages-browser)/./node_modules/next/dist/client/app-index.js:14:58)
    at (app-pages-browser)/./node_modules/next/dist/client/app-index.js (http://localhost:3000/_next/static/chunks/main-app.js?v=1785511531453:116:1)
    at options.factory (http://localhost:3000/_next/static/chunks/webpack.js?v=1785511531453:708:31)
    at __webpack_require__ (http://localhost:3000/_next/static/chunks/webpack.js?v=1785511531453:29:33)
    at fn (http://localhost:3000/_next/static/chunks/webpack.js?v=1785511531453:361:21)
    at  (webpack-internal:///(app-pages-browser)/./node_modules/next/dist/client/app-next-dev.js:15:44)
    at appBootstrap/< (webpack-internal:///(app-pages-browser)/./node_modules/next/dist/client/app-bootstrap.js:60:16)
    at loadScriptsInSequence (webpack-internal:///(app-pages-browser)/./node_modules/next/dist/client/app-bootstrap.js:25:16)
    at appBootstrap (webpack-internal:///(app-pages-browser)/./node_modules/next/dist/client/app-bootstrap.js:54:26)
    at  (webpack-internal:///(app-pages-browser)/./node_modules/next/dist/client/app-next-dev.js:13:32)
    at (app-pages-browser)/./node_modules/next/dist/client/app-next-dev.js (http://localhost:3000/_next/static/chunks/main-app.js?v=1785511531453:138:1)
    at options.factory (http://localhost:3000/_next/static/chunks/webpack.js?v=1785511531453:708:31)
    at __webpack_require__ (http://localhost:3000/_next/static/chunks/webpack.js?v=1785511531453:29:33)
    at __webpack_exec__ (http://localhost:3000/_next/static/chunks/main-app.js?v=1785511531453:1956:67)
    at  (http://localhost:3000/_next/static/chunks/main-app.js?v=1785511531453:1957:154)
    at webpackJsonpCallback (http://localhost:3000/_next/static/chunks/webpack.js?v=1785511531453:1395:46)
    at  (http://localhost:3000/_next/static/chunks/main-app.js?v=1785511531453:9:61)
[  261067ms] [TIMESTAMP] Waiting for Paint @ webpack-internal:///(app-pages-browser)/./node_modules/next/dist/compiled/react-dom/cjs/react-dom-client.development.js:19929
[  261106ms] [TIMESTAMP] Root @ webpack-internal:///(app-pages-browser)/./node_modules/next/dist/compiled/react-dom/cjs/react-dom-client.development.js:4426
[  261106ms] [TIMESTAMP] ServerRoot @ webpack-internal:///(app-pages-browser)/./node_modules/next/dist/compiled/react-dom/cjs/react-dom-client.development.js:4426
[  261107ms] [TIMESTAMP] AppRouter @ webpack-internal:///(app-pages-browser)/./node_modules/next/dist/compiled/react-dom/cjs/react-dom-client.development.js:4426
[  261112ms] [TIMESTAMP] RootErrorBoundary @ webpack-internal:///(app-pages-browser)/./node_modules/next/dist/compiled/react-dom/cjs/react-dom-client.development.js:4426
[  261118ms] [TIMESTAMP] ErrorBoundary @ webpack-internal:///(app-pages-browser)/./node_modules/next/dist/compiled/react-dom/cjs/react-dom-client.development.js:4426
[  261120ms] [TIMESTAMP] ErrorBoundaryHandler @ webpack-internal:///(app-pages-browser)/./node_modules/next/dist/compiled/react-dom/cjs/react-dom-client.development.js:4426
[  261121ms] [TIMESTAMP] Router @ webpack-internal:///(app-pages-browser)/./node_modules/next/dist/compiled/react-dom/cjs/react-dom-client.development.js:4426
[  261121ms] [TIMESTAMP] HistoryUpdater @ webpack-internal:///(app-pages-browser)/./node_modules/next/dist/compiled/react-dom/cjs/react-dom-client.development.js:4426
[  261122ms] [TIMESTAMP] RuntimeStylesForWebpack @ webpack-internal:///(app-pages-browser)/./node_modules/next/dist/compiled/react-dom/cjs/react-dom-client.development.js:4426
[  261125ms] [TIMESTAMP] HotReload @ webpack-internal:///(app-pages-browser)/./node_modules/next/dist/compiled/react-dom/cjs/react-dom-client.development.js:4426
[  261152ms] [TIMESTAMP] ErroredHtml @ webpack-internal:///(app-pages-browser)/./node_modules/next/dist/compiled/react-dom/cjs/react-dom-client.development.js:4426
[  261152ms] [TIMESTAMP] ErrorBoundary @ webpack-internal:///(app-pages-browser)/./node_modules/next/dist/compiled/react-dom/cjs/react-dom-client.development.js:4426
[  261153ms] [TIMESTAMP] ErrorBoundaryHandler @ webpack-internal:///(app-pages-browser)/./node_modules/next/dist/compiled/react-dom/cjs/react-dom-client.development.js:4426
[  261155ms] [TIMESTAMP] SegmentViewNode @ webpack-internal:///(app-pages-browser)/./node_modules/next/dist/compiled/react-dom/cjs/react-dom-client.development.js:4426
[  261157ms] [TIMESTAMP] DefaultGlobalError @ webpack-internal:///(app-pages-browser)/./node_modules/next/dist/compiled/react-dom/cjs/react-dom-client.development.js:4426
[  261158ms] [TIMESTAMP] WarningIcon @ webpack-internal:///(app-pages-browser)/./node_modules/next/dist/compiled/react-dom/cjs/react-dom-client.development.js:4426
[  261167ms] [TIMESTAMP] HotReload @ webpack-internal:///(app-pages-browser)/./node_modules/next/dist/compiled/react-dom/cjs/react-dom-client.development.js:4554
[  261169ms] [TIMESTAMP] Router @ webpack-internal:///(app-pages-browser)/./node_modules/next/dist/compiled/react-dom/cjs/react-dom-client.development.js:4554
[  261175ms] [TIMESTAMP] Remaining Effects @ webpack-internal:///(app-pages-browser)/./node_modules/next/dist/compiled/react-dom/cjs/react-dom-client.development.js:19980
[  261206ms] [TIMESTAMP] Blocking Track @ webpack-internal:///(app-pages-browser)/./node_modules/next/dist/compiled/react-dom/cjs/react-dom-client.development.js:18271
[  261206ms] [TIMESTAMP] Transition Track @ webpack-internal:///(app-pages-browser)/./node_modules/next/dist/compiled/react-dom/cjs/react-dom-client.development.js:18279
[  261207ms] [TIMESTAMP] Suspense Track @ webpack-internal:///(app-pages-browser)/./node_modules/next/dist/compiled/react-dom/cjs/react-dom-client.development.js:18287
[  261214ms] [TIMESTAMP] Idle Track @ webpack-internal:///(app-pages-browser)/./node_modules/next/dist/compiled/react-dom/cjs/react-dom-client.development.js:18295
[  261346ms] [TIMESTAMP] Blocked @ webpack-internal:///(app-pages-browser)/./node_modules/next/dist/compiled/react-dom/cjs/react-dom-client.development.js:17801
[  261355ms] [TIMESTAMP] Blocked @ webpack-internal:///(app-pages-browser)/./node_modules/next/dist/compiled/react-dom/cjs/react-dom-client.development.js:17801
[  261357ms] [TIMESTAMP] Render @ webpack-internal:///(app-pages-browser)/./node_modules/next/dist/compiled/react-dom/cjs/react-dom-client.development.js:19292
[  261358ms] [TIMESTAMP] Commit @ webpack-internal:///(app-pages-browser)/./node_modules/next/dist/compiled/react-dom/cjs/react-dom-client.development.js:4724
[  262277ms] [LOG] [HMR] connected @ webpack-internal:///(app-pages-browser)/./node_modules/next/dist/next-devtools/shared/forward-logs-shared.js:27
[  271425ms] [WARNING] [Fast Refresh] performing full reload because your application had an unrecoverable error @ webpack-internal:///(app-pages-browser)/./node_modules/next/dist/next-devtools/shared/forward-logs-shared.js:27
[  276830ms] [LOG] [HMR] connected @ webpack-internal:///(app-pages-browser)/./node_modules/next/dist/next-devtools/shared/forward-logs-shared.js:27
[  279683ms] [LOG] [Fast Refresh] rebuilding @ webpack-internal:///(app-pages-browser)/./node_modules/next/dist/next-devtools/shared/forward-logs-shared.js:27
[  279805ms] [WARNING] [Fast Refresh] performing full reload because your application had an unrecoverable error @ webpack-internal:///(app-pages-browser)/./node_modules/next/dist/next-devtools/shared/forward-logs-shared.js:27
[  290280ms] [INFO] Download the React DevTools for a better development experience: https://react.dev/link/react-devtools @ webpack-internal:///(app-pages-browser)/./node_modules/next/dist/next-devtools/shared/forward-logs-shared.js:27
[  290468ms] [TIMESTAMP] Server Requests Track @ webpack-internal:///(app-pages-browser)/./node_modules/next/dist/compiled/react-server-dom-webpack/cjs/react-server-dom-webpack-client.browser.development.js:1241
[  290471ms] [TIMESTAMP] Server Components Track @ webpack-internal:///(app-pages-browser)/./node_modules/next/dist/compiled/react-server-dom-webpack/cjs/react-server-dom-webpack-client.browser.development.js:1249
[  292416ms] [LOG] [HMR] connected @ webpack-internal:///(app-pages-browser)/./node_modules/next/dist/next-devtools/shared/forward-logs-shared.js:27
[  294646ms] [TIMESTAMP] Server Requests Track @ webpack-internal:///(app-pages-browser)/./node_modules/next/dist/compiled/react-server-dom-webpack/cjs/react-server-dom-webpack-client.browser.development.js:1241
[  294647ms] [TIMESTAMP] Server Components Track @ webpack-internal:///(app-pages-browser)/./node_modules/next/dist/compiled/react-server-dom-webpack/cjs/react-server-dom-webpack-client.browser.development.js:1249
[  294647ms] [TIMESTAMP] ​Preloads @ webpack-internal:///(app-pages-browser)/./node_modules/next/dist/compiled/react-server-dom-webpack/cjs/react-server-dom-webpack-client.browser.development.js:3943
[  294648ms] [TIMESTAMP] ​Loading @ webpack-internal:///(app-pages-browser)/./node_modules/next/dist/compiled/react-server-dom-webpack/cjs/react-server-dom-webpack-client.browser.development.js:3943
[  294648ms] [TIMESTAMP] ​HTTPAccessErrorFallback @ webpack-internal:///(app-pages-browser)/./node_modules/next/dist/compiled/react-server-dom-webpack/cjs/react-server-dom-webpack-client.browser.development.js:3943
[  294648ms] [TIMESTAMP] ​NotFound @ webpack-internal:///(app-pages-browser)/./node_modules/next/dist/compiled/react-server-dom-webpack/cjs/react-server-dom-webpack-client.browser.development.js:3943
[  294648ms] [TIMESTAMP] ​RootLayout @ webpack-internal:///(app-pages-browser)/./node_modules/next/dist/compiled/react-server-dom-webpack/cjs/react-server-dom-webpack-client.browser.development.js:3943
[  294648ms] [TIMESTAMP] ​HTTPAccessErrorFallback @ webpack-internal:///(app-pages-browser)/./node_modules/next/dist/compiled/react-server-dom-webpack/cjs/react-server-dom-webpack-client.browser.development.js:3943
[  294648ms] [TIMESTAMP] ​NotFound @ webpack-internal:///(app-pages-browser)/./node_modules/next/dist/compiled/react-server-dom-webpack/cjs/react-server-dom-webpack-client.browser.development.js:3943
[  294648ms] [TIMESTAMP] ​Next.MetadataOutlet @ webpack-internal:///(app-pages-browser)/./node_modules/next/dist/compiled/react-server-dom-webpack/cjs/react-server-dom-webpack-client.browser.development.js:3943
[  294648ms] [TIMESTAMP] ​NonIndex @ webpack-internal:///(app-pages-browser)/./node_modules/next/dist/compiled/react-server-dom-webpack/cjs/react-server-dom-webpack-client.browser.development.js:3943
[  294652ms] [TIMESTAMP] ​Next.Viewport @ webpack-internal:///(app-pages-browser)/./node_modules/next/dist/compiled/react-server-dom-webpack/cjs/react-server-dom-webpack-client.browser.development.js:3943
[  295115ms] [TIMESTAMP] ​ViewportWrapper @ webpack-internal:///(app-pages-browser)/./node_modules/next/dist/compiled/react-server-dom-webpack/cjs/react-server-dom-webpack-client.browser.development.js:3943
[  295120ms] [TIMESTAMP] ​Next.Metadata @ webpack-internal:///(app-pages-browser)/./node_modules/next/dist/compiled/react-server-dom-webpack/cjs/react-server-dom-webpack-client.browser.development.js:3943
[  295138ms] [TIMESTAMP] ​MetadataWrapper @ webpack-internal:///(app-pages-browser)/./node_modules/next/dist/compiled/react-server-dom-webpack/cjs/react-server-dom-webpack-client.browser.development.js:3943
[  295553ms] [TIMESTAMP] Blocking Track @ webpack-internal:///(app-pages-browser)/./node_modules/next/dist/compiled/react-dom/cjs/react-dom-client.development.js:18271
[  295565ms] [TIMESTAMP] Transition Track @ webpack-internal:///(app-pages-browser)/./node_modules/next/dist/compiled/react-dom/cjs/react-dom-client.development.js:18279
[  295569ms] [TIMESTAMP] Suspense Track @ webpack-internal:///(app-pages-browser)/./node_modules/next/dist/compiled/react-dom/cjs/react-dom-client.development.js:18287
[  295586ms] [TIMESTAMP] Idle Track @ webpack-internal:///(app-pages-browser)/./node_modules/next/dist/compiled/react-dom/cjs/react-dom-client.development.js:18295
[  296349ms] [TIMESTAMP] Blocked @ webpack-internal:///(app-pages-browser)/./node_modules/next/dist/compiled/react-dom/cjs/react-dom-client.development.js:17801
[  296538ms] [TIMESTAMP] Blocked @ webpack-internal:///(app-pages-browser)/./node_modules/next/dist/compiled/react-dom/cjs/react-dom-client.development.js:17801
[  296568ms] [TIMESTAMP] Blocked @ webpack-internal:///(app-pages-browser)/./node_modules/next/dist/compiled/react-dom/cjs/react-dom-client.development.js:17801
[  296646ms] [TIMESTAMP] Blocked @ webpack-internal:///(app-pages-browser)/./node_modules/next/dist/compiled/react-dom/cjs/react-dom-client.development.js:17801
[  296647ms] [TIMESTAMP] Errored @ webpack-internal:///(app-pages-browser)/./node_modules/next/dist/compiled/react-dom/cjs/react-dom-client.development.js:4630
[  296647ms] [TIMESTAMP] Blocking Track @ webpack-internal:///(app-pages-browser)/./node_modules/next/dist/compiled/react-dom/cjs/react-dom-client.development.js:18271
[  296647ms] [TIMESTAMP] Transition Track @ webpack-internal:///(app-pages-browser)/./node_modules/next/dist/compiled/react-dom/cjs/react-dom-client.development.js:18279
[  296647ms] [TIMESTAMP] Suspense Track @ webpack-internal:///(app-pages-browser)/./node_modules/next/dist/compiled/react-dom/cjs/react-dom-client.development.js:18287
[  296648ms] [TIMESTAMP] Idle Track @ webpack-internal:///(app-pages-browser)/./node_modules/next/dist/compiled/react-dom/cjs/react-dom-client.development.js:18295
[  296679ms] [ERROR] Encountered a script tag while rendering React component. Scripts inside React components are never executed when rendering on the client. Consider using template tag instead (https://developer.mozilla.org/en-US/docs/Web/HTML/Element/template). @ webpack-internal:///(app-pages-browser)/./node_modules/next/dist/next-devtools/userspace/app/errors/intercept-console-error.js:57
[  296708ms] [TIMESTAMP] Errored @ webpack-internal:///(app-pages-browser)/./node_modules/next/dist/compiled/react-dom/cjs/react-dom-client.development.js:4630
[  297023ms] [TIMESTAMP] SegmentTrieNode @ webpack-internal:///(app-pages-browser)/./node_modules/next/dist/compiled/react-dom/cjs/react-dom-client.development.js:4554
[  297058ms] [TIMESTAMP] Commit @ webpack-internal:///(app-pages-browser)/./node_modules/next/dist/compiled/react-dom/cjs/react-dom-client.development.js:4724
[  297091ms] Error: Element type is invalid. Received a promise that resolves to: undefined. Lazy element type must resolve to a class or function.
    at beginWork (webpack-internal:///(app-pages-browser)/./node_modules/next/dist/compiled/react-dom/cjs/react-dom-client.development.js:12104:19)
    at runWithFiberInDEV (webpack-internal:///(app-pages-browser)/./node_modules/next/dist/compiled/react-dom/cjs/react-dom-client.development.js:990:13)
    at performUnitOfWork (webpack-internal:///(app-pages-browser)/./node_modules/next/dist/compiled/react-dom/cjs/react-dom-client.development.js:18989:22)
    at workLoopSync (webpack-internal:///(app-pages-browser)/./node_modules/next/dist/compiled/react-dom/cjs/react-dom-client.development.js:18817:58)
    at renderRootSync (webpack-internal:///(app-pages-browser)/./node_modules/next/dist/compiled/react-dom/cjs/react-dom-client.development.js:18798:11)
    at performWorkOnRoot (webpack-internal:///(app-pages-browser)/./node_modules/next/dist/compiled/react-dom/cjs/react-dom-client.development.js:17903:35)
    at performWorkOnRootViaSchedulerTask (webpack-internal:///(app-pages-browser)/./node_modules/next/dist/compiled/react-dom/cjs/react-dom-client.development.js:20472:24)
    at performWorkUntilDeadline (webpack-internal:///(app-pages-browser)/./node_modules/next/dist/compiled/scheduler/cjs/scheduler.development.js:45:56)
    at EventHandlerNonNull* (webpack-internal:///(app-pages-browser)/./node_modules/next/dist/compiled/scheduler/cjs/scheduler.development.js:223:7)
    at  (webpack-internal:///(app-pages-browser)/./node_modules/next/dist/compiled/scheduler/cjs/scheduler.development.js:364:5)
    at (app-pages-browser)/./node_modules/next/dist/compiled/scheduler/cjs/scheduler.development.js (http://localhost:3000/_next/static/chunks/main-app.js?v=1785511566305:1324:1)
    at options.factory (http://localhost:3000/_next/static/chunks/webpack.js?v=1785511566305:708:31)
    at __webpack_require__ (http://localhost:3000/_next/static/chunks/webpack.js?v=1785511566305:29:33)
    at fn (http://localhost:3000/_next/static/chunks/webpack.js?v=1785511566305:361:21)
    at  (webpack-internal:///(app-pages-browser)/./node_modules/next/dist/compiled/scheduler/index.js:4:20)
    at (app-pages-browser)/./node_modules/next/dist/compiled/scheduler/index.js (http://localhost:3000/_next/static/chunks/main-app.js?v=1785511566305:1335:1)
    at options.factory (http://localhost:3000/_next/static/chunks/webpack.js?v=1785511566305:708:31)
    at __webpack_require__ (http://localhost:3000/_next/static/chunks/webpack.js?v=1785511566305:29:33)
    at fn (http://localhost:3000/_next/static/chunks/webpack.js?v=1785511566305:361:21)
    at  (webpack-internal:///(app-pages-browser)/./node_modules/next/dist/compiled/react-dom/cjs/react-dom-client.development.js:26424:40)
    at  (webpack-internal:///(app-pages-browser)/./node_modules/next/dist/compiled/react-dom/cjs/react-dom-client.development.js:30808:5)
    at (app-pages-browser)/./node_modules/next/dist/compiled/react-dom/cjs/react-dom-client.development.js (http://localhost:3000/_next/static/chunks/main-app.js?v=1785511566305:1182:1)
    at options.factory (http://localhost:3000/_next/static/chunks/webpack.js?v=1785511566305:708:31)
    at __webpack_require__ (http://localhost:3000/_next/static/chunks/webpack.js?v=1785511566305:29:33)
    at fn (http://localhost:3000/_next/static/chunks/webpack.js?v=1785511566305:361:21)
    at  (webpack-internal:///(app-pages-browser)/./node_modules/next/dist/compiled/react-dom/client.js:32:20)
    at (app-pages-browser)/./node_modules/next/dist/compiled/react-dom/client.js (http://localhost:3000/_next/static/chunks/main-app.js?v=1785511566305:1204:1)
    at options.factory (http://localhost:3000/_next/static/chunks/webpack.js?v=1785511566305:708:31)
    at __webpack_require__ (http://localhost:3000/_next/static/chunks/webpack.js?v=1785511566305:29:33)
    at fn (http://localhost:3000/_next/static/chunks/webpack.js?v=1785511566305:361:21)
    at  (webpack-internal:///(app-pages-browser)/./node_modules/next/dist/client/app-index.js:14:58)
    at (app-pages-browser)/./node_modules/next/dist/client/app-index.js (http://localhost:3000/_next/static/chunks/main-app.js?v=1785511566305:116:1)
    at options.factory (http://localhost:3000/_next/static/chunks/webpack.js?v=1785511566305:708:31)
    at __webpack_require__ (http://localhost:3000/_next/static/chunks/webpack.js?v=1785511566305:29:33)
    at fn (http://localhost:3000/_next/static/chunks/webpack.js?v=1785511566305:361:21)
    at  (webpack-internal:///(app-pages-browser)/./node_modules/next/dist/client/app-next-dev.js:15:44)
    at appBootstrap/< (webpack-internal:///(app-pages-browser)/./node_modules/next/dist/client/app-bootstrap.js:60:16)
    at loadScriptsInSequence (webpack-internal:///(app-pages-browser)/./node_modules/next/dist/client/app-bootstrap.js:25:16)
    at appBootstrap (webpack-internal:///(app-pages-browser)/./node_modules/next/dist/client/app-bootstrap.js:54:26)
    at  (webpack-internal:///(app-pages-browser)/./node_modules/next/dist/client/app-next-dev.js:13:32)
    at (app-pages-browser)/./node_modules/next/dist/client/app-next-dev.js (http://localhost:3000/_next/static/chunks/main-app.js?v=1785511566305:138:1)
    at options.factory (http://localhost:3000/_next/static/chunks/webpack.js?v=1785511566305:708:31)
    at __webpack_require__ (http://localhost:3000/_next/static/chunks/webpack.js?v=1785511566305:29:33)
    at __webpack_exec__ (http://localhost:3000/_next/static/chunks/main-app.js?v=1785511566305:1956:67)
    at  (http://localhost:3000/_next/static/chunks/main-app.js?v=1785511566305:1957:154)
    at webpackJsonpCallback (http://localhost:3000/_next/static/chunks/webpack.js?v=1785511566305:1395:46)
    at  (http://localhost:3000/_next/static/chunks/main-app.js?v=1785511566305:9:61)
[  297157ms] [TIMESTAMP] Waiting for Paint @ webpack-internal:///(app-pages-browser)/./node_modules/next/dist/compiled/react-dom/cjs/react-dom-client.development.js:19929
[  297202ms] [TIMESTAMP] Root @ webpack-internal:///(app-pages-browser)/./node_modules/next/dist/compiled/react-dom/cjs/react-dom-client.development.js:4426
[  297204ms] [TIMESTAMP] ServerRoot @ webpack-internal:///(app-pages-browser)/./node_modules/next/dist/compiled/react-dom/cjs/react-dom-client.development.js:4426
[  297207ms] [TIMESTAMP] AppRouter @ webpack-internal:///(app-pages-browser)/./node_modules/next/dist/compiled/react-dom/cjs/react-dom-client.development.js:4426
[  297207ms] [TIMESTAMP] RootErrorBoundary @ webpack-internal:///(app-pages-browser)/./node_modules/next/dist/compiled/react-dom/cjs/react-dom-client.development.js:4426
[  297207ms] [TIMESTAMP] ErrorBoundary @ webpack-internal:///(app-pages-browser)/./node_modules/next/dist/compiled/react-dom/cjs/react-dom-client.development.js:4426
[  297208ms] [TIMESTAMP] ErrorBoundaryHandler @ webpack-internal:///(app-pages-browser)/./node_modules/next/dist/compiled/react-dom/cjs/react-dom-client.development.js:4426
[  297208ms] [TIMESTAMP] Router @ webpack-internal:///(app-pages-browser)/./node_modules/next/dist/compiled/react-dom/cjs/react-dom-client.development.js:4426
[  297212ms] [TIMESTAMP] HistoryUpdater @ webpack-internal:///(app-pages-browser)/./node_modules/next/dist/compiled/react-dom/cjs/react-dom-client.development.js:4426
[  297215ms] [TIMESTAMP] HistoryUpdater @ webpack-internal:///(app-pages-browser)/./node_modules/next/dist/compiled/react-dom/cjs/react-dom-client.development.js:4554
[  297217ms] [TIMESTAMP] RuntimeStylesForWebpack @ webpack-internal:///(app-pages-browser)/./node_modules/next/dist/compiled/react-dom/cjs/react-dom-client.development.js:4426
[  297220ms] [TIMESTAMP] HotReload @ webpack-internal:///(app-pages-browser)/./node_modules/next/dist/compiled/react-dom/cjs/react-dom-client.development.js:4426
[  297237ms] [TIMESTAMP] ErroredHtml @ webpack-internal:///(app-pages-browser)/./node_modules/next/dist/compiled/react-dom/cjs/react-dom-client.development.js:4426
[  297274ms] [TIMESTAMP] ErrorBoundary @ webpack-internal:///(app-pages-browser)/./node_modules/next/dist/compiled/react-dom/cjs/react-dom-client.development.js:4426
[  297276ms] [TIMESTAMP] ErrorBoundaryHandler @ webpack-internal:///(app-pages-browser)/./node_modules/next/dist/compiled/react-dom/cjs/react-dom-client.development.js:4426
[  297277ms] [TIMESTAMP] SegmentViewNode @ webpack-internal:///(app-pages-browser)/./node_modules/next/dist/compiled/react-dom/cjs/react-dom-client.development.js:4426
[  297280ms] [TIMESTAMP] SegmentTrieNode @ webpack-internal:///(app-pages-browser)/./node_modules/next/dist/compiled/react-dom/cjs/react-dom-client.development.js:4426
[  297280ms] [TIMESTAMP] DefaultGlobalError @ webpack-internal:///(app-pages-browser)/./node_modules/next/dist/compiled/react-dom/cjs/react-dom-client.development.js:4426
[  297283ms] [TIMESTAMP] WarningIcon @ webpack-internal:///(app-pages-browser)/./node_modules/next/dist/compiled/react-dom/cjs/react-dom-client.development.js:4426
[  297288ms] [TIMESTAMP] HotReload @ webpack-internal:///(app-pages-browser)/./node_modules/next/dist/compiled/react-dom/cjs/react-dom-client.development.js:4554
[  297292ms] [TIMESTAMP] Router @ webpack-internal:///(app-pages-browser)/./node_modules/next/dist/compiled/react-dom/cjs/react-dom-client.development.js:4554
[  297296ms] [TIMESTAMP] HotReload @ webpack-internal:///(app-pages-browser)/./node_modules/next/dist/compiled/react-dom/cjs/react-dom-client.development.js:4554
[  297299ms] [TIMESTAMP] Remaining Effects @ webpack-internal:///(app-pages-browser)/./node_modules/next/dist/compiled/react-dom/cjs/react-dom-client.development.js:19980
[  297350ms] [TIMESTAMP] Blocking Track @ webpack-internal:///(app-pages-browser)/./node_modules/next/dist/compiled/react-dom/cjs/react-dom-client.development.js:18271
[  297351ms] [TIMESTAMP] Transition Track @ webpack-internal:///(app-pages-browser)/./node_modules/next/dist/compiled/react-dom/cjs/react-dom-client.development.js:18279
[  297351ms] [TIMESTAMP] Suspense Track @ webpack-internal:///(app-pages-browser)/./node_modules/next/dist/compiled/react-dom/cjs/react-dom-client.development.js:18287
[  297355ms] [TIMESTAMP] Idle Track @ webpack-internal:///(app-pages-browser)/./node_modules/next/dist/compiled/react-dom/cjs/react-dom-client.development.js:18295
[  297357ms] [TIMESTAMP] Render @ webpack-internal:///(app-pages-browser)/./node_modules/next/dist/compiled/react-dom/cjs/react-dom-client.development.js:19292
[  297359ms] [TIMESTAMP] Commit @ webpack-internal:///(app-pages-browser)/./node_modules/next/dist/compiled/react-dom/cjs/react-dom-client.development.js:4724
[  303448ms] [INFO] Download the React DevTools for a better development experience: https://react.dev/link/react-devtools @ webpack-internal:///(app-pages-browser)/./node_modules/next/dist/next-devtools/shared/forward-logs-shared.js:27
[  303554ms] [TIMESTAMP] Server Requests Track @ webpack-internal:///(app-pages-browser)/./node_modules/next/dist/compiled/react-server-dom-webpack/cjs/react-server-dom-webpack-client.browser.development.js:1241
[  303555ms] [TIMESTAMP] Server Components Track @ webpack-internal:///(app-pages-browser)/./node_modules/next/dist/compiled/react-server-dom-webpack/cjs/react-server-dom-webpack-client.browser.development.js:1249
[  303653ms] [LOG] [HMR] connected @ webpack-internal:///(app-pages-browser)/./node_modules/next/dist/next-devtools/shared/forward-logs-shared.js:27
[  303709ms] [TIMESTAMP] Blocking Track @ webpack-internal:///(app-pages-browser)/./node_modules/next/dist/compiled/react-dom/cjs/react-dom-client.development.js:18271
[  303712ms] [TIMESTAMP] Transition Track @ webpack-internal:///(app-pages-browser)/./node_modules/next/dist/compiled/react-dom/cjs/react-dom-client.development.js:18279
[  303713ms] [TIMESTAMP] Suspense Track @ webpack-internal:///(app-pages-browser)/./node_modules/next/dist/compiled/react-dom/cjs/react-dom-client.development.js:18287
[  303714ms] [TIMESTAMP] Idle Track @ webpack-internal:///(app-pages-browser)/./node_modules/next/dist/compiled/react-dom/cjs/react-dom-client.development.js:18295
[  303718ms] [TIMESTAMP] Blocked @ webpack-internal:///(app-pages-browser)/./node_modules/next/dist/compiled/react-dom/cjs/react-dom-client.development.js:17801
[  303775ms] [TIMESTAMP] Server Requests Track @ webpack-internal:///(app-pages-browser)/./node_modules/next/dist/compiled/react-server-dom-webpack/cjs/react-server-dom-webpack-client.browser.development.js:1241
[  303776ms] [TIMESTAMP] Server Components Track @ webpack-internal:///(app-pages-browser)/./node_modules/next/dist/compiled/react-server-dom-webpack/cjs/react-server-dom-webpack-client.browser.development.js:1249
[  303779ms] [TIMESTAMP] ​Preloads @ webpack-internal:///(app-pages-browser)/./node_modules/next/dist/compiled/react-server-dom-webpack/cjs/react-server-dom-webpack-client.browser.development.js:3943
[  303785ms] [TIMESTAMP] ​Loading @ webpack-internal:///(app-pages-browser)/./node_modules/next/dist/compiled/react-server-dom-webpack/cjs/react-server-dom-webpack-client.browser.development.js:3943
[  303786ms] [TIMESTAMP] ​HTTPAccessErrorFallback @ webpack-internal:///(app-pages-browser)/./node_modules/next/dist/compiled/react-server-dom-webpack/cjs/react-server-dom-webpack-client.browser.development.js:3943
[  303787ms] [TIMESTAMP] ​NotFound @ webpack-internal:///(app-pages-browser)/./node_modules/next/dist/compiled/react-server-dom-webpack/cjs/react-server-dom-webpack-client.browser.development.js:3943
[  303789ms] [TIMESTAMP] ​RootLayout @ webpack-internal:///(app-pages-browser)/./node_modules/next/dist/compiled/react-server-dom-webpack/cjs/react-server-dom-webpack-client.browser.development.js:3943
[  303795ms] [TIMESTAMP] ​HTTPAccessErrorFallback @ webpack-internal:///(app-pages-browser)/./node_modules/next/dist/compiled/react-server-dom-webpack/cjs/react-server-dom-webpack-client.browser.development.js:3943
[  303799ms] [TIMESTAMP] ​NotFound @ webpack-internal:///(app-pages-browser)/./node_modules/next/dist/compiled/react-server-dom-webpack/cjs/react-server-dom-webpack-client.browser.development.js:3943
[  303804ms] [TIMESTAMP] ​Next.MetadataOutlet @ webpack-internal:///(app-pages-browser)/./node_modules/next/dist/compiled/react-server-dom-webpack/cjs/react-server-dom-webpack-client.browser.development.js:3943
[  303809ms] [TIMESTAMP] ​NonIndex @ webpack-internal:///(app-pages-browser)/./node_modules/next/dist/compiled/react-server-dom-webpack/cjs/react-server-dom-webpack-client.browser.development.js:3943
[  303812ms] [TIMESTAMP] ​Next.Viewport @ webpack-internal:///(app-pages-browser)/./node_modules/next/dist/compiled/react-server-dom-webpack/cjs/react-server-dom-webpack-client.browser.development.js:3943
[  303817ms] [TIMESTAMP] ​ViewportWrapper @ webpack-internal:///(app-pages-browser)/./node_modules/next/dist/compiled/react-server-dom-webpack/cjs/react-server-dom-webpack-client.browser.development.js:3943
[  303822ms] [TIMESTAMP] ​Next.Metadata @ webpack-internal:///(app-pages-browser)/./node_modules/next/dist/compiled/react-server-dom-webpack/cjs/react-server-dom-webpack-client.browser.development.js:3943
[  303826ms] [TIMESTAMP] ​MetadataWrapper @ webpack-internal:///(app-pages-browser)/./node_modules/next/dist/compiled/react-server-dom-webpack/cjs/react-server-dom-webpack-client.browser.development.js:3943
[  303830ms] [TIMESTAMP] Blocked @ webpack-internal:///(app-pages-browser)/./node_modules/next/dist/compiled/react-dom/cjs/react-dom-client.development.js:17801
[  303834ms] [TIMESTAMP] Errored @ webpack-internal:///(app-pages-browser)/./node_modules/next/dist/compiled/react-dom/cjs/react-dom-client.development.js:4630
[  303839ms] [TIMESTAMP] Blocking Track @ webpack-internal:///(app-pages-browser)/./node_modules/next/dist/compiled/react-dom/cjs/react-dom-client.development.js:18271
[  303845ms] [TIMESTAMP] Transition Track @ webpack-internal:///(app-pages-browser)/./node_modules/next/dist/compiled/react-dom/cjs/react-dom-client.development.js:18279
[  303849ms] [TIMESTAMP] Suspense Track @ webpack-internal:///(app-pages-browser)/./node_modules/next/dist/compiled/react-dom/cjs/react-dom-client.development.js:18287
[  303851ms] [TIMESTAMP] Idle Track @ webpack-internal:///(app-pages-browser)/./node_modules/next/dist/compiled/react-dom/cjs/react-dom-client.development.js:18295
[  303897ms] [ERROR] Encountered a script tag while rendering React component. Scripts inside React components are never executed when rendering on the client. Consider using template tag instead (https://developer.mozilla.org/en-US/docs/Web/HTML/Element/template). @ webpack-internal:///(app-pages-browser)/./node_modules/next/dist/next-devtools/userspace/app/errors/intercept-console-error.js:57
[  303913ms] [TIMESTAMP] Errored @ webpack-internal:///(app-pages-browser)/./node_modules/next/dist/compiled/react-dom/cjs/react-dom-client.development.js:4630
[  303980ms] [TIMESTAMP] Commit @ webpack-internal:///(app-pages-browser)/./node_modules/next/dist/compiled/react-dom/cjs/react-dom-client.development.js:4724
[  304068ms] Error: Element type is invalid. Received a promise that resolves to: undefined. Lazy element type must resolve to a class or function.
    at beginWork (webpack-internal:///(app-pages-browser)/./node_modules/next/dist/compiled/react-dom/cjs/react-dom-client.development.js:12104:19)
    at runWithFiberInDEV (webpack-internal:///(app-pages-browser)/./node_modules/next/dist/compiled/react-dom/cjs/react-dom-client.development.js:990:13)
    at performUnitOfWork (webpack-internal:///(app-pages-browser)/./node_modules/next/dist/compiled/react-dom/cjs/react-dom-client.development.js:18989:22)
    at workLoopSync (webpack-internal:///(app-pages-browser)/./node_modules/next/dist/compiled/react-dom/cjs/react-dom-client.development.js:18817:58)
    at renderRootSync (webpack-internal:///(app-pages-browser)/./node_modules/next/dist/compiled/react-dom/cjs/react-dom-client.development.js:18798:11)
    at performWorkOnRoot (webpack-internal:///(app-pages-browser)/./node_modules/next/dist/compiled/react-dom/cjs/react-dom-client.development.js:17903:35)
    at performWorkOnRootViaSchedulerTask (webpack-internal:///(app-pages-browser)/./node_modules/next/dist/compiled/react-dom/cjs/react-dom-client.development.js:20472:24)
    at performWorkUntilDeadline (webpack-internal:///(app-pages-browser)/./node_modules/next/dist/compiled/scheduler/cjs/scheduler.development.js:45:56)
    at EventHandlerNonNull* (webpack-internal:///(app-pages-browser)/./node_modules/next/dist/compiled/scheduler/cjs/scheduler.development.js:223:7)
    at  (webpack-internal:///(app-pages-browser)/./node_modules/next/dist/compiled/scheduler/cjs/scheduler.development.js:364:5)
    at (app-pages-browser)/./node_modules/next/dist/compiled/scheduler/cjs/scheduler.development.js (http://localhost:3000/_next/static/chunks/main-app.js?v=1785511581539:1324:1)
    at options.factory (http://localhost:3000/_next/static/chunks/webpack.js?v=1785511581539:708:31)
    at __webpack_require__ (http://localhost:3000/_next/static/chunks/webpack.js?v=1785511581539:29:33)
    at fn (http://localhost:3000/_next/static/chunks/webpack.js?v=1785511581539:361:21)
    at  (webpack-internal:///(app-pages-browser)/./node_modules/next/dist/compiled/scheduler/index.js:4:20)
    at (app-pages-browser)/./node_modules/next/dist/compiled/scheduler/index.js (http://localhost:3000/_next/static/chunks/main-app.js?v=1785511581539:1335:1)
    at options.factory (http://localhost:3000/_next/static/chunks/webpack.js?v=1785511581539:708:31)
    at __webpack_require__ (http://localhost:3000/_next/static/chunks/webpack.js?v=1785511581539:29:33)
    at fn (http://localhost:3000/_next/static/chunks/webpack.js?v=1785511581539:361:21)
    at  (webpack-internal:///(app-pages-browser)/./node_modules/next/dist/compiled/react-dom/cjs/react-dom-client.development.js:26424:40)
    at  (webpack-internal:///(app-pages-browser)/./node_modules/next/dist/compiled/react-dom/cjs/react-dom-client.development.js:30808:5)
    at (app-pages-browser)/./node_modules/next/dist/compiled/react-dom/cjs/react-dom-client.development.js (http://localhost:3000/_next/static/chunks/main-app.js?v=1785511581539:1182:1)
    at options.factory (http://localhost:3000/_next/static/chunks/webpack.js?v=1785511581539:708:31)
    at __webpack_require__ (http://localhost:3000/_next/static/chunks/webpack.js?v=1785511581539:29:33)
    at fn (http://localhost:3000/_next/static/chunks/webpack.js?v=1785511581539:361:21)
    at  (webpack-internal:///(app-pages-browser)/./node_modules/next/dist/compiled/react-dom/client.js:32:20)
    at (app-pages-browser)/./node_modules/next/dist/compiled/react-dom/client.js (http://localhost:3000/_next/static/chunks/main-app.js?v=1785511581539:1204:1)
    at options.factory (http://localhost:3000/_next/static/chunks/webpack.js?v=1785511581539:708:31)
    at __webpack_require__ (http://localhost:3000/_next/static/chunks/webpack.js?v=1785511581539:29:33)
    at fn (http://localhost:3000/_next/static/chunks/webpack.js?v=1785511581539:361:21)
    at  (webpack-internal:///(app-pages-browser)/./node_modules/next/dist/client/app-index.js:14:58)
    at (app-pages-browser)/./node_modules/next/dist/client/app-index.js (http://localhost:3000/_next/static/chunks/main-app.js?v=1785511581539:116:1)
    at options.factory (http://localhost:3000/_next/static/chunks/webpack.js?v=1785511581539:708:31)
    at __webpack_require__ (http://localhost:3000/_next/static/chunks/webpack.js?v=1785511581539:29:33)
    at fn (http://localhost:3000/_next/static/chunks/webpack.js?v=1785511581539:361:21)
    at  (webpack-internal:///(app-pages-browser)/./node_modules/next/dist/client/app-next-dev.js:15:44)
    at appBootstrap/< (webpack-internal:///(app-pages-browser)/./node_modules/next/dist/client/app-bootstrap.js:60:16)
    at loadScriptsInSequence (webpack-internal:///(app-pages-browser)/./node_modules/next/dist/client/app-bootstrap.js:25:16)
    at appBootstrap (webpack-internal:///(app-pages-browser)/./node_modules/next/dist/client/app-bootstrap.js:54:26)
    at  (webpack-internal:///(app-pages-browser)/./node_modules/next/dist/client/app-next-dev.js:13:32)
    at (app-pages-browser)/./node_modules/next/dist/client/app-next-dev.js (http://localhost:3000/_next/static/chunks/main-app.js?v=1785511581539:138:1)
    at options.factory (http://localhost:3000/_next/static/chunks/webpack.js?v=1785511581539:708:31)
    at __webpack_require__ (http://localhost:3000/_next/static/chunks/webpack.js?v=1785511581539:29:33)
    at __webpack_exec__ (http://localhost:3000/_next/static/chunks/main-app.js?v=1785511581539:1956:67)
    at  (http://localhost:3000/_next/static/chunks/main-app.js?v=1785511581539:1957:154)
    at webpackJsonpCallback (http://localhost:3000/_next/static/chunks/webpack.js?v=1785511581539:1395:46)
    at  (http://localhost:3000/_next/static/chunks/main-app.js?v=1785511581539:9:61)
[  304079ms] [TIMESTAMP] Waiting for Paint @ webpack-internal:///(app-pages-browser)/./node_modules/next/dist/compiled/react-dom/cjs/react-dom-client.development.js:19929
[  304083ms] [TIMESTAMP] Root @ webpack-internal:///(app-pages-browser)/./node_modules/next/dist/compiled/react-dom/cjs/react-dom-client.development.js:4426
[  304088ms] [TIMESTAMP] ServerRoot @ webpack-internal:///(app-pages-browser)/./node_modules/next/dist/compiled/react-dom/cjs/react-dom-client.development.js:4426
[  304089ms] [TIMESTAMP] AppRouter @ webpack-internal:///(app-pages-browser)/./node_modules/next/dist/compiled/react-dom/cjs/react-dom-client.development.js:4426
[  304098ms] [TIMESTAMP] RootErrorBoundary @ webpack-internal:///(app-pages-browser)/./node_modules/next/dist/compiled/react-dom/cjs/react-dom-client.development.js:4426
[  304104ms] [TIMESTAMP] ErrorBoundary @ webpack-internal:///(app-pages-browser)/./node_modules/next/dist/compiled/react-dom/cjs/react-dom-client.development.js:4426
[  304107ms] [TIMESTAMP] ErrorBoundaryHandler @ webpack-internal:///(app-pages-browser)/./node_modules/next/dist/compiled/react-dom/cjs/react-dom-client.development.js:4426
[  304108ms] [TIMESTAMP] Router @ webpack-internal:///(app-pages-browser)/./node_modules/next/dist/compiled/react-dom/cjs/react-dom-client.development.js:4426
[  304111ms] [TIMESTAMP] HistoryUpdater @ webpack-internal:///(app-pages-browser)/./node_modules/next/dist/compiled/react-dom/cjs/react-dom-client.development.js:4426
[  304118ms] [TIMESTAMP] HistoryUpdater @ webpack-internal:///(app-pages-browser)/./node_modules/next/dist/compiled/react-dom/cjs/react-dom-client.development.js:4554
[  304136ms] [TIMESTAMP] RuntimeStylesForWebpack @ webpack-internal:///(app-pages-browser)/./node_modules/next/dist/compiled/react-dom/cjs/react-dom-client.development.js:4426
[  304137ms] [TIMESTAMP] HotReload @ webpack-internal:///(app-pages-browser)/./node_modules/next/dist/compiled/react-dom/cjs/react-dom-client.development.js:4426
[  304143ms] [TIMESTAMP] ErroredHtml @ webpack-internal:///(app-pages-browser)/./node_modules/next/dist/compiled/react-dom/cjs/react-dom-client.development.js:4426
[  304144ms] [TIMESTAMP] ErrorBoundary @ webpack-internal:///(app-pages-browser)/./node_modules/next/dist/compiled/react-dom/cjs/react-dom-client.development.js:4426
[  304147ms] [TIMESTAMP] ErrorBoundaryHandler @ webpack-internal:///(app-pages-browser)/./node_modules/next/dist/compiled/react-dom/cjs/react-dom-client.development.js:4426
[  304152ms] [TIMESTAMP] SegmentViewNode @ webpack-internal:///(app-pages-browser)/./node_modules/next/dist/compiled/react-dom/cjs/react-dom-client.development.js:4426
[  304156ms] [TIMESTAMP] DefaultGlobalError @ webpack-internal:///(app-pages-browser)/./node_modules/next/dist/compiled/react-dom/cjs/react-dom-client.development.js:4426
[  304160ms] [TIMESTAMP] WarningIcon @ webpack-internal:///(app-pages-browser)/./node_modules/next/dist/compiled/react-dom/cjs/react-dom-client.development.js:4426
[  304164ms] [TIMESTAMP] HotReload @ webpack-internal:///(app-pages-browser)/./node_modules/next/dist/compiled/react-dom/cjs/react-dom-client.development.js:4554
[  304170ms] [TIMESTAMP] Router @ webpack-internal:///(app-pages-browser)/./node_modules/next/dist/compiled/react-dom/cjs/react-dom-client.development.js:4554
[  304181ms] [TIMESTAMP] HotReload @ webpack-internal:///(app-pages-browser)/./node_modules/next/dist/compiled/react-dom/cjs/react-dom-client.development.js:4554
[  304186ms] [TIMESTAMP] Remaining Effects @ webpack-internal:///(app-pages-browser)/./node_modules/next/dist/compiled/react-dom/cjs/react-dom-client.development.js:19980
[  304235ms] [TIMESTAMP] Blocking Track @ webpack-internal:///(app-pages-browser)/./node_modules/next/dist/compiled/react-dom/cjs/react-dom-client.development.js:18271
[  304235ms] [TIMESTAMP] Transition Track @ webpack-internal:///(app-pages-browser)/./node_modules/next/dist/compiled/react-dom/cjs/react-dom-client.development.js:18279
[  304239ms] [TIMESTAMP] Suspense Track @ webpack-internal:///(app-pages-browser)/./node_modules/next/dist/compiled/react-dom/cjs/react-dom-client.development.js:18287
[  304312ms] [TIMESTAMP] Idle Track @ webpack-internal:///(app-pages-browser)/./node_modules/next/dist/compiled/react-dom/cjs/react-dom-client.development.js:18295
[  304326ms] [TIMESTAMP] Blocked @ webpack-internal:///(app-pages-browser)/./node_modules/next/dist/compiled/react-dom/cjs/react-dom-client.development.js:17801
[  304327ms] [TIMESTAMP] Render @ webpack-internal:///(app-pages-browser)/./node_modules/next/dist/compiled/react-dom/cjs/react-dom-client.development.js:19292
[  304327ms] [TIMESTAMP] Commit @ webpack-internal:///(app-pages-browser)/./node_modules/next/dist/compiled/react-dom/cjs/react-dom-client.development.js:4724
[  313362ms] [INFO] Download the React DevTools for a better development experience: https://react.dev/link/react-devtools @ webpack-internal:///(app-pages-browser)/./node_modules/next/dist/next-devtools/shared/forward-logs-shared.js:27
[  313464ms] [TIMESTAMP] Server Requests Track @ webpack-internal:///(app-pages-browser)/./node_modules/next/dist/compiled/react-server-dom-webpack/cjs/react-server-dom-webpack-client.browser.development.js:1241
[  313464ms] [TIMESTAMP] Server Components Track @ webpack-internal:///(app-pages-browser)/./node_modules/next/dist/compiled/react-server-dom-webpack/cjs/react-server-dom-webpack-client.browser.development.js:1249
[  313629ms] [LOG] [HMR] connected @ webpack-internal:///(app-pages-browser)/./node_modules/next/dist/next-devtools/shared/forward-logs-shared.js:27
[  313629ms] [TIMESTAMP] Blocking Track @ webpack-internal:///(app-pages-browser)/./node_modules/next/dist/compiled/react-dom/cjs/react-dom-client.development.js:18271
[  313629ms] [TIMESTAMP] Transition Track @ webpack-internal:///(app-pages-browser)/./node_modules/next/dist/compiled/react-dom/cjs/react-dom-client.development.js:18279
[  313629ms] [TIMESTAMP] Suspense Track @ webpack-internal:///(app-pages-browser)/./node_modules/next/dist/compiled/react-dom/cjs/react-dom-client.development.js:18287
[  313629ms] [TIMESTAMP] Idle Track @ webpack-internal:///(app-pages-browser)/./node_modules/next/dist/compiled/react-dom/cjs/react-dom-client.development.js:18295
[  313629ms] [TIMESTAMP] Blocked @ webpack-internal:///(app-pages-browser)/./node_modules/next/dist/compiled/react-dom/cjs/react-dom-client.development.js:17801
[  313629ms] [TIMESTAMP] Blocked @ webpack-internal:///(app-pages-browser)/./node_modules/next/dist/compiled/react-dom/cjs/react-dom-client.development.js:17801
[  313777ms] [TIMESTAMP] Server Requests Track @ webpack-internal:///(app-pages-browser)/./node_modules/next/dist/compiled/react-server-dom-webpack/cjs/react-server-dom-webpack-client.browser.development.js:1241
[  313777ms] [TIMESTAMP] Server Components Track @ webpack-internal:///(app-pages-browser)/./node_modules/next/dist/compiled/react-server-dom-webpack/cjs/react-server-dom-webpack-client.browser.development.js:1249
[  313777ms] [TIMESTAMP] ​Preloads @ webpack-internal:///(app-pages-browser)/./node_modules/next/dist/compiled/react-server-dom-webpack/cjs/react-server-dom-webpack-client.browser.development.js:3943
[  313777ms] [TIMESTAMP] ​Loading @ webpack-internal:///(app-pages-browser)/./node_modules/next/dist/compiled/react-server-dom-webpack/cjs/react-server-dom-webpack-client.browser.development.js:3943
[  313777ms] [TIMESTAMP] ​HTTPAccessErrorFallback @ webpack-internal:///(app-pages-browser)/./node_modules/next/dist/compiled/react-server-dom-webpack/cjs/react-server-dom-webpack-client.browser.development.js:3943
[  313778ms] [TIMESTAMP] ​NotFound @ webpack-internal:///(app-pages-browser)/./node_modules/next/dist/compiled/react-server-dom-webpack/cjs/react-server-dom-webpack-client.browser.development.js:3943
[  313778ms] [TIMESTAMP] ​RootLayout @ webpack-internal:///(app-pages-browser)/./node_modules/next/dist/compiled/react-server-dom-webpack/cjs/react-server-dom-webpack-client.browser.development.js:3943
[  313778ms] [TIMESTAMP] ​HTTPAccessErrorFallback @ webpack-internal:///(app-pages-browser)/./node_modules/next/dist/compiled/react-server-dom-webpack/cjs/react-server-dom-webpack-client.browser.development.js:3943
[  313778ms] [TIMESTAMP] ​NotFound @ webpack-internal:///(app-pages-browser)/./node_modules/next/dist/compiled/react-server-dom-webpack/cjs/react-server-dom-webpack-client.browser.development.js:3943
[  313778ms] [TIMESTAMP] ​Next.MetadataOutlet @ webpack-internal:///(app-pages-browser)/./node_modules/next/dist/compiled/react-server-dom-webpack/cjs/react-server-dom-webpack-client.browser.development.js:3943
[  313778ms] [TIMESTAMP] ​NonIndex @ webpack-internal:///(app-pages-browser)/./node_modules/next/dist/compiled/react-server-dom-webpack/cjs/react-server-dom-webpack-client.browser.development.js:3943
[  313778ms] [TIMESTAMP] ​Next.Viewport @ webpack-internal:///(app-pages-browser)/./node_modules/next/dist/compiled/react-server-dom-webpack/cjs/react-server-dom-webpack-client.browser.development.js:3943
[  313778ms] [TIMESTAMP] ​ViewportWrapper @ webpack-internal:///(app-pages-browser)/./node_modules/next/dist/compiled/react-server-dom-webpack/cjs/react-server-dom-webpack-client.browser.development.js:3943
[  313778ms] [TIMESTAMP] ​Next.Metadata @ webpack-internal:///(app-pages-browser)/./node_modules/next/dist/compiled/react-server-dom-webpack/cjs/react-server-dom-webpack-client.browser.development.js:3943
[  313778ms] [TIMESTAMP] ​MetadataWrapper @ webpack-internal:///(app-pages-browser)/./node_modules/next/dist/compiled/react-server-dom-webpack/cjs/react-server-dom-webpack-client.browser.development.js:3943
[  313778ms] [TIMESTAMP] Blocked @ webpack-internal:///(app-pages-browser)/./node_modules/next/dist/compiled/react-dom/cjs/react-dom-client.development.js:17801
[  313778ms] [TIMESTAMP] Errored @ webpack-internal:///(app-pages-browser)/./node_modules/next/dist/compiled/react-dom/cjs/react-dom-client.development.js:4630
[  313778ms] [TIMESTAMP] Blocking Track @ webpack-internal:///(app-pages-browser)/./node_modules/next/dist/compiled/react-dom/cjs/react-dom-client.development.js:18271
[  313778ms] [TIMESTAMP] Transition Track @ webpack-internal:///(app-pages-browser)/./node_modules/next/dist/compiled/react-dom/cjs/react-dom-client.development.js:18279
[  313778ms] [TIMESTAMP] Suspense Track @ webpack-internal:///(app-pages-browser)/./node_modules/next/dist/compiled/react-dom/cjs/react-dom-client.development.js:18287
[  313778ms] [TIMESTAMP] Idle Track @ webpack-internal:///(app-pages-browser)/./node_modules/next/dist/compiled/react-dom/cjs/react-dom-client.development.js:18295
[  313778ms] [ERROR] Encountered a script tag while rendering React component. Scripts inside React components are never executed when rendering on the client. Consider using template tag instead (https://developer.mozilla.org/en-US/docs/Web/HTML/Element/template). @ webpack-internal:///(app-pages-browser)/./node_modules/next/dist/next-devtools/userspace/app/errors/intercept-console-error.js:57
[  313778ms] [TIMESTAMP] Errored @ webpack-internal:///(app-pages-browser)/./node_modules/next/dist/compiled/react-dom/cjs/react-dom-client.development.js:4630
[  313778ms] [TIMESTAMP] Commit @ webpack-internal:///(app-pages-browser)/./node_modules/next/dist/compiled/react-dom/cjs/react-dom-client.development.js:4724
[  313780ms] Error: Element type is invalid. Received a promise that resolves to: undefined. Lazy element type must resolve to a class or function.
    at beginWork (webpack-internal:///(app-pages-browser)/./node_modules/next/dist/compiled/react-dom/cjs/react-dom-client.development.js:12104:19)
    at runWithFiberInDEV (webpack-internal:///(app-pages-browser)/./node_modules/next/dist/compiled/react-dom/cjs/react-dom-client.development.js:990:13)
    at performUnitOfWork (webpack-internal:///(app-pages-browser)/./node_modules/next/dist/compiled/react-dom/cjs/react-dom-client.development.js:18989:22)
    at workLoopSync (webpack-internal:///(app-pages-browser)/./node_modules/next/dist/compiled/react-dom/cjs/react-dom-client.development.js:18817:58)
    at renderRootSync (webpack-internal:///(app-pages-browser)/./node_modules/next/dist/compiled/react-dom/cjs/react-dom-client.development.js:18798:11)
    at performWorkOnRoot (webpack-internal:///(app-pages-browser)/./node_modules/next/dist/compiled/react-dom/cjs/react-dom-client.development.js:17903:35)
    at performWorkOnRootViaSchedulerTask (webpack-internal:///(app-pages-browser)/./node_modules/next/dist/compiled/react-dom/cjs/react-dom-client.development.js:20472:24)
    at performWorkUntilDeadline (webpack-internal:///(app-pages-browser)/./node_modules/next/dist/compiled/scheduler/cjs/scheduler.development.js:45:56)
    at EventHandlerNonNull* (webpack-internal:///(app-pages-browser)/./node_modules/next/dist/compiled/scheduler/cjs/scheduler.development.js:223:7)
    at  (webpack-internal:///(app-pages-browser)/./node_modules/next/dist/compiled/scheduler/cjs/scheduler.development.js:364:5)
    at (app-pages-browser)/./node_modules/next/dist/compiled/scheduler/cjs/scheduler.development.js (http://localhost:3000/_next/static/chunks/main-app.js?v=1785511588812:1324:1)
    at options.factory (http://localhost:3000/_next/static/chunks/webpack.js?v=1785511588812:708:31)
    at __webpack_require__ (http://localhost:3000/_next/static/chunks/webpack.js?v=1785511588812:29:33)
    at fn (http://localhost:3000/_next/static/chunks/webpack.js?v=1785511588812:361:21)
    at  (webpack-internal:///(app-pages-browser)/./node_modules/next/dist/compiled/scheduler/index.js:4:20)
    at (app-pages-browser)/./node_modules/next/dist/compiled/scheduler/index.js (http://localhost:3000/_next/static/chunks/main-app.js?v=1785511588812:1335:1)
    at options.factory (http://localhost:3000/_next/static/chunks/webpack.js?v=1785511588812:708:31)
    at __webpack_require__ (http://localhost:3000/_next/static/chunks/webpack.js?v=1785511588812:29:33)
    at fn (http://localhost:3000/_next/static/chunks/webpack.js?v=1785511588812:361:21)
    at  (webpack-internal:///(app-pages-browser)/./node_modules/next/dist/compiled/react-dom/cjs/react-dom-client.development.js:26424:40)
    at  (webpack-internal:///(app-pages-browser)/./node_modules/next/dist/compiled/react-dom/cjs/react-dom-client.development.js:30808:5)
    at (app-pages-browser)/./node_modules/next/dist/compiled/react-dom/cjs/react-dom-client.development.js (http://localhost:3000/_next/static/chunks/main-app.js?v=1785511588812:1182:1)
    at options.factory (http://localhost:3000/_next/static/chunks/webpack.js?v=1785511588812:708:31)
    at __webpack_require__ (http://localhost:3000/_next/static/chunks/webpack.js?v=1785511588812:29:33)
    at fn (http://localhost:3000/_next/static/chunks/webpack.js?v=1785511588812:361:21)
    at  (webpack-internal:///(app-pages-browser)/./node_modules/next/dist/compiled/react-dom/client.js:32:20)
    at (app-pages-browser)/./node_modules/next/dist/compiled/react-dom/client.js (http://localhost:3000/_next/static/chunks/main-app.js?v=1785511588812:1204:1)
    at options.factory (http://localhost:3000/_next/static/chunks/webpack.js?v=1785511588812:708:31)
    at __webpack_require__ (http://localhost:3000/_next/static/chunks/webpack.js?v=1785511588812:29:33)
    at fn (http://localhost:3000/_next/static/chunks/webpack.js?v=1785511588812:361:21)
    at  (webpack-internal:///(app-pages-browser)/./node_modules/next/dist/client/app-index.js:14:58)
    at (app-pages-browser)/./node_modules/next/dist/client/app-index.js (http://localhost:3000/_next/static/chunks/main-app.js?v=1785511588812:116:1)
    at options.factory (http://localhost:3000/_next/static/chunks/webpack.js?v=1785511588812:708:31)
    at __webpack_require__ (http://localhost:3000/_next/static/chunks/webpack.js?v=1785511588812:29:33)
    at fn (http://localhost:3000/_next/static/chunks/webpack.js?v=1785511588812:361:21)
    at  (webpack-internal:///(app-pages-browser)/./node_modules/next/dist/client/app-next-dev.js:15:44)
    at appBootstrap/< (webpack-internal:///(app-pages-browser)/./node_modules/next/dist/client/app-bootstrap.js:60:16)
    at loadScriptsInSequence (webpack-internal:///(app-pages-browser)/./node_modules/next/dist/client/app-bootstrap.js:25:16)
    at appBootstrap (webpack-internal:///(app-pages-browser)/./node_modules/next/dist/client/app-bootstrap.js:54:26)
    at  (webpack-internal:///(app-pages-browser)/./node_modules/next/dist/client/app-next-dev.js:13:32)
    at (app-pages-browser)/./node_modules/next/dist/client/app-next-dev.js (http://localhost:3000/_next/static/chunks/main-app.js?v=1785511588812:138:1)
    at options.factory (http://localhost:3000/_next/static/chunks/webpack.js?v=1785511588812:708:31)
    at __webpack_require__ (http://localhost:3000/_next/static/chunks/webpack.js?v=1785511588812:29:33)
    at __webpack_exec__ (http://localhost:3000/_next/static/chunks/main-app.js?v=1785511588812:1956:67)
    at  (http://localhost:3000/_next/static/chunks/main-app.js?v=1785511588812:1957:154)
    at webpackJsonpCallback (http://localhost:3000/_next/static/chunks/webpack.js?v=1785511588812:1395:46)
    at  (http://localhost:3000/_next/static/chunks/main-app.js?v=1785511588812:9:61)
[  313779ms] [TIMESTAMP] Waiting for Paint @ webpack-internal:///(app-pages-browser)/./node_modules/next/dist/compiled/react-dom/cjs/react-dom-client.development.js:19929
[  313779ms] [TIMESTAMP] Root @ webpack-internal:///(app-pages-browser)/./node_modules/next/dist/compiled/react-dom/cjs/react-dom-client.development.js:4426
[  313779ms] [TIMESTAMP] ServerRoot @ webpack-internal:///(app-pages-browser)/./node_modules/next/dist/compiled/react-dom/cjs/react-dom-client.development.js:4426
[  313779ms] [TIMESTAMP] AppRouter @ webpack-internal:///(app-pages-browser)/./node_modules/next/dist/compiled/react-dom/cjs/react-dom-client.development.js:4426
[  313779ms] [TIMESTAMP] RootErrorBoundary @ webpack-internal:///(app-pages-browser)/./node_modules/next/dist/compiled/react-dom/cjs/react-dom-client.development.js:4426
[  313779ms] [TIMESTAMP] ErrorBoundary @ webpack-internal:///(app-pages-browser)/./node_modules/next/dist/compiled/react-dom/cjs/react-dom-client.development.js:4426
[  313779ms] [TIMESTAMP] ErrorBoundaryHandler @ webpack-internal:///(app-pages-browser)/./node_modules/next/dist/compiled/react-dom/cjs/react-dom-client.development.js:4426
[  313779ms] [TIMESTAMP] Router @ webpack-internal:///(app-pages-browser)/./node_modules/next/dist/compiled/react-dom/cjs/react-dom-client.development.js:4426
[  313779ms] [TIMESTAMP] HistoryUpdater @ webpack-internal:///(app-pages-browser)/./node_modules/next/dist/compiled/react-dom/cjs/react-dom-client.development.js:4426
[  313779ms] [TIMESTAMP] RuntimeStylesForWebpack @ webpack-internal:///(app-pages-browser)/./node_modules/next/dist/compiled/react-dom/cjs/react-dom-client.development.js:4426
[  313779ms] [TIMESTAMP] RuntimeStylesForWebpack @ webpack-internal:///(app-pages-browser)/./node_modules/next/dist/compiled/react-dom/cjs/react-dom-client.development.js:4554
[  313779ms] [TIMESTAMP] HotReload @ webpack-internal:///(app-pages-browser)/./node_modules/next/dist/compiled/react-dom/cjs/react-dom-client.development.js:4426
[  313779ms] [TIMESTAMP] ErroredHtml @ webpack-internal:///(app-pages-browser)/./node_modules/next/dist/compiled/react-dom/cjs/react-dom-client.development.js:4426
[  313779ms] [TIMESTAMP] ErrorBoundary @ webpack-internal:///(app-pages-browser)/./node_modules/next/dist/compiled/react-dom/cjs/react-dom-client.development.js:4426
[  313791ms] [TIMESTAMP] ErrorBoundaryHandler @ webpack-internal:///(app-pages-browser)/./node_modules/next/dist/compiled/react-dom/cjs/react-dom-client.development.js:4426
[  313792ms] [TIMESTAMP] SegmentViewNode @ webpack-internal:///(app-pages-browser)/./node_modules/next/dist/compiled/react-dom/cjs/react-dom-client.development.js:4426
[  313793ms] [TIMESTAMP] DefaultGlobalError @ webpack-internal:///(app-pages-browser)/./node_modules/next/dist/compiled/react-dom/cjs/react-dom-client.development.js:4426
[  313793ms] [TIMESTAMP] WarningIcon @ webpack-internal:///(app-pages-browser)/./node_modules/next/dist/compiled/react-dom/cjs/react-dom-client.development.js:4426
[  313793ms] [TIMESTAMP] Router @ webpack-internal:///(app-pages-browser)/./node_modules/next/dist/compiled/react-dom/cjs/react-dom-client.development.js:4554
[  313793ms] [TIMESTAMP] Router @ webpack-internal:///(app-pages-browser)/./node_modules/next/dist/compiled/react-dom/cjs/react-dom-client.development.js:4554
[  313793ms] [TIMESTAMP] Remaining Effects @ webpack-internal:///(app-pages-browser)/./node_modules/next/dist/compiled/react-dom/cjs/react-dom-client.development.js:19980
[  313794ms] [TIMESTAMP] Blocking Track @ webpack-internal:///(app-pages-browser)/./node_modules/next/dist/compiled/react-dom/cjs/react-dom-client.development.js:18271
[  313794ms] [TIMESTAMP] Transition Track @ webpack-internal:///(app-pages-browser)/./node_modules/next/dist/compiled/react-dom/cjs/react-dom-client.development.js:18279
[  313794ms] [TIMESTAMP] Suspense Track @ webpack-internal:///(app-pages-browser)/./node_modules/next/dist/compiled/react-dom/cjs/react-dom-client.development.js:18287
[  313859ms] [TIMESTAMP] Idle Track @ webpack-internal:///(app-pages-browser)/./node_modules/next/dist/compiled/react-dom/cjs/react-dom-client.development.js:18295
[  313860ms] [TIMESTAMP] Commit @ webpack-internal:///(app-pages-browser)/./node_modules/next/dist/compiled/react-dom/cjs/react-dom-client.development.js:4724
