[    8945ms] [INFO] Download the React DevTools for a better development experience: https://react.dev/link/react-devtools @ webpack-internal:///(app-pages-browser)/./node_modules/next/dist/next-devtools/shared/forward-logs-shared.js:27
[    9349ms] [TIMESTAMP] Server Requests Track @ webpack-internal:///(app-pages-browser)/./node_modules/next/dist/compiled/react-server-dom-webpack/cjs/react-server-dom-webpack-client.browser.development.js:1241
[    9362ms] [TIMESTAMP] Server Components Track @ webpack-internal:///(app-pages-browser)/./node_modules/next/dist/compiled/react-server-dom-webpack/cjs/react-server-dom-webpack-client.browser.development.js:1249
[   10427ms] [LOG] [HMR] connected @ webpack-internal:///(app-pages-browser)/./node_modules/next/dist/next-devtools/shared/forward-logs-shared.js:27
[   11189ms] [TIMESTAMP] Server Requests Track @ webpack-internal:///(app-pages-browser)/./node_modules/next/dist/compiled/react-server-dom-webpack/cjs/react-server-dom-webpack-client.browser.development.js:1241
[   11190ms] [TIMESTAMP] Server Components Track @ webpack-internal:///(app-pages-browser)/./node_modules/next/dist/compiled/react-server-dom-webpack/cjs/react-server-dom-webpack-client.browser.development.js:1249
[   11215ms] [TIMESTAMP] ​Preloads @ webpack-internal:///(app-pages-browser)/./node_modules/next/dist/compiled/react-server-dom-webpack/cjs/react-server-dom-webpack-client.browser.development.js:3943
[   11258ms] [TIMESTAMP] ​Loading @ webpack-internal:///(app-pages-browser)/./node_modules/next/dist/compiled/react-server-dom-webpack/cjs/react-server-dom-webpack-client.browser.development.js:3943
[   11259ms] [TIMESTAMP] ​HTTPAccessErrorFallback @ webpack-internal:///(app-pages-browser)/./node_modules/next/dist/compiled/react-server-dom-webpack/cjs/react-server-dom-webpack-client.browser.development.js:3943
[   11365ms] [TIMESTAMP] ​NotFound @ webpack-internal:///(app-pages-browser)/./node_modules/next/dist/compiled/react-server-dom-webpack/cjs/react-server-dom-webpack-client.browser.development.js:3943
[   11365ms] [TIMESTAMP] ​RootLayout @ webpack-internal:///(app-pages-browser)/./node_modules/next/dist/compiled/react-server-dom-webpack/cjs/react-server-dom-webpack-client.browser.development.js:3943
[   11365ms] [TIMESTAMP] ​Next.MetadataOutlet @ webpack-internal:///(app-pages-browser)/./node_modules/next/dist/compiled/react-server-dom-webpack/cjs/react-server-dom-webpack-client.browser.development.js:3943
[   11366ms] [TIMESTAMP] ​NonIndex @ webpack-internal:///(app-pages-browser)/./node_modules/next/dist/compiled/react-server-dom-webpack/cjs/react-server-dom-webpack-client.browser.development.js:3943
[   11389ms] [TIMESTAMP] ​Next.Viewport @ webpack-internal:///(app-pages-browser)/./node_modules/next/dist/compiled/react-server-dom-webpack/cjs/react-server-dom-webpack-client.browser.development.js:3943
[   11389ms] [TIMESTAMP] ​ViewportWrapper @ webpack-internal:///(app-pages-browser)/./node_modules/next/dist/compiled/react-server-dom-webpack/cjs/react-server-dom-webpack-client.browser.development.js:3943
[   11390ms] [TIMESTAMP] ​Next.Metadata @ webpack-internal:///(app-pages-browser)/./node_modules/next/dist/compiled/react-server-dom-webpack/cjs/react-server-dom-webpack-client.browser.development.js:3943
[   11391ms] [TIMESTAMP] ​MetadataWrapper @ webpack-internal:///(app-pages-browser)/./node_modules/next/dist/compiled/react-server-dom-webpack/cjs/react-server-dom-webpack-client.browser.development.js:3943
[   11391ms] [TIMESTAMP] Blocking Track @ webpack-internal:///(app-pages-browser)/./node_modules/next/dist/compiled/react-dom/cjs/react-dom-client.development.js:18271
[   11391ms] [TIMESTAMP] Transition Track @ webpack-internal:///(app-pages-browser)/./node_modules/next/dist/compiled/react-dom/cjs/react-dom-client.development.js:18279
[   11392ms] [TIMESTAMP] Suspense Track @ webpack-internal:///(app-pages-browser)/./node_modules/next/dist/compiled/react-dom/cjs/react-dom-client.development.js:18287
[   11415ms] [TIMESTAMP] Idle Track @ webpack-internal:///(app-pages-browser)/./node_modules/next/dist/compiled/react-dom/cjs/react-dom-client.development.js:18295
[   11487ms] [TIMESTAMP] Blocked @ webpack-internal:///(app-pages-browser)/./node_modules/next/dist/compiled/react-dom/cjs/react-dom-client.development.js:17801
[   11560ms] [TIMESTAMP] Blocked @ webpack-internal:///(app-pages-browser)/./node_modules/next/dist/compiled/react-dom/cjs/react-dom-client.development.js:17801
[   11685ms] [TIMESTAMP] Blocked @ webpack-internal:///(app-pages-browser)/./node_modules/next/dist/compiled/react-dom/cjs/react-dom-client.development.js:17801
[   12082ms] [TIMESTAMP] Blocked @ webpack-internal:///(app-pages-browser)/./node_modules/next/dist/compiled/react-dom/cjs/react-dom-client.development.js:17801
[   12156ms] [TIMESTAMP] Blocked @ webpack-internal:///(app-pages-browser)/./node_modules/next/dist/compiled/react-dom/cjs/react-dom-client.development.js:17801
[   12179ms] [TIMESTAMP] Blocked @ webpack-internal:///(app-pages-browser)/./node_modules/next/dist/compiled/react-dom/cjs/react-dom-client.development.js:17801
[   12183ms] [TIMESTAMP] Blocked @ webpack-internal:///(app-pages-browser)/./node_modules/next/dist/compiled/react-dom/cjs/react-dom-client.development.js:17801
[   12277ms] [TIMESTAMP] Blocked @ webpack-internal:///(app-pages-browser)/./node_modules/next/dist/compiled/react-dom/cjs/react-dom-client.development.js:17801
[   12339ms] [TIMESTAMP] Blocked @ webpack-internal:///(app-pages-browser)/./node_modules/next/dist/compiled/react-dom/cjs/react-dom-client.development.js:17801
[   12380ms] [TIMESTAMP] Blocked @ webpack-internal:///(app-pages-browser)/./node_modules/next/dist/compiled/react-dom/cjs/react-dom-client.development.js:17801
[   12455ms] [TIMESTAMP] Blocked @ webpack-internal:///(app-pages-browser)/./node_modules/next/dist/compiled/react-dom/cjs/react-dom-client.development.js:17801
[   12478ms] [TIMESTAMP] Hydrated @ webpack-internal:///(app-pages-browser)/./node_modules/next/dist/compiled/react-dom/cjs/react-dom-client.development.js:19292
[   12522ms] [TIMESTAMP] SegmentViewStateNode @ webpack-internal:///(app-pages-browser)/./node_modules/next/dist/compiled/react-dom/cjs/react-dom-client.development.js:4554
[   12553ms] [TIMESTAMP] SegmentTrieNode @ webpack-internal:///(app-pages-browser)/./node_modules/next/dist/compiled/react-dom/cjs/react-dom-client.development.js:4554
[   12554ms] [TIMESTAMP] SegmentViewStateNode @ webpack-internal:///(app-pages-browser)/./node_modules/next/dist/compiled/react-dom/cjs/react-dom-client.development.js:4554
[   12619ms] [TIMESTAMP] InnerScrollAndFocusHandlerOld @ webpack-internal:///(app-pages-browser)/./node_modules/next/dist/compiled/react-dom/cjs/react-dom-client.development.js:4554
[   12622ms] [TIMESTAMP] SegmentTrieNode @ webpack-internal:///(app-pages-browser)/./node_modules/next/dist/compiled/react-dom/cjs/react-dom-client.development.js:4554
[   12624ms] [TIMESTAMP] SegmentTrieNode @ webpack-internal:///(app-pages-browser)/./node_modules/next/dist/compiled/react-dom/cjs/react-dom-client.development.js:4554
[   12644ms] [TIMESTAMP] Commit @ webpack-internal:///(app-pages-browser)/./node_modules/next/dist/compiled/react-dom/cjs/react-dom-client.development.js:4724
[   12644ms] [TIMESTAMP] Waiting for Paint @ webpack-internal:///(app-pages-browser)/./node_modules/next/dist/compiled/react-dom/cjs/react-dom-client.development.js:19929
[   12645ms] [TIMESTAMP] Root @ webpack-internal:///(app-pages-browser)/./node_modules/next/dist/compiled/react-dom/cjs/react-dom-client.development.js:4426
[   12648ms] [TIMESTAMP] ServerRoot @ webpack-internal:///(app-pages-browser)/./node_modules/next/dist/compiled/react-dom/cjs/react-dom-client.development.js:4426
[   12648ms] [TIMESTAMP] AppRouter @ webpack-internal:///(app-pages-browser)/./node_modules/next/dist/compiled/react-dom/cjs/react-dom-client.development.js:4426
[   12648ms] [TIMESTAMP] RootErrorBoundary @ webpack-internal:///(app-pages-browser)/./node_modules/next/dist/compiled/react-dom/cjs/react-dom-client.development.js:4426
[   12648ms] [TIMESTAMP] ErrorBoundary @ webpack-internal:///(app-pages-browser)/./node_modules/next/dist/compiled/react-dom/cjs/react-dom-client.development.js:4426
[   12648ms] [TIMESTAMP] ErrorBoundaryHandler @ webpack-internal:///(app-pages-browser)/./node_modules/next/dist/compiled/react-dom/cjs/react-dom-client.development.js:4426
[   12649ms] [TIMESTAMP] Router @ webpack-internal:///(app-pages-browser)/./node_modules/next/dist/compiled/react-dom/cjs/react-dom-client.development.js:4426
[   12662ms] [TIMESTAMP] HistoryUpdater @ webpack-internal:///(app-pages-browser)/./node_modules/next/dist/compiled/react-dom/cjs/react-dom-client.development.js:4426
[   12662ms] [TIMESTAMP] RuntimeStylesForWebpack @ webpack-internal:///(app-pages-browser)/./node_modules/next/dist/compiled/react-dom/cjs/react-dom-client.development.js:4426
[   12663ms] [TIMESTAMP] RuntimeStylesForWebpack @ webpack-internal:///(app-pages-browser)/./node_modules/next/dist/compiled/react-dom/cjs/react-dom-client.development.js:4554
[   12663ms] [TIMESTAMP] HotReload @ webpack-internal:///(app-pages-browser)/./node_modules/next/dist/compiled/react-dom/cjs/react-dom-client.development.js:4426
[   12663ms] [TIMESTAMP] AppDevOverlayErrorBoundary @ webpack-internal:///(app-pages-browser)/./node_modules/next/dist/compiled/react-dom/cjs/react-dom-client.development.js:4426
[   12663ms] [TIMESTAMP] ReplaySsrOnlyErrors @ webpack-internal:///(app-pages-browser)/./node_modules/next/dist/compiled/react-dom/cjs/react-dom-client.development.js:4426
[   12663ms] [TIMESTAMP] DevRootHTTPAccessFallbackBoundary @ webpack-internal:///(app-pages-browser)/./node_modules/next/dist/compiled/react-dom/cjs/react-dom-client.development.js:4426
[   12663ms] [TIMESTAMP] HTTPAccessFallbackBoundary @ webpack-internal:///(app-pages-browser)/./node_modules/next/dist/compiled/react-dom/cjs/react-dom-client.development.js:4426
[   12676ms] [TIMESTAMP] HTTPAccessFallbackErrorBoundary @ webpack-internal:///(app-pages-browser)/./node_modules/next/dist/compiled/react-dom/cjs/react-dom-client.development.js:4426
[   12679ms] [TIMESTAMP] RedirectBoundary @ webpack-internal:///(app-pages-browser)/./node_modules/next/dist/compiled/react-dom/cjs/react-dom-client.development.js:4426
[   12689ms] [TIMESTAMP] RedirectErrorBoundary @ webpack-internal:///(app-pages-browser)/./node_modules/next/dist/compiled/react-dom/cjs/react-dom-client.development.js:4426
[   12748ms] [TIMESTAMP] Head @ webpack-internal:///(app-pages-browser)/./node_modules/next/dist/compiled/react-dom/cjs/react-dom-client.development.js:4426
[   12754ms] [TIMESTAMP] __next_viewport_boundary__ @ webpack-internal:///(app-pages-browser)/./node_modules/next/dist/compiled/react-dom/cjs/react-dom-client.development.js:4426
[   12755ms] [TIMESTAMP] __next_metadata_boundary__ @ webpack-internal:///(app-pages-browser)/./node_modules/next/dist/compiled/react-dom/cjs/react-dom-client.development.js:4426
[   12769ms] [TIMESTAMP] __next_root_layout_boundary__ @ webpack-internal:///(app-pages-browser)/./node_modules/next/dist/compiled/react-dom/cjs/react-dom-client.development.js:4426
[   12770ms] [TIMESTAMP] LoadingBoundaryProvider @ webpack-internal:///(app-pages-browser)/./node_modules/next/dist/compiled/react-dom/cjs/react-dom-client.development.js:4426
[   12770ms] [TIMESTAMP] SegmentViewNode @ webpack-internal:///(app-pages-browser)/./node_modules/next/dist/compiled/react-dom/cjs/react-dom-client.development.js:4426
[   12777ms] [TIMESTAMP] SegmentTrieNode @ webpack-internal:///(app-pages-browser)/./node_modules/next/dist/compiled/react-dom/cjs/react-dom-client.development.js:4426
[   12778ms] [TIMESTAMP] NetworkStatus @ webpack-internal:///(app-pages-browser)/./node_modules/next/dist/compiled/react-dom/cjs/react-dom-client.development.js:4426
[   12779ms] [TIMESTAMP] OuterLayoutRouter @ webpack-internal:///(app-pages-browser)/./node_modules/next/dist/compiled/react-dom/cjs/react-dom-client.development.js:4426
[   12787ms] [TIMESTAMP] SegmentStateProvider @ webpack-internal:///(app-pages-browser)/./node_modules/next/dist/compiled/react-dom/cjs/react-dom-client.development.js:4426
[   12794ms] [TIMESTAMP] RenderFromTemplateContext @ webpack-internal:///(app-pages-browser)/./node_modules/next/dist/compiled/react-dom/cjs/react-dom-client.development.js:4426
[   12795ms] [TIMESTAMP] ScrollAndMaybeFocusHandler @ webpack-internal:///(app-pages-browser)/./node_modules/next/dist/compiled/react-dom/cjs/react-dom-client.development.js:4426
[   12795ms] [TIMESTAMP] InnerScrollAndFocusHandlerOld @ webpack-internal:///(app-pages-browser)/./node_modules/next/dist/compiled/react-dom/cjs/react-dom-client.development.js:4426
[   12795ms] [TIMESTAMP] ErrorBoundary @ webpack-internal:///(app-pages-browser)/./node_modules/next/dist/compiled/react-dom/cjs/react-dom-client.development.js:4426
[   12795ms] [TIMESTAMP] LoadingBoundary @ webpack-internal:///(app-pages-browser)/./node_modules/next/dist/compiled/react-dom/cjs/react-dom-client.development.js:4426
[   12796ms] [TIMESTAMP] SegmentViewStateNode @ webpack-internal:///(app-pages-browser)/./node_modules/next/dist/compiled/react-dom/cjs/react-dom-client.development.js:4426
[   12796ms] [TIMESTAMP] SegmentViewNode @ webpack-internal:///(app-pages-browser)/./node_modules/next/dist/compiled/react-dom/cjs/react-dom-client.development.js:4426
[   12802ms] [TIMESTAMP] SegmentTrieNode @ webpack-internal:///(app-pages-browser)/./node_modules/next/dist/compiled/react-dom/cjs/react-dom-client.development.js:4426
[   12803ms] [TIMESTAMP] SegmentViewNode @ webpack-internal:///(app-pages-browser)/./node_modules/next/dist/compiled/react-dom/cjs/react-dom-client.development.js:4426
[   12803ms] [TIMESTAMP] SegmentTrieNode @ webpack-internal:///(app-pages-browser)/./node_modules/next/dist/compiled/react-dom/cjs/react-dom-client.development.js:4426
[   12817ms] [TIMESTAMP] SegmentViewNode @ webpack-internal:///(app-pages-browser)/./node_modules/next/dist/compiled/react-dom/cjs/react-dom-client.development.js:4426
[   12817ms] [TIMESTAMP] SegmentTrieNode @ webpack-internal:///(app-pages-browser)/./node_modules/next/dist/compiled/react-dom/cjs/react-dom-client.development.js:4426
[   12818ms] [TIMESTAMP] ForwardRef(Toaster) @ webpack-internal:///(app-pages-browser)/./node_modules/next/dist/compiled/react-dom/cjs/react-dom-client.development.js:4426
[   12818ms] [TIMESTAMP] ForwardRef(Toaster) @ webpack-internal:///(app-pages-browser)/./node_modules/next/dist/compiled/react-dom/cjs/react-dom-client.development.js:4554
[   12818ms] [TIMESTAMP] AppRouterAnnouncer @ webpack-internal:///(app-pages-browser)/./node_modules/next/dist/compiled/react-dom/cjs/react-dom-client.development.js:4426
[   12826ms] [TIMESTAMP] AppRouterAnnouncer @ webpack-internal:///(app-pages-browser)/./node_modules/next/dist/compiled/react-dom/cjs/react-dom-client.development.js:4554
[   12826ms] [TIMESTAMP] HotReload @ webpack-internal:///(app-pages-browser)/./node_modules/next/dist/compiled/react-dom/cjs/react-dom-client.development.js:4554
[   12826ms] [TIMESTAMP] Router @ webpack-internal:///(app-pages-browser)/./node_modules/next/dist/compiled/react-dom/cjs/react-dom-client.development.js:4554
[   12827ms] [TIMESTAMP] Remaining Effects @ webpack-internal:///(app-pages-browser)/./node_modules/next/dist/compiled/react-dom/cjs/react-dom-client.development.js:19980
[   12952ms] [TIMESTAMP] Blocking Track @ webpack-internal:///(app-pages-browser)/./node_modules/next/dist/compiled/react-dom/cjs/react-dom-client.development.js:18271
[   12953ms] [TIMESTAMP] Transition Track @ webpack-internal:///(app-pages-browser)/./node_modules/next/dist/compiled/react-dom/cjs/react-dom-client.development.js:18279
[   12953ms] [TIMESTAMP] Suspense Track @ webpack-internal:///(app-pages-browser)/./node_modules/next/dist/compiled/react-dom/cjs/react-dom-client.development.js:18287
[   12953ms] [TIMESTAMP] Idle Track @ webpack-internal:///(app-pages-browser)/./node_modules/next/dist/compiled/react-dom/cjs/react-dom-client.development.js:18295
[   13009ms] [TIMESTAMP] Errored @ webpack-internal:///(app-pages-browser)/./node_modules/next/dist/compiled/react-dom/cjs/react-dom-client.development.js:4630
[   13021ms] [TIMESTAMP] Blocking Track @ webpack-internal:///(app-pages-browser)/./node_modules/next/dist/compiled/react-dom/cjs/react-dom-client.development.js:18271
[   13021ms] [TIMESTAMP] Transition Track @ webpack-internal:///(app-pages-browser)/./node_modules/next/dist/compiled/react-dom/cjs/react-dom-client.development.js:18279
[   13022ms] [TIMESTAMP] Suspense Track @ webpack-internal:///(app-pages-browser)/./node_modules/next/dist/compiled/react-dom/cjs/react-dom-client.development.js:18287
[   13048ms] [TIMESTAMP] Idle Track @ webpack-internal:///(app-pages-browser)/./node_modules/next/dist/compiled/react-dom/cjs/react-dom-client.development.js:18295
[   13048ms] [TIMESTAMP] Errored @ webpack-internal:///(app-pages-browser)/./node_modules/next/dist/compiled/react-dom/cjs/react-dom-client.development.js:4630
[   13058ms] [TIMESTAMP] Commit @ webpack-internal:///(app-pages-browser)/./node_modules/next/dist/compiled/react-dom/cjs/react-dom-client.development.js:4724
[   13232ms] [TIMESTAMP] Waiting for Paint @ webpack-internal:///(app-pages-browser)/./node_modules/next/dist/compiled/react-dom/cjs/react-dom-client.development.js:19929
[   13262ms] [TIMESTAMP] HTTPAccessFallbackBoundary @ webpack-internal:///(app-pages-browser)/./node_modules/next/dist/compiled/react-dom/cjs/react-dom-client.development.js:4426
[   13262ms] [TIMESTAMP] HTTPAccessFallbackErrorBoundary @ webpack-internal:///(app-pages-browser)/./node_modules/next/dist/compiled/react-dom/cjs/react-dom-client.development.js:4426
[   13262ms] [TIMESTAMP] RedirectBoundary @ webpack-internal:///(app-pages-browser)/./node_modules/next/dist/compiled/react-dom/cjs/react-dom-client.development.js:4426
[   13262ms] [TIMESTAMP] RedirectErrorBoundary @ webpack-internal:///(app-pages-browser)/./node_modules/next/dist/compiled/react-dom/cjs/react-dom-client.development.js:4426
[   13262ms] [TIMESTAMP] HandleRedirect @ webpack-internal:///(app-pages-browser)/./node_modules/next/dist/compiled/react-dom/cjs/react-dom-client.development.js:4426
[   13280ms] [TIMESTAMP] HandleRedirect @ webpack-internal:///(app-pages-browser)/./node_modules/next/dist/compiled/react-dom/cjs/react-dom-client.development.js:4554
[   13285ms] [TIMESTAMP] AppRouterAnnouncer @ webpack-internal:///(app-pages-browser)/./node_modules/next/dist/compiled/react-dom/cjs/react-dom-client.development.js:4426
[   13285ms] [TIMESTAMP] Remaining Effects @ webpack-internal:///(app-pages-browser)/./node_modules/next/dist/compiled/react-dom/cjs/react-dom-client.development.js:19980
[   13286ms] [TIMESTAMP] Blocking Track @ webpack-internal:///(app-pages-browser)/./node_modules/next/dist/compiled/react-dom/cjs/react-dom-client.development.js:18271
[   13286ms] [TIMESTAMP] Transition Track @ webpack-internal:///(app-pages-browser)/./node_modules/next/dist/compiled/react-dom/cjs/react-dom-client.development.js:18279
[   13286ms] [TIMESTAMP] Suspense Track @ webpack-internal:///(app-pages-browser)/./node_modules/next/dist/compiled/react-dom/cjs/react-dom-client.development.js:18287
[   13286ms] [TIMESTAMP] Idle Track @ webpack-internal:///(app-pages-browser)/./node_modules/next/dist/compiled/react-dom/cjs/react-dom-client.development.js:18295
[   13297ms] [TIMESTAMP] Render @ webpack-internal:///(app-pages-browser)/./node_modules/next/dist/compiled/react-dom/cjs/react-dom-client.development.js:19292
[   13297ms] [TIMESTAMP] Router @ webpack-internal:///(app-pages-browser)/./node_modules/next/dist/compiled/react-dom/cjs/react-dom-client.development.js:4426
[   13297ms] [TIMESTAMP] HistoryUpdater @ webpack-internal:///(app-pages-browser)/./node_modules/next/dist/compiled/react-dom/cjs/react-dom-client.development.js:4406
[   13298ms] [TIMESTAMP] RuntimeStylesForWebpack @ webpack-internal:///(app-pages-browser)/./node_modules/next/dist/compiled/react-dom/cjs/react-dom-client.development.js:4406
[   13298ms] [TIMESTAMP] ReplaySsrOnlyErrors @ webpack-internal:///(app-pages-browser)/./node_modules/next/dist/compiled/react-dom/cjs/react-dom-client.development.js:4406
[   13298ms] [TIMESTAMP] Remaining Effects @ webpack-internal:///(app-pages-browser)/./node_modules/next/dist/compiled/react-dom/cjs/react-dom-client.development.js:19980
[   13316ms] [TIMESTAMP] Blocking Track @ webpack-internal:///(app-pages-browser)/./node_modules/next/dist/compiled/react-dom/cjs/react-dom-client.development.js:18271
[   13317ms] [TIMESTAMP] Transition Track @ webpack-internal:///(app-pages-browser)/./node_modules/next/dist/compiled/react-dom/cjs/react-dom-client.development.js:18279
[   13317ms] [TIMESTAMP] Suspense Track @ webpack-internal:///(app-pages-browser)/./node_modules/next/dist/compiled/react-dom/cjs/react-dom-client.development.js:18287
[   13329ms] [TIMESTAMP] Idle Track @ webpack-internal:///(app-pages-browser)/./node_modules/next/dist/compiled/react-dom/cjs/react-dom-client.development.js:18295
[   13377ms] [TIMESTAMP] Prewarm @ webpack-internal:///(app-pages-browser)/./node_modules/next/dist/compiled/react-dom/cjs/react-dom-client.development.js:4580
[   14431ms] [LOG] [HMR] connected @ webpack-internal:///(app-pages-browser)/./node_modules/next/dist/next-devtools/shared/forward-logs-shared.js:27
[   16098ms] [LOG] [Fast Refresh] done in 1784705087945ms @ webpack-internal:///(app-pages-browser)/./node_modules/next/dist/next-devtools/shared/forward-logs-shared.js:27
[   17398ms] [LOG] [Fast Refresh] rebuilding @ webpack-internal:///(app-pages-browser)/./node_modules/next/dist/next-devtools/shared/forward-logs-shared.js:27
[   39133ms] [INFO] Download the React DevTools for a better development experience: https://react.dev/link/react-devtools @ webpack-internal:///(app-pages-browser)/./node_modules/next/dist/next-devtools/shared/forward-logs-shared.js:27
[   40550ms] [TIMESTAMP] Server Requests Track @ webpack-internal:///(app-pages-browser)/./node_modules/next/dist/compiled/react-server-dom-webpack/cjs/react-server-dom-webpack-client.browser.development.js:1241
[   40555ms] [TIMESTAMP] Server Components Track @ webpack-internal:///(app-pages-browser)/./node_modules/next/dist/compiled/react-server-dom-webpack/cjs/react-server-dom-webpack-client.browser.development.js:1249
[   42947ms] [LOG] [HMR] connected @ webpack-internal:///(app-pages-browser)/./node_modules/next/dist/next-devtools/shared/forward-logs-shared.js:27
[   43110ms] [LOG] [Fast Refresh] rebuilding @ webpack-internal:///(app-pages-browser)/./node_modules/next/dist/next-devtools/shared/forward-logs-shared.js:27
[   43306ms] [TIMESTAMP] Blocking Track @ webpack-internal:///(app-pages-browser)/./node_modules/next/dist/compiled/react-dom/cjs/react-dom-client.development.js:18271
[   43309ms] [TIMESTAMP] Transition Track @ webpack-internal:///(app-pages-browser)/./node_modules/next/dist/compiled/react-dom/cjs/react-dom-client.development.js:18279
[   43312ms] [TIMESTAMP] Suspense Track @ webpack-internal:///(app-pages-browser)/./node_modules/next/dist/compiled/react-dom/cjs/react-dom-client.development.js:18287
[   43314ms] [TIMESTAMP] Idle Track @ webpack-internal:///(app-pages-browser)/./node_modules/next/dist/compiled/react-dom/cjs/react-dom-client.development.js:18295
[   43332ms] [TIMESTAMP] Server Requests Track @ webpack-internal:///(app-pages-browser)/./node_modules/next/dist/compiled/react-server-dom-webpack/cjs/react-server-dom-webpack-client.browser.development.js:1241
[   43358ms] [TIMESTAMP] Server Components Track @ webpack-internal:///(app-pages-browser)/./node_modules/next/dist/compiled/react-server-dom-webpack/cjs/react-server-dom-webpack-client.browser.development.js:1249
[   43363ms] [TIMESTAMP] ​Preloads @ webpack-internal:///(app-pages-browser)/./node_modules/next/dist/compiled/react-server-dom-webpack/cjs/react-server-dom-webpack-client.browser.development.js:3943
[   43367ms] [TIMESTAMP] ​Loading @ webpack-internal:///(app-pages-browser)/./node_modules/next/dist/compiled/react-server-dom-webpack/cjs/react-server-dom-webpack-client.browser.development.js:3943
[   43373ms] [TIMESTAMP] ​HTTPAccessErrorFallback @ webpack-internal:///(app-pages-browser)/./node_modules/next/dist/compiled/react-server-dom-webpack/cjs/react-server-dom-webpack-client.browser.development.js:3943
[   43375ms] [TIMESTAMP] ​NotFound @ webpack-internal:///(app-pages-browser)/./node_modules/next/dist/compiled/react-server-dom-webpack/cjs/react-server-dom-webpack-client.browser.development.js:3943
[   43382ms] [TIMESTAMP] ​RootLayout @ webpack-internal:///(app-pages-browser)/./node_modules/next/dist/compiled/react-server-dom-webpack/cjs/react-server-dom-webpack-client.browser.development.js:3943
[   43431ms] [TIMESTAMP] ​HTTPAccessErrorFallback @ webpack-internal:///(app-pages-browser)/./node_modules/next/dist/compiled/react-server-dom-webpack/cjs/react-server-dom-webpack-client.browser.development.js:3943
[   43465ms] [TIMESTAMP] ​NotFound @ webpack-internal:///(app-pages-browser)/./node_modules/next/dist/compiled/react-server-dom-webpack/cjs/react-server-dom-webpack-client.browser.development.js:3943
[   43469ms] [TIMESTAMP] ​Next.MetadataOutlet @ webpack-internal:///(app-pages-browser)/./node_modules/next/dist/compiled/react-server-dom-webpack/cjs/react-server-dom-webpack-client.browser.development.js:3943
[   43473ms] [TIMESTAMP] ​NonIndex @ webpack-internal:///(app-pages-browser)/./node_modules/next/dist/compiled/react-server-dom-webpack/cjs/react-server-dom-webpack-client.browser.development.js:3943
[   43473ms] [TIMESTAMP] ​Next.Viewport @ webpack-internal:///(app-pages-browser)/./node_modules/next/dist/compiled/react-server-dom-webpack/cjs/react-server-dom-webpack-client.browser.development.js:3943
[   43477ms] [TIMESTAMP] ​ViewportWrapper @ webpack-internal:///(app-pages-browser)/./node_modules/next/dist/compiled/react-server-dom-webpack/cjs/react-server-dom-webpack-client.browser.development.js:3943
[   43477ms] [TIMESTAMP] ​Next.Metadata @ webpack-internal:///(app-pages-browser)/./node_modules/next/dist/compiled/react-server-dom-webpack/cjs/react-server-dom-webpack-client.browser.development.js:3943
[   43478ms] [TIMESTAMP] ​MetadataWrapper @ webpack-internal:///(app-pages-browser)/./node_modules/next/dist/compiled/react-server-dom-webpack/cjs/react-server-dom-webpack-client.browser.development.js:3943
[   44481ms] [TIMESTAMP] Blocked @ webpack-internal:///(app-pages-browser)/./node_modules/next/dist/compiled/react-dom/cjs/react-dom-client.development.js:17801
[   44811ms] [TIMESTAMP] Blocked @ webpack-internal:///(app-pages-browser)/./node_modules/next/dist/compiled/react-dom/cjs/react-dom-client.development.js:17801
[   44846ms] [LOG] [Fast Refresh] done in 1709ms @ webpack-internal:///(app-pages-browser)/./node_modules/next/dist/next-devtools/shared/forward-logs-shared.js:27
[   45411ms] [LOG] [Fast Refresh] rebuilding @ webpack-internal:///(app-pages-browser)/./node_modules/next/dist/next-devtools/shared/forward-logs-shared.js:27
[   45426ms] [TIMESTAMP] Blocked @ webpack-internal:///(app-pages-browser)/./node_modules/next/dist/compiled/react-dom/cjs/react-dom-client.development.js:17801
[   45462ms] [TIMESTAMP] Blocked @ webpack-internal:///(app-pages-browser)/./node_modules/next/dist/compiled/react-dom/cjs/react-dom-client.development.js:17801
[   45470ms] [LOG] [Fast Refresh] done in 56ms @ webpack-internal:///(app-pages-browser)/./node_modules/next/dist/next-devtools/shared/forward-logs-shared.js:27
[   45478ms] [TIMESTAMP] Blocked @ webpack-internal:///(app-pages-browser)/./node_modules/next/dist/compiled/react-dom/cjs/react-dom-client.development.js:17801
[   45487ms] [TIMESTAMP] Blocked @ webpack-internal:///(app-pages-browser)/./node_modules/next/dist/compiled/react-dom/cjs/react-dom-client.development.js:17801
[   45522ms] [TIMESTAMP] Hydrated @ webpack-internal:///(app-pages-browser)/./node_modules/next/dist/compiled/react-dom/cjs/react-dom-client.development.js:19292
[   45564ms] [TIMESTAMP] Commit @ webpack-internal:///(app-pages-browser)/./node_modules/next/dist/compiled/react-dom/cjs/react-dom-client.development.js:4724
[   45570ms] [TIMESTAMP] Waiting for Paint @ webpack-internal:///(app-pages-browser)/./node_modules/next/dist/compiled/react-dom/cjs/react-dom-client.development.js:19929
[   45574ms] [TIMESTAMP] Root @ webpack-internal:///(app-pages-browser)/./node_modules/next/dist/compiled/react-dom/cjs/react-dom-client.development.js:4426
[   45575ms] [TIMESTAMP] ServerRoot @ webpack-internal:///(app-pages-browser)/./node_modules/next/dist/compiled/react-dom/cjs/react-dom-client.development.js:4426
[   45575ms] [TIMESTAMP] AppRouter @ webpack-internal:///(app-pages-browser)/./node_modules/next/dist/compiled/react-dom/cjs/react-dom-client.development.js:4426
[   45576ms] [TIMESTAMP] RootErrorBoundary @ webpack-internal:///(app-pages-browser)/./node_modules/next/dist/compiled/react-dom/cjs/react-dom-client.development.js:4426
[   45576ms] [TIMESTAMP] ErrorBoundary @ webpack-internal:///(app-pages-browser)/./node_modules/next/dist/compiled/react-dom/cjs/react-dom-client.development.js:4426
[   45577ms] [TIMESTAMP] ErrorBoundaryHandler @ webpack-internal:///(app-pages-browser)/./node_modules/next/dist/compiled/react-dom/cjs/react-dom-client.development.js:4426
[   45578ms] [TIMESTAMP] Router @ webpack-internal:///(app-pages-browser)/./node_modules/next/dist/compiled/react-dom/cjs/react-dom-client.development.js:4426
[   45580ms] [TIMESTAMP] HistoryUpdater @ webpack-internal:///(app-pages-browser)/./node_modules/next/dist/compiled/react-dom/cjs/react-dom-client.development.js:4426
[   45584ms] [TIMESTAMP] HistoryUpdater @ webpack-internal:///(app-pages-browser)/./node_modules/next/dist/compiled/react-dom/cjs/react-dom-client.development.js:4554
[   45585ms] [TIMESTAMP] RuntimeStylesForWebpack @ webpack-internal:///(app-pages-browser)/./node_modules/next/dist/compiled/react-dom/cjs/react-dom-client.development.js:4426
[   45589ms] [TIMESTAMP] HotReload @ webpack-internal:///(app-pages-browser)/./node_modules/next/dist/compiled/react-dom/cjs/react-dom-client.development.js:4426
[   45592ms] [TIMESTAMP] AppDevOverlayErrorBoundary @ webpack-internal:///(app-pages-browser)/./node_modules/next/dist/compiled/react-dom/cjs/react-dom-client.development.js:4426
[   45593ms] [TIMESTAMP] ReplaySsrOnlyErrors @ webpack-internal:///(app-pages-browser)/./node_modules/next/dist/compiled/react-dom/cjs/react-dom-client.development.js:4426
[   45593ms] [TIMESTAMP] DevRootHTTPAccessFallbackBoundary @ webpack-internal:///(app-pages-browser)/./node_modules/next/dist/compiled/react-dom/cjs/react-dom-client.development.js:4426
[   45595ms] [TIMESTAMP] HTTPAccessFallbackBoundary @ webpack-internal:///(app-pages-browser)/./node_modules/next/dist/compiled/react-dom/cjs/react-dom-client.development.js:4426
[   45598ms] [TIMESTAMP] HTTPAccessFallbackErrorBoundary @ webpack-internal:///(app-pages-browser)/./node_modules/next/dist/compiled/react-dom/cjs/react-dom-client.development.js:4426
[   45600ms] [TIMESTAMP] RedirectBoundary @ webpack-internal:///(app-pages-browser)/./node_modules/next/dist/compiled/react-dom/cjs/react-dom-client.development.js:4426
[   45601ms] [TIMESTAMP] RedirectErrorBoundary @ webpack-internal:///(app-pages-browser)/./node_modules/next/dist/compiled/react-dom/cjs/react-dom-client.development.js:4426
[   45602ms] [TIMESTAMP] Head @ webpack-internal:///(app-pages-browser)/./node_modules/next/dist/compiled/react-dom/cjs/react-dom-client.development.js:4426
[   45603ms] [TIMESTAMP] __next_viewport_boundary__ @ webpack-internal:///(app-pages-browser)/./node_modules/next/dist/compiled/react-dom/cjs/react-dom-client.development.js:4426
[   45605ms] [TIMESTAMP] __next_metadata_boundary__ @ webpack-internal:///(app-pages-browser)/./node_modules/next/dist/compiled/react-dom/cjs/react-dom-client.development.js:4426
[   45607ms] [TIMESTAMP] __next_root_layout_boundary__ @ webpack-internal:///(app-pages-browser)/./node_modules/next/dist/compiled/react-dom/cjs/react-dom-client.development.js:4426
[   45608ms] [TIMESTAMP] LoadingBoundaryProvider @ webpack-internal:///(app-pages-browser)/./node_modules/next/dist/compiled/react-dom/cjs/react-dom-client.development.js:4426
[   45609ms] [TIMESTAMP] SegmentViewNode @ webpack-internal:///(app-pages-browser)/./node_modules/next/dist/compiled/react-dom/cjs/react-dom-client.development.js:4426
[   45609ms] [TIMESTAMP] SegmentTrieNode @ webpack-internal:///(app-pages-browser)/./node_modules/next/dist/compiled/react-dom/cjs/react-dom-client.development.js:4426
[   45614ms] [TIMESTAMP] NetworkStatus @ webpack-internal:///(app-pages-browser)/./node_modules/next/dist/compiled/react-dom/cjs/react-dom-client.development.js:4426
[   45615ms] [TIMESTAMP] NetworkStatus @ webpack-internal:///(app-pages-browser)/./node_modules/next/dist/compiled/react-dom/cjs/react-dom-client.development.js:4554
[   45616ms] [TIMESTAMP] OuterLayoutRouter @ webpack-internal:///(app-pages-browser)/./node_modules/next/dist/compiled/react-dom/cjs/react-dom-client.development.js:4426
[   45617ms] [TIMESTAMP] SegmentStateProvider @ webpack-internal:///(app-pages-browser)/./node_modules/next/dist/compiled/react-dom/cjs/react-dom-client.development.js:4426
[   45618ms] [TIMESTAMP] RenderFromTemplateContext @ webpack-internal:///(app-pages-browser)/./node_modules/next/dist/compiled/react-dom/cjs/react-dom-client.development.js:4426
[   45619ms] [TIMESTAMP] ScrollAndMaybeFocusHandler @ webpack-internal:///(app-pages-browser)/./node_modules/next/dist/compiled/react-dom/cjs/react-dom-client.development.js:4426
[   45621ms] [TIMESTAMP] InnerScrollAndFocusHandlerOld @ webpack-internal:///(app-pages-browser)/./node_modules/next/dist/compiled/react-dom/cjs/react-dom-client.development.js:4426
[   45624ms] [TIMESTAMP] ErrorBoundary @ webpack-internal:///(app-pages-browser)/./node_modules/next/dist/compiled/react-dom/cjs/react-dom-client.development.js:4426
[   45625ms] [TIMESTAMP] LoadingBoundary @ webpack-internal:///(app-pages-browser)/./node_modules/next/dist/compiled/react-dom/cjs/react-dom-client.development.js:4426
[   45627ms] [TIMESTAMP] SegmentViewStateNode @ webpack-internal:///(app-pages-browser)/./node_modules/next/dist/compiled/react-dom/cjs/react-dom-client.development.js:4426
[   45628ms] [TIMESTAMP] SegmentViewNode @ webpack-internal:///(app-pages-browser)/./node_modules/next/dist/compiled/react-dom/cjs/react-dom-client.development.js:4426
[   45629ms] [TIMESTAMP] SegmentViewNode @ webpack-internal:///(app-pages-browser)/./node_modules/next/dist/compiled/react-dom/cjs/react-dom-client.development.js:4426
[   45630ms] [TIMESTAMP] SegmentTrieNode @ webpack-internal:///(app-pages-browser)/./node_modules/next/dist/compiled/react-dom/cjs/react-dom-client.development.js:4426
[   45631ms] [TIMESTAMP] SegmentViewNode @ webpack-internal:///(app-pages-browser)/./node_modules/next/dist/compiled/react-dom/cjs/react-dom-client.development.js:4426
[   45633ms] [TIMESTAMP] ForwardRef(Toaster) @ webpack-internal:///(app-pages-browser)/./node_modules/next/dist/compiled/react-dom/cjs/react-dom-client.development.js:4426
[   45637ms] [TIMESTAMP] ForwardRef(Toaster) @ webpack-internal:///(app-pages-browser)/./node_modules/next/dist/compiled/react-dom/cjs/react-dom-client.development.js:4554
[   45638ms] [TIMESTAMP] AppRouterAnnouncer @ webpack-internal:///(app-pages-browser)/./node_modules/next/dist/compiled/react-dom/cjs/react-dom-client.development.js:4426
[   45645ms] [TIMESTAMP] AppRouterAnnouncer @ webpack-internal:///(app-pages-browser)/./node_modules/next/dist/compiled/react-dom/cjs/react-dom-client.development.js:4554
[   45646ms] [TIMESTAMP] HotReload @ webpack-internal:///(app-pages-browser)/./node_modules/next/dist/compiled/react-dom/cjs/react-dom-client.development.js:4554
[   45754ms] [TIMESTAMP] Router @ webpack-internal:///(app-pages-browser)/./node_modules/next/dist/compiled/react-dom/cjs/react-dom-client.development.js:4554
[   45767ms] [TIMESTAMP] Remaining Effects @ webpack-internal:///(app-pages-browser)/./node_modules/next/dist/compiled/react-dom/cjs/react-dom-client.development.js:19980
[   45793ms] [TIMESTAMP] Blocking Track @ webpack-internal:///(app-pages-browser)/./node_modules/next/dist/compiled/react-dom/cjs/react-dom-client.development.js:18271
[   45794ms] [TIMESTAMP] Transition Track @ webpack-internal:///(app-pages-browser)/./node_modules/next/dist/compiled/react-dom/cjs/react-dom-client.development.js:18279
[   45794ms] [TIMESTAMP] Suspense Track @ webpack-internal:///(app-pages-browser)/./node_modules/next/dist/compiled/react-dom/cjs/react-dom-client.development.js:18287
[   45795ms] [TIMESTAMP] Idle Track @ webpack-internal:///(app-pages-browser)/./node_modules/next/dist/compiled/react-dom/cjs/react-dom-client.development.js:18295
[   45812ms] [TIMESTAMP] Render @ webpack-internal:///(app-pages-browser)/./node_modules/next/dist/compiled/react-dom/cjs/react-dom-client.development.js:19292
[   45815ms] [TIMESTAMP] Commit @ webpack-internal:///(app-pages-browser)/./node_modules/next/dist/compiled/react-dom/cjs/react-dom-client.development.js:4724
[   45820ms] [TIMESTAMP] Waiting for Paint @ webpack-internal:///(app-pages-browser)/./node_modules/next/dist/compiled/react-dom/cjs/react-dom-client.development.js:19929
[   45828ms] [TIMESTAMP] AppRouterAnnouncer @ webpack-internal:///(app-pages-browser)/./node_modules/next/dist/compiled/react-dom/cjs/react-dom-client.development.js:4426
[   45833ms] [TIMESTAMP] Remaining Effects @ webpack-internal:///(app-pages-browser)/./node_modules/next/dist/compiled/react-dom/cjs/react-dom-client.development.js:19980
[   45836ms] [TIMESTAMP] Blocking Track @ webpack-internal:///(app-pages-browser)/./node_modules/next/dist/compiled/react-dom/cjs/react-dom-client.development.js:18271
[   45840ms] [TIMESTAMP] Transition Track @ webpack-internal:///(app-pages-browser)/./node_modules/next/dist/compiled/react-dom/cjs/react-dom-client.development.js:18279
[   45842ms] [TIMESTAMP] Suspense Track @ webpack-internal:///(app-pages-browser)/./node_modules/next/dist/compiled/react-dom/cjs/react-dom-client.development.js:18287
[   45844ms] [TIMESTAMP] Idle Track @ webpack-internal:///(app-pages-browser)/./node_modules/next/dist/compiled/react-dom/cjs/react-dom-client.development.js:18295
[   45848ms] [TIMESTAMP] Blocked @ webpack-internal:///(app-pages-browser)/./node_modules/next/dist/compiled/react-dom/cjs/react-dom-client.development.js:17801
[   45850ms] [TIMESTAMP] Render @ webpack-internal:///(app-pages-browser)/./node_modules/next/dist/compiled/react-dom/cjs/react-dom-client.development.js:19292
[   45852ms] [TIMESTAMP] Commit @ webpack-internal:///(app-pages-browser)/./node_modules/next/dist/compiled/react-dom/cjs/react-dom-client.development.js:4724
[   45865ms] [TIMESTAMP] Blocking Track @ webpack-internal:///(app-pages-browser)/./node_modules/next/dist/compiled/react-dom/cjs/react-dom-client.development.js:18271
[   45871ms] [TIMESTAMP] Transition Track @ webpack-internal:///(app-pages-browser)/./node_modules/next/dist/compiled/react-dom/cjs/react-dom-client.development.js:18279
[   45872ms] [TIMESTAMP] Suspense Track @ webpack-internal:///(app-pages-browser)/./node_modules/next/dist/compiled/react-dom/cjs/react-dom-client.development.js:18287
[   45875ms] [TIMESTAMP] Idle Track @ webpack-internal:///(app-pages-browser)/./node_modules/next/dist/compiled/react-dom/cjs/react-dom-client.development.js:18295
[   45911ms] [TIMESTAMP] Prepared @ webpack-internal:///(app-pages-browser)/./node_modules/next/dist/compiled/react-dom/cjs/react-dom-client.development.js:19292
[   45915ms] [TIMESTAMP] Commit @ webpack-internal:///(app-pages-browser)/./node_modules/next/dist/compiled/react-dom/cjs/react-dom-client.development.js:4724
[   45917ms] [TIMESTAMP] Waiting for Paint @ webpack-internal:///(app-pages-browser)/./node_modules/next/dist/compiled/react-dom/cjs/react-dom-client.development.js:19929
[   45917ms] [TIMESTAMP] IconMark @ webpack-internal:///(app-pages-browser)/./node_modules/next/dist/compiled/react-dom/cjs/react-dom-client.development.js:4426
[   45918ms] [TIMESTAMP] IconMark @ webpack-internal:///(app-pages-browser)/./node_modules/next/dist/compiled/react-dom/cjs/react-dom-client.development.js:4554
[   45922ms] [TIMESTAMP] HTTPAccessFallbackBoundary @ webpack-internal:///(app-pages-browser)/./node_modules/next/dist/compiled/react-dom/cjs/react-dom-client.development.js:4426
[   45924ms] [TIMESTAMP] HTTPAccessFallbackErrorBoundary @ webpack-internal:///(app-pages-browser)/./node_modules/next/dist/compiled/react-dom/cjs/react-dom-client.development.js:4426
[   45933ms] [TIMESTAMP] RedirectBoundary @ webpack-internal:///(app-pages-browser)/./node_modules/next/dist/compiled/react-dom/cjs/react-dom-client.development.js:4426
[   45935ms] [TIMESTAMP] RedirectErrorBoundary @ webpack-internal:///(app-pages-browser)/./node_modules/next/dist/compiled/react-dom/cjs/react-dom-client.development.js:4426
[   45937ms] [TIMESTAMP] InnerLayoutRouter @ webpack-internal:///(app-pages-browser)/./node_modules/next/dist/compiled/react-dom/cjs/react-dom-client.development.js:4426
[   45938ms] [TIMESTAMP] OuterLayoutRouter @ webpack-internal:///(app-pages-browser)/./node_modules/next/dist/compiled/react-dom/cjs/react-dom-client.development.js:4426
[   45939ms] [TIMESTAMP] SegmentStateProvider @ webpack-internal:///(app-pages-browser)/./node_modules/next/dist/compiled/react-dom/cjs/react-dom-client.development.js:4426
[   45940ms] [TIMESTAMP] RenderFromTemplateContext @ webpack-internal:///(app-pages-browser)/./node_modules/next/dist/compiled/react-dom/cjs/react-dom-client.development.js:4426
[   45943ms] [TIMESTAMP] ScrollAndMaybeFocusHandler @ webpack-internal:///(app-pages-browser)/./node_modules/next/dist/compiled/react-dom/cjs/react-dom-client.development.js:4426
[   45943ms] [TIMESTAMP] InnerScrollAndFocusHandlerOld @ webpack-internal:///(app-pages-browser)/./node_modules/next/dist/compiled/react-dom/cjs/react-dom-client.development.js:4426
[   45945ms] [TIMESTAMP] ErrorBoundary @ webpack-internal:///(app-pages-browser)/./node_modules/next/dist/compiled/react-dom/cjs/react-dom-client.development.js:4426
[   45945ms] [TIMESTAMP] LoadingBoundary @ webpack-internal:///(app-pages-browser)/./node_modules/next/dist/compiled/react-dom/cjs/react-dom-client.development.js:4426
[   45949ms] [TIMESTAMP] HTTPAccessFallbackBoundary @ webpack-internal:///(app-pages-browser)/./node_modules/next/dist/compiled/react-dom/cjs/react-dom-client.development.js:4426
[   45949ms] [TIMESTAMP] HTTPAccessFallbackErrorBoundary @ webpack-internal:///(app-pages-browser)/./node_modules/next/dist/compiled/react-dom/cjs/react-dom-client.development.js:4426
[   45952ms] [TIMESTAMP] RedirectBoundary @ webpack-internal:///(app-pages-browser)/./node_modules/next/dist/compiled/react-dom/cjs/react-dom-client.development.js:4426
[   45954ms] [TIMESTAMP] RedirectErrorBoundary @ webpack-internal:///(app-pages-browser)/./node_modules/next/dist/compiled/react-dom/cjs/react-dom-client.development.js:4426
[   45955ms] [TIMESTAMP] InnerLayoutRouter @ webpack-internal:///(app-pages-browser)/./node_modules/next/dist/compiled/react-dom/cjs/react-dom-client.development.js:4426
[   45955ms] [TIMESTAMP] OuterLayoutRouter @ webpack-internal:///(app-pages-browser)/./node_modules/next/dist/compiled/react-dom/cjs/react-dom-client.development.js:4426
[   45956ms] [TIMESTAMP] SegmentStateProvider @ webpack-internal:///(app-pages-browser)/./node_modules/next/dist/compiled/react-dom/cjs/react-dom-client.development.js:4426
[   45957ms] [TIMESTAMP] RenderFromTemplateContext @ webpack-internal:///(app-pages-browser)/./node_modules/next/dist/compiled/react-dom/cjs/react-dom-client.development.js:4426
[   45959ms] [TIMESTAMP] ScrollAndMaybeFocusHandler @ webpack-internal:///(app-pages-browser)/./node_modules/next/dist/compiled/react-dom/cjs/react-dom-client.development.js:4426
[   45960ms] [TIMESTAMP] InnerScrollAndFocusHandlerOld @ webpack-internal:///(app-pages-browser)/./node_modules/next/dist/compiled/react-dom/cjs/react-dom-client.development.js:4426
[   45962ms] [TIMESTAMP] ErrorBoundary @ webpack-internal:///(app-pages-browser)/./node_modules/next/dist/compiled/react-dom/cjs/react-dom-client.development.js:4426
[   45963ms] [TIMESTAMP] LoadingBoundary @ webpack-internal:///(app-pages-browser)/./node_modules/next/dist/compiled/react-dom/cjs/react-dom-client.development.js:4426
[   45964ms] [TIMESTAMP] HTTPAccessFallbackBoundary @ webpack-internal:///(app-pages-browser)/./node_modules/next/dist/compiled/react-dom/cjs/react-dom-client.development.js:4426
[   45965ms] [TIMESTAMP] RedirectBoundary @ webpack-internal:///(app-pages-browser)/./node_modules/next/dist/compiled/react-dom/cjs/react-dom-client.development.js:4426
[   45966ms] [TIMESTAMP] RedirectErrorBoundary @ webpack-internal:///(app-pages-browser)/./node_modules/next/dist/compiled/react-dom/cjs/react-dom-client.development.js:4426
[   45967ms] [TIMESTAMP] InnerLayoutRouter @ webpack-internal:///(app-pages-browser)/./node_modules/next/dist/compiled/react-dom/cjs/react-dom-client.development.js:4426
[   45971ms] [TIMESTAMP] SegmentViewNode @ webpack-internal:///(app-pages-browser)/./node_modules/next/dist/compiled/react-dom/cjs/react-dom-client.development.js:4426
[   45974ms] [TIMESTAMP] SegmentTrieNode @ webpack-internal:///(app-pages-browser)/./node_modules/next/dist/compiled/react-dom/cjs/react-dom-client.development.js:4426
[   45974ms] [TIMESTAMP] ClientPageRoot @ webpack-internal:///(app-pages-browser)/./node_modules/next/dist/compiled/react-dom/cjs/react-dom-client.development.js:4426
[   45975ms] [TIMESTAMP] Page @ webpack-internal:///(app-pages-browser)/./node_modules/next/dist/compiled/react-dom/cjs/react-dom-client.development.js:4426
[   45976ms] [TIMESTAMP] __next_outlet_boundary__ @ webpack-internal:///(app-pages-browser)/./node_modules/next/dist/compiled/react-dom/cjs/react-dom-client.development.js:4426
[   45980ms] [TIMESTAMP] SegmentViewStateNode @ webpack-internal:///(app-pages-browser)/./node_modules/next/dist/compiled/react-dom/cjs/react-dom-client.development.js:4426
[   45981ms] [TIMESTAMP] SegmentViewStateNode @ webpack-internal:///(app-pages-browser)/./node_modules/next/dist/compiled/react-dom/cjs/react-dom-client.development.js:4426
[   45981ms] [TIMESTAMP] Remaining Effects @ webpack-internal:///(app-pages-browser)/./node_modules/next/dist/compiled/react-dom/cjs/react-dom-client.development.js:19980
[   45988ms] [TIMESTAMP] Blocking Track @ webpack-internal:///(app-pages-browser)/./node_modules/next/dist/compiled/react-dom/cjs/react-dom-client.development.js:18271
[   45989ms] [TIMESTAMP] Transition Track @ webpack-internal:///(app-pages-browser)/./node_modules/next/dist/compiled/react-dom/cjs/react-dom-client.development.js:18279
[   45990ms] [TIMESTAMP] Suspense Track @ webpack-internal:///(app-pages-browser)/./node_modules/next/dist/compiled/react-dom/cjs/react-dom-client.development.js:18287
[   45990ms] [TIMESTAMP] Idle Track @ webpack-internal:///(app-pages-browser)/./node_modules/next/dist/compiled/react-dom/cjs/react-dom-client.development.js:18295
[   45996ms] [TIMESTAMP] Render @ webpack-internal:///(app-pages-browser)/./node_modules/next/dist/compiled/react-dom/cjs/react-dom-client.development.js:19292
[   45997ms] [TIMESTAMP] Commit @ webpack-internal:///(app-pages-browser)/./node_modules/next/dist/compiled/react-dom/cjs/react-dom-client.development.js:4724
[   45997ms] [TIMESTAMP] Blocking Track @ webpack-internal:///(app-pages-browser)/./node_modules/next/dist/compiled/react-dom/cjs/react-dom-client.development.js:18271
[   45998ms] [TIMESTAMP] Transition Track @ webpack-internal:///(app-pages-browser)/./node_modules/next/dist/compiled/react-dom/cjs/react-dom-client.development.js:18279
[   45999ms] [TIMESTAMP] Suspense Track @ webpack-internal:///(app-pages-browser)/./node_modules/next/dist/compiled/react-dom/cjs/react-dom-client.development.js:18287
[   46000ms] [TIMESTAMP] Idle Track @ webpack-internal:///(app-pages-browser)/./node_modules/next/dist/compiled/react-dom/cjs/react-dom-client.development.js:18295
[   46025ms] [TIMESTAMP] Prepared @ webpack-internal:///(app-pages-browser)/./node_modules/next/dist/compiled/react-dom/cjs/react-dom-client.development.js:19292
[   46029ms] [TIMESTAMP] Commit @ webpack-internal:///(app-pages-browser)/./node_modules/next/dist/compiled/react-dom/cjs/react-dom-client.development.js:4724
[   46030ms] [TIMESTAMP] Waiting for Paint @ webpack-internal:///(app-pages-browser)/./node_modules/next/dist/compiled/react-dom/cjs/react-dom-client.development.js:19929
[   46031ms] [TIMESTAMP] LoginInner @ webpack-internal:///(app-pages-browser)/./node_modules/next/dist/compiled/react-dom/cjs/react-dom-client.development.js:4426
[   46034ms] [TIMESTAMP] JSXStyle @ webpack-internal:///(app-pages-browser)/./node_modules/next/dist/compiled/react-dom/cjs/react-dom-client.development.js:4426
[   46034ms] [TIMESTAMP] Remaining Effects @ webpack-internal:///(app-pages-browser)/./node_modules/next/dist/compiled/react-dom/cjs/react-dom-client.development.js:19980
[  112775ms] [TIMESTAMP] Blocking Track @ webpack-internal:///(app-pages-browser)/./node_modules/next/dist/compiled/react-dom/cjs/react-dom-client.development.js:18271
[  112778ms] [TIMESTAMP] Transition Track @ webpack-internal:///(app-pages-browser)/./node_modules/next/dist/compiled/react-dom/cjs/react-dom-client.development.js:18279
[  112779ms] [TIMESTAMP] Suspense Track @ webpack-internal:///(app-pages-browser)/./node_modules/next/dist/compiled/react-dom/cjs/react-dom-client.development.js:18287
[  112783ms] [TIMESTAMP] Idle Track @ webpack-internal:///(app-pages-browser)/./node_modules/next/dist/compiled/react-dom/cjs/react-dom-client.development.js:18295
[  112785ms] [TIMESTAMP] Event: input @ webpack-internal:///(app-pages-browser)/./node_modules/next/dist/compiled/react-dom/cjs/react-dom-client.development.js:18414
[  112805ms] [TIMESTAMP] Render @ webpack-internal:///(app-pages-browser)/./node_modules/next/dist/compiled/react-dom/cjs/react-dom-client.development.js:19292
[  112817ms] [TIMESTAMP] Commit @ webpack-internal:///(app-pages-browser)/./node_modules/next/dist/compiled/react-dom/cjs/react-dom-client.development.js:4724
[  112818ms] [TIMESTAMP] Waiting @ webpack-internal:///(app-pages-browser)/./node_modules/next/dist/compiled/react-dom/cjs/react-dom-client.development.js:19929
[  112819ms] [TIMESTAMP] LoginInner @ webpack-internal:///(app-pages-browser)/./node_modules/next/dist/compiled/react-dom/cjs/react-dom-client.development.js:4426
[  112822ms] [TIMESTAMP] JSXStyle @ webpack-internal:///(app-pages-browser)/./node_modules/next/dist/compiled/react-dom/cjs/react-dom-client.development.js:4406
[  112827ms] [TIMESTAMP] Remaining Effects @ webpack-internal:///(app-pages-browser)/./node_modules/next/dist/compiled/react-dom/cjs/react-dom-client.development.js:19980
[  113079ms] [TIMESTAMP] Blocking Track @ webpack-internal:///(app-pages-browser)/./node_modules/next/dist/compiled/react-dom/cjs/react-dom-client.development.js:18271
[  113081ms] [TIMESTAMP] Transition Track @ webpack-internal:///(app-pages-browser)/./node_modules/next/dist/compiled/react-dom/cjs/react-dom-client.development.js:18279
[  113083ms] [TIMESTAMP] Suspense Track @ webpack-internal:///(app-pages-browser)/./node_modules/next/dist/compiled/react-dom/cjs/react-dom-client.development.js:18287
[  113089ms] [TIMESTAMP] Idle Track @ webpack-internal:///(app-pages-browser)/./node_modules/next/dist/compiled/react-dom/cjs/react-dom-client.development.js:18295
[  113090ms] [TIMESTAMP] Event: input @ webpack-internal:///(app-pages-browser)/./node_modules/next/dist/compiled/react-dom/cjs/react-dom-client.development.js:18414
[  113100ms] [TIMESTAMP] Render @ webpack-internal:///(app-pages-browser)/./node_modules/next/dist/compiled/react-dom/cjs/react-dom-client.development.js:19292
[  113103ms] [TIMESTAMP] Commit @ webpack-internal:///(app-pages-browser)/./node_modules/next/dist/compiled/react-dom/cjs/react-dom-client.development.js:4724
[  113104ms] [TIMESTAMP] LoginInner @ webpack-internal:///(app-pages-browser)/./node_modules/next/dist/compiled/react-dom/cjs/react-dom-client.development.js:4426
[  113104ms] [TIMESTAMP] JSXStyle @ webpack-internal:///(app-pages-browser)/./node_modules/next/dist/compiled/react-dom/cjs/react-dom-client.development.js:4406
[  113115ms] [TIMESTAMP] Remaining Effects @ webpack-internal:///(app-pages-browser)/./node_modules/next/dist/compiled/react-dom/cjs/react-dom-client.development.js:19980
[  113237ms] [TIMESTAMP] Blocking Track @ webpack-internal:///(app-pages-browser)/./node_modules/next/dist/compiled/react-dom/cjs/react-dom-client.development.js:18271
[  113238ms] [TIMESTAMP] Transition Track @ webpack-internal:///(app-pages-browser)/./node_modules/next/dist/compiled/react-dom/cjs/react-dom-client.development.js:18279
[  113239ms] [TIMESTAMP] Suspense Track @ webpack-internal:///(app-pages-browser)/./node_modules/next/dist/compiled/react-dom/cjs/react-dom-client.development.js:18287
[  113240ms] [TIMESTAMP] Idle Track @ webpack-internal:///(app-pages-browser)/./node_modules/next/dist/compiled/react-dom/cjs/react-dom-client.development.js:18295
[  113257ms] [TIMESTAMP] Render @ webpack-internal:///(app-pages-browser)/./node_modules/next/dist/compiled/react-dom/cjs/react-dom-client.development.js:19292
[  113260ms] [TIMESTAMP] Commit @ webpack-internal:///(app-pages-browser)/./node_modules/next/dist/compiled/react-dom/cjs/react-dom-client.development.js:4724
[  113262ms] [TIMESTAMP] LoginInner @ webpack-internal:///(app-pages-browser)/./node_modules/next/dist/compiled/react-dom/cjs/react-dom-client.development.js:4426
[  113264ms] [TIMESTAMP] JSXStyle @ webpack-internal:///(app-pages-browser)/./node_modules/next/dist/compiled/react-dom/cjs/react-dom-client.development.js:4406
[  113270ms] [TIMESTAMP] Remaining Effects @ webpack-internal:///(app-pages-browser)/./node_modules/next/dist/compiled/react-dom/cjs/react-dom-client.development.js:19980
[  113483ms] [TIMESTAMP] Blocking Track @ webpack-internal:///(app-pages-browser)/./node_modules/next/dist/compiled/react-dom/cjs/react-dom-client.development.js:18271
[  113485ms] [TIMESTAMP] Transition Track @ webpack-internal:///(app-pages-browser)/./node_modules/next/dist/compiled/react-dom/cjs/react-dom-client.development.js:18279
[  113486ms] [TIMESTAMP] Suspense Track @ webpack-internal:///(app-pages-browser)/./node_modules/next/dist/compiled/react-dom/cjs/react-dom-client.development.js:18287
[  113487ms] [TIMESTAMP] Idle Track @ webpack-internal:///(app-pages-browser)/./node_modules/next/dist/compiled/react-dom/cjs/react-dom-client.development.js:18295
[  113487ms] [TIMESTAMP] Event: input @ webpack-internal:///(app-pages-browser)/./node_modules/next/dist/compiled/react-dom/cjs/react-dom-client.development.js:18414
[  113496ms] [TIMESTAMP] Render @ webpack-internal:///(app-pages-browser)/./node_modules/next/dist/compiled/react-dom/cjs/react-dom-client.development.js:19292
[  113506ms] [TIMESTAMP] Commit @ webpack-internal:///(app-pages-browser)/./node_modules/next/dist/compiled/react-dom/cjs/react-dom-client.development.js:4724
[  113506ms] [TIMESTAMP] Waiting @ webpack-internal:///(app-pages-browser)/./node_modules/next/dist/compiled/react-dom/cjs/react-dom-client.development.js:19929
[  113507ms] [TIMESTAMP] LoginInner @ webpack-internal:///(app-pages-browser)/./node_modules/next/dist/compiled/react-dom/cjs/react-dom-client.development.js:4426
[  113507ms] [TIMESTAMP] JSXStyle @ webpack-internal:///(app-pages-browser)/./node_modules/next/dist/compiled/react-dom/cjs/react-dom-client.development.js:4406
[  113513ms] [TIMESTAMP] Remaining Effects @ webpack-internal:///(app-pages-browser)/./node_modules/next/dist/compiled/react-dom/cjs/react-dom-client.development.js:19980
[  113797ms] [TIMESTAMP] Blocking Track @ webpack-internal:///(app-pages-browser)/./node_modules/next/dist/compiled/react-dom/cjs/react-dom-client.development.js:18271
[  113801ms] [TIMESTAMP] Transition Track @ webpack-internal:///(app-pages-browser)/./node_modules/next/dist/compiled/react-dom/cjs/react-dom-client.development.js:18279
[  113803ms] [TIMESTAMP] Suspense Track @ webpack-internal:///(app-pages-browser)/./node_modules/next/dist/compiled/react-dom/cjs/react-dom-client.development.js:18287
[  113803ms] [TIMESTAMP] Idle Track @ webpack-internal:///(app-pages-browser)/./node_modules/next/dist/compiled/react-dom/cjs/react-dom-client.development.js:18295
[  113816ms] [TIMESTAMP] Render @ webpack-internal:///(app-pages-browser)/./node_modules/next/dist/compiled/react-dom/cjs/react-dom-client.development.js:19292
[  113823ms] [TIMESTAMP] Commit @ webpack-internal:///(app-pages-browser)/./node_modules/next/dist/compiled/react-dom/cjs/react-dom-client.development.js:4724
[  113824ms] [TIMESTAMP] Waiting @ webpack-internal:///(app-pages-browser)/./node_modules/next/dist/compiled/react-dom/cjs/react-dom-client.development.js:19929
[  113824ms] [TIMESTAMP] LoginInner @ webpack-internal:///(app-pages-browser)/./node_modules/next/dist/compiled/react-dom/cjs/react-dom-client.development.js:4426
[  113825ms] [TIMESTAMP] JSXStyle @ webpack-internal:///(app-pages-browser)/./node_modules/next/dist/compiled/react-dom/cjs/react-dom-client.development.js:4406
[  113826ms] [TIMESTAMP] Remaining Effects @ webpack-internal:///(app-pages-browser)/./node_modules/next/dist/compiled/react-dom/cjs/react-dom-client.development.js:19980
[  114601ms] [TIMESTAMP] Blocking Track @ webpack-internal:///(app-pages-browser)/./node_modules/next/dist/compiled/react-dom/cjs/react-dom-client.development.js:18271
[  114603ms] [TIMESTAMP] Transition Track @ webpack-internal:///(app-pages-browser)/./node_modules/next/dist/compiled/react-dom/cjs/react-dom-client.development.js:18279
[  114604ms] [TIMESTAMP] Suspense Track @ webpack-internal:///(app-pages-browser)/./node_modules/next/dist/compiled/react-dom/cjs/react-dom-client.development.js:18287
[  114604ms] [TIMESTAMP] Idle Track @ webpack-internal:///(app-pages-browser)/./node_modules/next/dist/compiled/react-dom/cjs/react-dom-client.development.js:18295
[  114610ms] [TIMESTAMP] Render @ webpack-internal:///(app-pages-browser)/./node_modules/next/dist/compiled/react-dom/cjs/react-dom-client.development.js:19292
[  114629ms] [TIMESTAMP] Commit @ webpack-internal:///(app-pages-browser)/./node_modules/next/dist/compiled/react-dom/cjs/react-dom-client.development.js:4724
[  114630ms] [TIMESTAMP] Waiting @ webpack-internal:///(app-pages-browser)/./node_modules/next/dist/compiled/react-dom/cjs/react-dom-client.development.js:19929
[  114630ms] [TIMESTAMP] LoginInner @ webpack-internal:///(app-pages-browser)/./node_modules/next/dist/compiled/react-dom/cjs/react-dom-client.development.js:4426
[  114632ms] [TIMESTAMP] JSXStyle @ webpack-internal:///(app-pages-browser)/./node_modules/next/dist/compiled/react-dom/cjs/react-dom-client.development.js:4406
[  114635ms] [TIMESTAMP] Remaining Effects @ webpack-internal:///(app-pages-browser)/./node_modules/next/dist/compiled/react-dom/cjs/react-dom-client.development.js:19980
[  114876ms] [TIMESTAMP] Blocking Track @ webpack-internal:///(app-pages-browser)/./node_modules/next/dist/compiled/react-dom/cjs/react-dom-client.development.js:18271
[  114881ms] [TIMESTAMP] Transition Track @ webpack-internal:///(app-pages-browser)/./node_modules/next/dist/compiled/react-dom/cjs/react-dom-client.development.js:18279
[  114881ms] [TIMESTAMP] Suspense Track @ webpack-internal:///(app-pages-browser)/./node_modules/next/dist/compiled/react-dom/cjs/react-dom-client.development.js:18287
[  114882ms] [TIMESTAMP] Idle Track @ webpack-internal:///(app-pages-browser)/./node_modules/next/dist/compiled/react-dom/cjs/react-dom-client.development.js:18295
[  114882ms] [TIMESTAMP] Event: input @ webpack-internal:///(app-pages-browser)/./node_modules/next/dist/compiled/react-dom/cjs/react-dom-client.development.js:18414
[  114895ms] [TIMESTAMP] Render @ webpack-internal:///(app-pages-browser)/./node_modules/next/dist/compiled/react-dom/cjs/react-dom-client.development.js:19292
[  114902ms] [TIMESTAMP] Commit @ webpack-internal:///(app-pages-browser)/./node_modules/next/dist/compiled/react-dom/cjs/react-dom-client.development.js:4724
[  114903ms] [TIMESTAMP] Waiting @ webpack-internal:///(app-pages-browser)/./node_modules/next/dist/compiled/react-dom/cjs/react-dom-client.development.js:19929
[  114904ms] [TIMESTAMP] LoginInner @ webpack-internal:///(app-pages-browser)/./node_modules/next/dist/compiled/react-dom/cjs/react-dom-client.development.js:4426
[  114904ms] [TIMESTAMP] JSXStyle @ webpack-internal:///(app-pages-browser)/./node_modules/next/dist/compiled/react-dom/cjs/react-dom-client.development.js:4406
[  114904ms] [TIMESTAMP] Remaining Effects @ webpack-internal:///(app-pages-browser)/./node_modules/next/dist/compiled/react-dom/cjs/react-dom-client.development.js:19980
[  115487ms] [TIMESTAMP] Blocking Track @ webpack-internal:///(app-pages-browser)/./node_modules/next/dist/compiled/react-dom/cjs/react-dom-client.development.js:18271
[  115495ms] [TIMESTAMP] Transition Track @ webpack-internal:///(app-pages-browser)/./node_modules/next/dist/compiled/react-dom/cjs/react-dom-client.development.js:18279
[  115497ms] [TIMESTAMP] Suspense Track @ webpack-internal:///(app-pages-browser)/./node_modules/next/dist/compiled/react-dom/cjs/react-dom-client.development.js:18287
[  115499ms] [TIMESTAMP] Idle Track @ webpack-internal:///(app-pages-browser)/./node_modules/next/dist/compiled/react-dom/cjs/react-dom-client.development.js:18295
[  115499ms] [TIMESTAMP] Event: input @ webpack-internal:///(app-pages-browser)/./node_modules/next/dist/compiled/react-dom/cjs/react-dom-client.development.js:18414
[  115510ms] [TIMESTAMP] Render @ webpack-internal:///(app-pages-browser)/./node_modules/next/dist/compiled/react-dom/cjs/react-dom-client.development.js:19292
[  115519ms] [TIMESTAMP] Commit @ webpack-internal:///(app-pages-browser)/./node_modules/next/dist/compiled/react-dom/cjs/react-dom-client.development.js:4724
[  115520ms] [TIMESTAMP] LoginInner @ webpack-internal:///(app-pages-browser)/./node_modules/next/dist/compiled/react-dom/cjs/react-dom-client.development.js:4426
[  115520ms] [TIMESTAMP] JSXStyle @ webpack-internal:///(app-pages-browser)/./node_modules/next/dist/compiled/react-dom/cjs/react-dom-client.development.js:4406
[  115520ms] [TIMESTAMP] Remaining Effects @ webpack-internal:///(app-pages-browser)/./node_modules/next/dist/compiled/react-dom/cjs/react-dom-client.development.js:19980
[  116092ms] [TIMESTAMP] Blocking Track @ webpack-internal:///(app-pages-browser)/./node_modules/next/dist/compiled/react-dom/cjs/react-dom-client.development.js:18271
[  116092ms] [TIMESTAMP] Transition Track @ webpack-internal:///(app-pages-browser)/./node_modules/next/dist/compiled/react-dom/cjs/react-dom-client.development.js:18279
[  116097ms] [TIMESTAMP] Suspense Track @ webpack-internal:///(app-pages-browser)/./node_modules/next/dist/compiled/react-dom/cjs/react-dom-client.development.js:18287
[  116098ms] [TIMESTAMP] Idle Track @ webpack-internal:///(app-pages-browser)/./node_modules/next/dist/compiled/react-dom/cjs/react-dom-client.development.js:18295
[  116098ms] [TIMESTAMP] Event: input @ webpack-internal:///(app-pages-browser)/./node_modules/next/dist/compiled/react-dom/cjs/react-dom-client.development.js:18414
[  116109ms] [TIMESTAMP] Render @ webpack-internal:///(app-pages-browser)/./node_modules/next/dist/compiled/react-dom/cjs/react-dom-client.development.js:19292
[  116113ms] [TIMESTAMP] Commit @ webpack-internal:///(app-pages-browser)/./node_modules/next/dist/compiled/react-dom/cjs/react-dom-client.development.js:4724
[  116116ms] [TIMESTAMP] Waiting @ webpack-internal:///(app-pages-browser)/./node_modules/next/dist/compiled/react-dom/cjs/react-dom-client.development.js:19929
[  116116ms] [TIMESTAMP] LoginInner @ webpack-internal:///(app-pages-browser)/./node_modules/next/dist/compiled/react-dom/cjs/react-dom-client.development.js:4426
[  116118ms] [TIMESTAMP] Remaining Effects @ webpack-internal:///(app-pages-browser)/./node_modules/next/dist/compiled/react-dom/cjs/react-dom-client.development.js:19980
[  116767ms] [TIMESTAMP] Blocking Track @ webpack-internal:///(app-pages-browser)/./node_modules/next/dist/compiled/react-dom/cjs/react-dom-client.development.js:18271
[  116769ms] [TIMESTAMP] Transition Track @ webpack-internal:///(app-pages-browser)/./node_modules/next/dist/compiled/react-dom/cjs/react-dom-client.development.js:18279
[  116769ms] [TIMESTAMP] Suspense Track @ webpack-internal:///(app-pages-browser)/./node_modules/next/dist/compiled/react-dom/cjs/react-dom-client.development.js:18287
[  116772ms] [TIMESTAMP] Idle Track @ webpack-internal:///(app-pages-browser)/./node_modules/next/dist/compiled/react-dom/cjs/react-dom-client.development.js:18295
[  116776ms] [TIMESTAMP] Render @ webpack-internal:///(app-pages-browser)/./node_modules/next/dist/compiled/react-dom/cjs/react-dom-client.development.js:19292
[  116786ms] [TIMESTAMP] Commit @ webpack-internal:///(app-pages-browser)/./node_modules/next/dist/compiled/react-dom/cjs/react-dom-client.development.js:4724
[  116787ms] [TIMESTAMP] Waiting @ webpack-internal:///(app-pages-browser)/./node_modules/next/dist/compiled/react-dom/cjs/react-dom-client.development.js:19929
[  116787ms] [TIMESTAMP] LoginInner @ webpack-internal:///(app-pages-browser)/./node_modules/next/dist/compiled/react-dom/cjs/react-dom-client.development.js:4426
[  116790ms] [TIMESTAMP] Remaining Effects @ webpack-internal:///(app-pages-browser)/./node_modules/next/dist/compiled/react-dom/cjs/react-dom-client.development.js:19980
[  118683ms] [TIMESTAMP] Blocking Track @ webpack-internal:///(app-pages-browser)/./node_modules/next/dist/compiled/react-dom/cjs/react-dom-client.development.js:18271
[  118698ms] [TIMESTAMP] Transition Track @ webpack-internal:///(app-pages-browser)/./node_modules/next/dist/compiled/react-dom/cjs/react-dom-client.development.js:18279
[  118699ms] [TIMESTAMP] Suspense Track @ webpack-internal:///(app-pages-browser)/./node_modules/next/dist/compiled/react-dom/cjs/react-dom-client.development.js:18287
[  118705ms] [TIMESTAMP] Idle Track @ webpack-internal:///(app-pages-browser)/./node_modules/next/dist/compiled/react-dom/cjs/react-dom-client.development.js:18295
[  118705ms] [TIMESTAMP] Event: input @ webpack-internal:///(app-pages-browser)/./node_modules/next/dist/compiled/react-dom/cjs/react-dom-client.development.js:18414
[  118706ms] [TIMESTAMP] Render @ webpack-internal:///(app-pages-browser)/./node_modules/next/dist/compiled/react-dom/cjs/react-dom-client.development.js:19292
[  118720ms] [TIMESTAMP] Commit @ webpack-internal:///(app-pages-browser)/./node_modules/next/dist/compiled/react-dom/cjs/react-dom-client.development.js:4724
[  118721ms] [TIMESTAMP] Waiting @ webpack-internal:///(app-pages-browser)/./node_modules/next/dist/compiled/react-dom/cjs/react-dom-client.development.js:19929
[  118724ms] [TIMESTAMP] LoginInner @ webpack-internal:///(app-pages-browser)/./node_modules/next/dist/compiled/react-dom/cjs/react-dom-client.development.js:4426
[  118733ms] [TIMESTAMP] JSXStyle @ webpack-internal:///(app-pages-browser)/./node_modules/next/dist/compiled/react-dom/cjs/react-dom-client.development.js:4406
[  118953ms] [TIMESTAMP] Blocking Track @ webpack-internal:///(app-pages-browser)/./node_modules/next/dist/compiled/react-dom/cjs/react-dom-client.development.js:18271
[  118954ms] [TIMESTAMP] Transition Track @ webpack-internal:///(app-pages-browser)/./node_modules/next/dist/compiled/react-dom/cjs/react-dom-client.development.js:18279
[  118961ms] [TIMESTAMP] Suspense Track @ webpack-internal:///(app-pages-browser)/./node_modules/next/dist/compiled/react-dom/cjs/react-dom-client.development.js:18287
[  118961ms] [TIMESTAMP] Idle Track @ webpack-internal:///(app-pages-browser)/./node_modules/next/dist/compiled/react-dom/cjs/react-dom-client.development.js:18295
[  118962ms] [TIMESTAMP] Event: input @ webpack-internal:///(app-pages-browser)/./node_modules/next/dist/compiled/react-dom/cjs/react-dom-client.development.js:18414
[  118991ms] [TIMESTAMP] Render @ webpack-internal:///(app-pages-browser)/./node_modules/next/dist/compiled/react-dom/cjs/react-dom-client.development.js:19292
[  118996ms] [TIMESTAMP] Commit @ webpack-internal:///(app-pages-browser)/./node_modules/next/dist/compiled/react-dom/cjs/react-dom-client.development.js:4724
[  118999ms] [TIMESTAMP] Waiting @ webpack-internal:///(app-pages-browser)/./node_modules/next/dist/compiled/react-dom/cjs/react-dom-client.development.js:19929
[  119000ms] [TIMESTAMP] LoginInner @ webpack-internal:///(app-pages-browser)/./node_modules/next/dist/compiled/react-dom/cjs/react-dom-client.development.js:4426
[  119001ms] [TIMESTAMP] JSXStyle @ webpack-internal:///(app-pages-browser)/./node_modules/next/dist/compiled/react-dom/cjs/react-dom-client.development.js:4406
[  119015ms] [TIMESTAMP] Remaining Effects @ webpack-internal:///(app-pages-browser)/./node_modules/next/dist/compiled/react-dom/cjs/react-dom-client.development.js:19980
[  119169ms] [TIMESTAMP] Blocking Track @ webpack-internal:///(app-pages-browser)/./node_modules/next/dist/compiled/react-dom/cjs/react-dom-client.development.js:18271
[  119171ms] [TIMESTAMP] Transition Track @ webpack-internal:///(app-pages-browser)/./node_modules/next/dist/compiled/react-dom/cjs/react-dom-client.development.js:18279
[  119174ms] [TIMESTAMP] Suspense Track @ webpack-internal:///(app-pages-browser)/./node_modules/next/dist/compiled/react-dom/cjs/react-dom-client.development.js:18287
[  119175ms] [TIMESTAMP] Idle Track @ webpack-internal:///(app-pages-browser)/./node_modules/next/dist/compiled/react-dom/cjs/react-dom-client.development.js:18295
[  119200ms] [TIMESTAMP] Render @ webpack-internal:///(app-pages-browser)/./node_modules/next/dist/compiled/react-dom/cjs/react-dom-client.development.js:19292
[  119202ms] [TIMESTAMP] Commit @ webpack-internal:///(app-pages-browser)/./node_modules/next/dist/compiled/react-dom/cjs/react-dom-client.development.js:4724
[  119202ms] [TIMESTAMP] Waiting @ webpack-internal:///(app-pages-browser)/./node_modules/next/dist/compiled/react-dom/cjs/react-dom-client.development.js:19929
[  119204ms] [TIMESTAMP] LoginInner @ webpack-internal:///(app-pages-browser)/./node_modules/next/dist/compiled/react-dom/cjs/react-dom-client.development.js:4426
[  119206ms] [TIMESTAMP] JSXStyle @ webpack-internal:///(app-pages-browser)/./node_modules/next/dist/compiled/react-dom/cjs/react-dom-client.development.js:4406
[  119207ms] [TIMESTAMP] Remaining Effects @ webpack-internal:///(app-pages-browser)/./node_modules/next/dist/compiled/react-dom/cjs/react-dom-client.development.js:19980
[  119297ms] [TIMESTAMP] Blocking Track @ webpack-internal:///(app-pages-browser)/./node_modules/next/dist/compiled/react-dom/cjs/react-dom-client.development.js:18271
[  119298ms] [TIMESTAMP] Transition Track @ webpack-internal:///(app-pages-browser)/./node_modules/next/dist/compiled/react-dom/cjs/react-dom-client.development.js:18279
[  119298ms] [TIMESTAMP] Suspense Track @ webpack-internal:///(app-pages-browser)/./node_modules/next/dist/compiled/react-dom/cjs/react-dom-client.development.js:18287
[  119302ms] [TIMESTAMP] Idle Track @ webpack-internal:///(app-pages-browser)/./node_modules/next/dist/compiled/react-dom/cjs/react-dom-client.development.js:18295
[  119303ms] [TIMESTAMP] Event: input @ webpack-internal:///(app-pages-browser)/./node_modules/next/dist/compiled/react-dom/cjs/react-dom-client.development.js:18414
[  119318ms] [TIMESTAMP] Render @ webpack-internal:///(app-pages-browser)/./node_modules/next/dist/compiled/react-dom/cjs/react-dom-client.development.js:19292
[  119321ms] [TIMESTAMP] Commit @ webpack-internal:///(app-pages-browser)/./node_modules/next/dist/compiled/react-dom/cjs/react-dom-client.development.js:4724
[  119329ms] [TIMESTAMP] Waiting @ webpack-internal:///(app-pages-browser)/./node_modules/next/dist/compiled/react-dom/cjs/react-dom-client.development.js:19929
[  119336ms] [TIMESTAMP] LoginInner @ webpack-internal:///(app-pages-browser)/./node_modules/next/dist/compiled/react-dom/cjs/react-dom-client.development.js:4426
[  119336ms] [TIMESTAMP] JSXStyle @ webpack-internal:///(app-pages-browser)/./node_modules/next/dist/compiled/react-dom/cjs/react-dom-client.development.js:4406
[  119338ms] [TIMESTAMP] Remaining Effects @ webpack-internal:///(app-pages-browser)/./node_modules/next/dist/compiled/react-dom/cjs/react-dom-client.development.js:19980
[  119488ms] [TIMESTAMP] Blocking Track @ webpack-internal:///(app-pages-browser)/./node_modules/next/dist/compiled/react-dom/cjs/react-dom-client.development.js:18271
[  119489ms] [TIMESTAMP] Transition Track @ webpack-internal:///(app-pages-browser)/./node_modules/next/dist/compiled/react-dom/cjs/react-dom-client.development.js:18279
[  119491ms] [TIMESTAMP] Suspense Track @ webpack-internal:///(app-pages-browser)/./node_modules/next/dist/compiled/react-dom/cjs/react-dom-client.development.js:18287
[  119491ms] [TIMESTAMP] Idle Track @ webpack-internal:///(app-pages-browser)/./node_modules/next/dist/compiled/react-dom/cjs/react-dom-client.development.js:18295
[  119495ms] [TIMESTAMP] Event: input @ webpack-internal:///(app-pages-browser)/./node_modules/next/dist/compiled/react-dom/cjs/react-dom-client.development.js:18414
[  119500ms] [TIMESTAMP] Render @ webpack-internal:///(app-pages-browser)/./node_modules/next/dist/compiled/react-dom/cjs/react-dom-client.development.js:19292
[  119511ms] [TIMESTAMP] Commit @ webpack-internal:///(app-pages-browser)/./node_modules/next/dist/compiled/react-dom/cjs/react-dom-client.development.js:4724
[  119511ms] [TIMESTAMP] Waiting @ webpack-internal:///(app-pages-browser)/./node_modules/next/dist/compiled/react-dom/cjs/react-dom-client.development.js:19929
[  119513ms] [TIMESTAMP] LoginInner @ webpack-internal:///(app-pages-browser)/./node_modules/next/dist/compiled/react-dom/cjs/react-dom-client.development.js:4426
[  119519ms] [TIMESTAMP] JSXStyle @ webpack-internal:///(app-pages-browser)/./node_modules/next/dist/compiled/react-dom/cjs/react-dom-client.development.js:4406
[  119520ms] [TIMESTAMP] Remaining Effects @ webpack-internal:///(app-pages-browser)/./node_modules/next/dist/compiled/react-dom/cjs/react-dom-client.development.js:19980
[  119988ms] [TIMESTAMP] Blocking Track @ webpack-internal:///(app-pages-browser)/./node_modules/next/dist/compiled/react-dom/cjs/react-dom-client.development.js:18271
[  119989ms] [TIMESTAMP] Transition Track @ webpack-internal:///(app-pages-browser)/./node_modules/next/dist/compiled/react-dom/cjs/react-dom-client.development.js:18279
[  119990ms] [TIMESTAMP] Suspense Track @ webpack-internal:///(app-pages-browser)/./node_modules/next/dist/compiled/react-dom/cjs/react-dom-client.development.js:18287
[  119991ms] [TIMESTAMP] Idle Track @ webpack-internal:///(app-pages-browser)/./node_modules/next/dist/compiled/react-dom/cjs/react-dom-client.development.js:18295
[  120003ms] [TIMESTAMP] Render @ webpack-internal:///(app-pages-browser)/./node_modules/next/dist/compiled/react-dom/cjs/react-dom-client.development.js:19292
[  120003ms] [TIMESTAMP] Commit @ webpack-internal:///(app-pages-browser)/./node_modules/next/dist/compiled/react-dom/cjs/react-dom-client.development.js:4724
[  120004ms] [TIMESTAMP] LoginInner @ webpack-internal:///(app-pages-browser)/./node_modules/next/dist/compiled/react-dom/cjs/react-dom-client.development.js:4426
[  120011ms] [TIMESTAMP] JSXStyle @ webpack-internal:///(app-pages-browser)/./node_modules/next/dist/compiled/react-dom/cjs/react-dom-client.development.js:4406
[  120011ms] [TIMESTAMP] Remaining Effects @ webpack-internal:///(app-pages-browser)/./node_modules/next/dist/compiled/react-dom/cjs/react-dom-client.development.js:19980
[  120588ms] [TIMESTAMP] Blocking Track @ webpack-internal:///(app-pages-browser)/./node_modules/next/dist/compiled/react-dom/cjs/react-dom-client.development.js:18271
[  120591ms] [TIMESTAMP] Transition Track @ webpack-internal:///(app-pages-browser)/./node_modules/next/dist/compiled/react-dom/cjs/react-dom-client.development.js:18279
[  120601ms] [TIMESTAMP] Suspense Track @ webpack-internal:///(app-pages-browser)/./node_modules/next/dist/compiled/react-dom/cjs/react-dom-client.development.js:18287
[  120602ms] [TIMESTAMP] Idle Track @ webpack-internal:///(app-pages-browser)/./node_modules/next/dist/compiled/react-dom/cjs/react-dom-client.development.js:18295
[  120602ms] [TIMESTAMP] Event: keydown @ webpack-internal:///(app-pages-browser)/./node_modules/next/dist/compiled/react-dom/cjs/react-dom-client.development.js:18414
[  120612ms] [TIMESTAMP] Render @ webpack-internal:///(app-pages-browser)/./node_modules/next/dist/compiled/react-dom/cjs/react-dom-client.development.js:19292
[  120618ms] [TIMESTAMP] Commit @ webpack-internal:///(app-pages-browser)/./node_modules/next/dist/compiled/react-dom/cjs/react-dom-client.development.js:4724
[  120621ms] [TIMESTAMP] LoginInner @ webpack-internal:///(app-pages-browser)/./node_modules/next/dist/compiled/react-dom/cjs/react-dom-client.development.js:4426
[  120624ms] [TIMESTAMP] JSXStyle @ webpack-internal:///(app-pages-browser)/./node_modules/next/dist/compiled/react-dom/cjs/react-dom-client.development.js:4406
[  120624ms] [TIMESTAMP] Remaining Effects @ webpack-internal:///(app-pages-browser)/./node_modules/next/dist/compiled/react-dom/cjs/react-dom-client.development.js:19980
[  125443ms] [LOG] [Fast Refresh] rebuilding @ webpack-internal:///(app-pages-browser)/./node_modules/next/dist/next-devtools/shared/forward-logs-shared.js:27
[  133033ms] [LOG] [Fast Refresh] done in 7590ms @ webpack-internal:///(app-pages-browser)/./node_modules/next/dist/next-devtools/shared/forward-logs-shared.js:27
[  133900ms] [TIMESTAMP] Blocking Track @ webpack-internal:///(app-pages-browser)/./node_modules/next/dist/compiled/react-dom/cjs/react-dom-client.development.js:18271
[  133913ms] [TIMESTAMP] Transition Track @ webpack-internal:///(app-pages-browser)/./node_modules/next/dist/compiled/react-dom/cjs/react-dom-client.development.js:18279
[  133914ms] [TIMESTAMP] Suspense Track @ webpack-internal:///(app-pages-browser)/./node_modules/next/dist/compiled/react-dom/cjs/react-dom-client.development.js:18287
[  133915ms] [TIMESTAMP] Idle Track @ webpack-internal:///(app-pages-browser)/./node_modules/next/dist/compiled/react-dom/cjs/react-dom-client.development.js:18295
[  133917ms] [TIMESTAMP] Render @ webpack-internal:///(app-pages-browser)/./node_modules/next/dist/compiled/react-dom/cjs/react-dom-client.development.js:19292
[  133920ms] [TIMESTAMP] Commit @ webpack-internal:///(app-pages-browser)/./node_modules/next/dist/compiled/react-dom/cjs/react-dom-client.development.js:4724
[  133933ms] [TIMESTAMP] Waiting for Paint @ webpack-internal:///(app-pages-browser)/./node_modules/next/dist/compiled/react-dom/cjs/react-dom-client.development.js:19929
[  133939ms] [TIMESTAMP] LoginInner @ webpack-internal:///(app-pages-browser)/./node_modules/next/dist/compiled/react-dom/cjs/react-dom-client.development.js:4426
[  133941ms] [TIMESTAMP] JSXStyle @ webpack-internal:///(app-pages-browser)/./node_modules/next/dist/compiled/react-dom/cjs/react-dom-client.development.js:4406
[  133942ms] [TIMESTAMP] Remaining Effects @ webpack-internal:///(app-pages-browser)/./node_modules/next/dist/compiled/react-dom/cjs/react-dom-client.development.js:19980
[  135974ms] [LOG] [HMR] connected @ webpack-internal:///(app-pages-browser)/./node_modules/next/dist/next-devtools/shared/forward-logs-shared.js:27
[  138949ms] [LOG] [HMR] connected @ webpack-internal:///(app-pages-browser)/./node_modules/next/dist/next-devtools/shared/forward-logs-shared.js:27
[  145398ms] [INFO] Download the React DevTools for a better development experience: https://react.dev/link/react-devtools @ webpack-internal:///(app-pages-browser)/./node_modules/next/dist/next-devtools/shared/forward-logs-shared.js:27
[  145573ms] [TIMESTAMP] Server Requests Track @ webpack-internal:///(app-pages-browser)/./node_modules/next/dist/compiled/react-server-dom-webpack/cjs/react-server-dom-webpack-client.browser.development.js:1241
[  145574ms] [TIMESTAMP] Server Components Track @ webpack-internal:///(app-pages-browser)/./node_modules/next/dist/compiled/react-server-dom-webpack/cjs/react-server-dom-webpack-client.browser.development.js:1249
[  145853ms] [WARNING] GoTrueClient@sb-kxflgtbmyajwqurbrxbg-auth-token:1 (2.105.4) 2026-07-22T07:26:57.697Z Multiple GoTrueClient instances detected in the same browser context. It is not an error, but this should be avoided as it may produce undefined behavior when used concurrently under the same storage key. @ webpack-internal:///(app-pages-browser)/./node_modules/next/dist/next-devtools/shared/forward-logs-shared.js:27
[  146339ms] [LOG] [HMR] connected @ webpack-internal:///(app-pages-browser)/./node_modules/next/dist/next-devtools/shared/forward-logs-shared.js:27
[  146495ms] [TIMESTAMP] Blocking Track @ webpack-internal:///(app-pages-browser)/./node_modules/next/dist/compiled/react-dom/cjs/react-dom-client.development.js:18271
[  146496ms] [TIMESTAMP] Transition Track @ webpack-internal:///(app-pages-browser)/./node_modules/next/dist/compiled/react-dom/cjs/react-dom-client.development.js:18279
[  146504ms] [TIMESTAMP] Suspense Track @ webpack-internal:///(app-pages-browser)/./node_modules/next/dist/compiled/react-dom/cjs/react-dom-client.development.js:18287
[  146504ms] [TIMESTAMP] Idle Track @ webpack-internal:///(app-pages-browser)/./node_modules/next/dist/compiled/react-dom/cjs/react-dom-client.development.js:18295
[  146529ms] [TIMESTAMP] Server Requests Track @ webpack-internal:///(app-pages-browser)/./node_modules/next/dist/compiled/react-server-dom-webpack/cjs/react-server-dom-webpack-client.browser.development.js:1241
[  146530ms] [TIMESTAMP] Server Components Track @ webpack-internal:///(app-pages-browser)/./node_modules/next/dist/compiled/react-server-dom-webpack/cjs/react-server-dom-webpack-client.browser.development.js:1249
[  146530ms] [TIMESTAMP] ​Preloads @ webpack-internal:///(app-pages-browser)/./node_modules/next/dist/compiled/react-server-dom-webpack/cjs/react-server-dom-webpack-client.browser.development.js:3943
[  146530ms] [TIMESTAMP] ​Loading @ webpack-internal:///(app-pages-browser)/./node_modules/next/dist/compiled/react-server-dom-webpack/cjs/react-server-dom-webpack-client.browser.development.js:3943
[  146530ms] [TIMESTAMP] ​HTTPAccessErrorFallback @ webpack-internal:///(app-pages-browser)/./node_modules/next/dist/compiled/react-server-dom-webpack/cjs/react-server-dom-webpack-client.browser.development.js:3943
[  146530ms] [TIMESTAMP] ​NotFound @ webpack-internal:///(app-pages-browser)/./node_modules/next/dist/compiled/react-server-dom-webpack/cjs/react-server-dom-webpack-client.browser.development.js:3943
[  146530ms] [TIMESTAMP] ​RootLayout @ webpack-internal:///(app-pages-browser)/./node_modules/next/dist/compiled/react-server-dom-webpack/cjs/react-server-dom-webpack-client.browser.development.js:3943
[  146530ms] [TIMESTAMP] ​Layout @ webpack-internal:///(app-pages-browser)/./node_modules/next/dist/compiled/react-server-dom-webpack/cjs/react-server-dom-webpack-client.browser.development.js:3943
[  146530ms] [TIMESTAMP] ​Next.MetadataOutlet @ webpack-internal:///(app-pages-browser)/./node_modules/next/dist/compiled/react-server-dom-webpack/cjs/react-server-dom-webpack-client.browser.development.js:3943
[  146548ms] [TIMESTAMP] ​NonIndex @ webpack-internal:///(app-pages-browser)/./node_modules/next/dist/compiled/react-server-dom-webpack/cjs/react-server-dom-webpack-client.browser.development.js:3943
[  146548ms] [TIMESTAMP] ​Next.Viewport @ webpack-internal:///(app-pages-browser)/./node_modules/next/dist/compiled/react-server-dom-webpack/cjs/react-server-dom-webpack-client.browser.development.js:3943
[  146549ms] [TIMESTAMP] ​ViewportWrapper @ webpack-internal:///(app-pages-browser)/./node_modules/next/dist/compiled/react-server-dom-webpack/cjs/react-server-dom-webpack-client.browser.development.js:3943
[  146549ms] [TIMESTAMP] ​Next.Metadata @ webpack-internal:///(app-pages-browser)/./node_modules/next/dist/compiled/react-server-dom-webpack/cjs/react-server-dom-webpack-client.browser.development.js:3943
[  146556ms] [TIMESTAMP] ​MetadataWrapper @ webpack-internal:///(app-pages-browser)/./node_modules/next/dist/compiled/react-server-dom-webpack/cjs/react-server-dom-webpack-client.browser.development.js:3943
[  146634ms] [TIMESTAMP] Blocked @ webpack-internal:///(app-pages-browser)/./node_modules/next/dist/compiled/react-dom/cjs/react-dom-client.development.js:17801
[  146770ms] [TIMESTAMP] Blocked @ webpack-internal:///(app-pages-browser)/./node_modules/next/dist/compiled/react-dom/cjs/react-dom-client.development.js:17801
[  146829ms] [TIMESTAMP] Blocked @ webpack-internal:///(app-pages-browser)/./node_modules/next/dist/compiled/react-dom/cjs/react-dom-client.development.js:17801
[  146850ms] [TIMESTAMP] Blocked @ webpack-internal:///(app-pages-browser)/./node_modules/next/dist/compiled/react-dom/cjs/react-dom-client.development.js:17801
[  146939ms] [TIMESTAMP] Blocked @ webpack-internal:///(app-pages-browser)/./node_modules/next/dist/compiled/react-dom/cjs/react-dom-client.development.js:17801
[  146956ms] [TIMESTAMP] Hydrated @ webpack-internal:///(app-pages-browser)/./node_modules/next/dist/compiled/react-dom/cjs/react-dom-client.development.js:19292
[  146979ms] [TIMESTAMP] SegmentViewStateNode @ webpack-internal:///(app-pages-browser)/./node_modules/next/dist/compiled/react-dom/cjs/react-dom-client.development.js:4554
[  146980ms] [TIMESTAMP] InnerScrollAndFocusHandlerOld @ webpack-internal:///(app-pages-browser)/./node_modules/next/dist/compiled/react-dom/cjs/react-dom-client.development.js:4554
[  146980ms] [TIMESTAMP] Commit @ webpack-internal:///(app-pages-browser)/./node_modules/next/dist/compiled/react-dom/cjs/react-dom-client.development.js:4724
[  146992ms] [TIMESTAMP] Waiting for Paint @ webpack-internal:///(app-pages-browser)/./node_modules/next/dist/compiled/react-dom/cjs/react-dom-client.development.js:19929
[  147002ms] [TIMESTAMP] Root @ webpack-internal:///(app-pages-browser)/./node_modules/next/dist/compiled/react-dom/cjs/react-dom-client.development.js:4426
[  147003ms] [TIMESTAMP] ServerRoot @ webpack-internal:///(app-pages-browser)/./node_modules/next/dist/compiled/react-dom/cjs/react-dom-client.development.js:4426
[  147016ms] [TIMESTAMP] AppRouter @ webpack-internal:///(app-pages-browser)/./node_modules/next/dist/compiled/react-dom/cjs/react-dom-client.development.js:4426
[  147017ms] [TIMESTAMP] RootErrorBoundary @ webpack-internal:///(app-pages-browser)/./node_modules/next/dist/compiled/react-dom/cjs/react-dom-client.development.js:4426
[  147017ms] [TIMESTAMP] ErrorBoundary @ webpack-internal:///(app-pages-browser)/./node_modules/next/dist/compiled/react-dom/cjs/react-dom-client.development.js:4426
[  147017ms] [TIMESTAMP] ErrorBoundaryHandler @ webpack-internal:///(app-pages-browser)/./node_modules/next/dist/compiled/react-dom/cjs/react-dom-client.development.js:4426
[  147017ms] [TIMESTAMP] Router @ webpack-internal:///(app-pages-browser)/./node_modules/next/dist/compiled/react-dom/cjs/react-dom-client.development.js:4426
[  147017ms] [TIMESTAMP] HistoryUpdater @ webpack-internal:///(app-pages-browser)/./node_modules/next/dist/compiled/react-dom/cjs/react-dom-client.development.js:4426
[  147027ms] [TIMESTAMP] RuntimeStylesForWebpack @ webpack-internal:///(app-pages-browser)/./node_modules/next/dist/compiled/react-dom/cjs/react-dom-client.development.js:4426
[  147034ms] [TIMESTAMP] RuntimeStylesForWebpack @ webpack-internal:///(app-pages-browser)/./node_modules/next/dist/compiled/react-dom/cjs/react-dom-client.development.js:4554
[  147035ms] [TIMESTAMP] HotReload @ webpack-internal:///(app-pages-browser)/./node_modules/next/dist/compiled/react-dom/cjs/react-dom-client.development.js:4426
[  147035ms] [TIMESTAMP] AppDevOverlayErrorBoundary @ webpack-internal:///(app-pages-browser)/./node_modules/next/dist/compiled/react-dom/cjs/react-dom-client.development.js:4426
[  147036ms] [TIMESTAMP] ReplaySsrOnlyErrors @ webpack-internal:///(app-pages-browser)/./node_modules/next/dist/compiled/react-dom/cjs/react-dom-client.development.js:4426
[  147036ms] [TIMESTAMP] ReplaySsrOnlyErrors @ webpack-internal:///(app-pages-browser)/./node_modules/next/dist/compiled/react-dom/cjs/react-dom-client.development.js:4554
[  147036ms] [TIMESTAMP] DevRootHTTPAccessFallbackBoundary @ webpack-internal:///(app-pages-browser)/./node_modules/next/dist/compiled/react-dom/cjs/react-dom-client.development.js:4426
[  147037ms] [TIMESTAMP] HTTPAccessFallbackBoundary @ webpack-internal:///(app-pages-browser)/./node_modules/next/dist/compiled/react-dom/cjs/react-dom-client.development.js:4426
[  147049ms] [TIMESTAMP] HTTPAccessFallbackErrorBoundary @ webpack-internal:///(app-pages-browser)/./node_modules/next/dist/compiled/react-dom/cjs/react-dom-client.development.js:4426
[  147049ms] [TIMESTAMP] RedirectBoundary @ webpack-internal:///(app-pages-browser)/./node_modules/next/dist/compiled/react-dom/cjs/react-dom-client.development.js:4426
[  147050ms] [TIMESTAMP] RedirectErrorBoundary @ webpack-internal:///(app-pages-browser)/./node_modules/next/dist/compiled/react-dom/cjs/react-dom-client.development.js:4426
[  147051ms] [TIMESTAMP] Head @ webpack-internal:///(app-pages-browser)/./node_modules/next/dist/compiled/react-dom/cjs/react-dom-client.development.js:4426
[  147051ms] [TIMESTAMP] __next_viewport_boundary__ @ webpack-internal:///(app-pages-browser)/./node_modules/next/dist/compiled/react-dom/cjs/react-dom-client.development.js:4426
[  147052ms] [TIMESTAMP] __next_metadata_boundary__ @ webpack-internal:///(app-pages-browser)/./node_modules/next/dist/compiled/react-dom/cjs/react-dom-client.development.js:4426
[  147052ms] [TIMESTAMP] __next_root_layout_boundary__ @ webpack-internal:///(app-pages-browser)/./node_modules/next/dist/compiled/react-dom/cjs/react-dom-client.development.js:4426
[  147052ms] [TIMESTAMP] LoadingBoundaryProvider @ webpack-internal:///(app-pages-browser)/./node_modules/next/dist/compiled/react-dom/cjs/react-dom-client.development.js:4426
[  147052ms] [TIMESTAMP] SegmentViewNode @ webpack-internal:///(app-pages-browser)/./node_modules/next/dist/compiled/react-dom/cjs/react-dom-client.development.js:4426
[  147053ms] [TIMESTAMP] SegmentTrieNode @ webpack-internal:///(app-pages-browser)/./node_modules/next/dist/compiled/react-dom/cjs/react-dom-client.development.js:4426
[  147098ms] [TIMESTAMP] NetworkStatus @ webpack-internal:///(app-pages-browser)/./node_modules/next/dist/compiled/react-dom/cjs/react-dom-client.development.js:4426
[  147098ms] [TIMESTAMP] NetworkStatus @ webpack-internal:///(app-pages-browser)/./node_modules/next/dist/compiled/react-dom/cjs/react-dom-client.development.js:4554
[  147117ms] [TIMESTAMP] OuterLayoutRouter @ webpack-internal:///(app-pages-browser)/./node_modules/next/dist/compiled/react-dom/cjs/react-dom-client.development.js:4426
[  147117ms] [TIMESTAMP] SegmentStateProvider @ webpack-internal:///(app-pages-browser)/./node_modules/next/dist/compiled/react-dom/cjs/react-dom-client.development.js:4426
[  147118ms] [TIMESTAMP] RenderFromTemplateContext @ webpack-internal:///(app-pages-browser)/./node_modules/next/dist/compiled/react-dom/cjs/react-dom-client.development.js:4426
[  147118ms] [TIMESTAMP] ScrollAndMaybeFocusHandler @ webpack-internal:///(app-pages-browser)/./node_modules/next/dist/compiled/react-dom/cjs/react-dom-client.development.js:4426
[  147118ms] [TIMESTAMP] InnerScrollAndFocusHandlerOld @ webpack-internal:///(app-pages-browser)/./node_modules/next/dist/compiled/react-dom/cjs/react-dom-client.development.js:4426
[  147118ms] [TIMESTAMP] ErrorBoundary @ webpack-internal:///(app-pages-browser)/./node_modules/next/dist/compiled/react-dom/cjs/react-dom-client.development.js:4426
[  147118ms] [TIMESTAMP] LoadingBoundary @ webpack-internal:///(app-pages-browser)/./node_modules/next/dist/compiled/react-dom/cjs/react-dom-client.development.js:4426
[  147118ms] [TIMESTAMP] SegmentViewStateNode @ webpack-internal:///(app-pages-browser)/./node_modules/next/dist/compiled/react-dom/cjs/react-dom-client.development.js:4426
[  147123ms] [TIMESTAMP] SegmentViewNode @ webpack-internal:///(app-pages-browser)/./node_modules/next/dist/compiled/react-dom/cjs/react-dom-client.development.js:4426
[  147125ms] [TIMESTAMP] SegmentTrieNode @ webpack-internal:///(app-pages-browser)/./node_modules/next/dist/compiled/react-dom/cjs/react-dom-client.development.js:4426
[  147132ms] [TIMESTAMP] SegmentViewNode @ webpack-internal:///(app-pages-browser)/./node_modules/next/dist/compiled/react-dom/cjs/react-dom-client.development.js:4426
[  147132ms] [TIMESTAMP] SegmentTrieNode @ webpack-internal:///(app-pages-browser)/./node_modules/next/dist/compiled/react-dom/cjs/react-dom-client.development.js:4426
[  147133ms] [TIMESTAMP] SegmentViewNode @ webpack-internal:///(app-pages-browser)/./node_modules/next/dist/compiled/react-dom/cjs/react-dom-client.development.js:4426
[  147133ms] [TIMESTAMP] ForwardRef(Toaster) @ webpack-internal:///(app-pages-browser)/./node_modules/next/dist/compiled/react-dom/cjs/react-dom-client.development.js:4426
[  147133ms] [TIMESTAMP] ForwardRef(Toaster) @ webpack-internal:///(app-pages-browser)/./node_modules/next/dist/compiled/react-dom/cjs/react-dom-client.development.js:4554
[  147134ms] [TIMESTAMP] AppRouterAnnouncer @ webpack-internal:///(app-pages-browser)/./node_modules/next/dist/compiled/react-dom/cjs/react-dom-client.development.js:4426
[  147134ms] [TIMESTAMP] AppRouterAnnouncer @ webpack-internal:///(app-pages-browser)/./node_modules/next/dist/compiled/react-dom/cjs/react-dom-client.development.js:4554
[  147134ms] [TIMESTAMP] HotReload @ webpack-internal:///(app-pages-browser)/./node_modules/next/dist/compiled/react-dom/cjs/react-dom-client.development.js:4554
[  147143ms] [TIMESTAMP] Router @ webpack-internal:///(app-pages-browser)/./node_modules/next/dist/compiled/react-dom/cjs/react-dom-client.development.js:4554
[  147144ms] [TIMESTAMP] Remaining Effects @ webpack-internal:///(app-pages-browser)/./node_modules/next/dist/compiled/react-dom/cjs/react-dom-client.development.js:19980
[  147157ms] [TIMESTAMP] Blocking Track @ webpack-internal:///(app-pages-browser)/./node_modules/next/dist/compiled/react-dom/cjs/react-dom-client.development.js:18271
[  147157ms] [TIMESTAMP] Transition Track @ webpack-internal:///(app-pages-browser)/./node_modules/next/dist/compiled/react-dom/cjs/react-dom-client.development.js:18279
[  147157ms] [TIMESTAMP] Suspense Track @ webpack-internal:///(app-pages-browser)/./node_modules/next/dist/compiled/react-dom/cjs/react-dom-client.development.js:18287
[  147157ms] [TIMESTAMP] Idle Track @ webpack-internal:///(app-pages-browser)/./node_modules/next/dist/compiled/react-dom/cjs/react-dom-client.development.js:18295
[  147169ms] [TIMESTAMP] Render @ webpack-internal:///(app-pages-browser)/./node_modules/next/dist/compiled/react-dom/cjs/react-dom-client.development.js:19292
[  147169ms] [TIMESTAMP] Commit @ webpack-internal:///(app-pages-browser)/./node_modules/next/dist/compiled/react-dom/cjs/react-dom-client.development.js:4724
[  147169ms] [TIMESTAMP] Waiting for Paint @ webpack-internal:///(app-pages-browser)/./node_modules/next/dist/compiled/react-dom/cjs/react-dom-client.development.js:19929
[  147170ms] [TIMESTAMP] AppRouterAnnouncer @ webpack-internal:///(app-pages-browser)/./node_modules/next/dist/compiled/react-dom/cjs/react-dom-client.development.js:4426
[  147170ms] [TIMESTAMP] Remaining Effects @ webpack-internal:///(app-pages-browser)/./node_modules/next/dist/compiled/react-dom/cjs/react-dom-client.development.js:19980
[  147170ms] [TIMESTAMP] Blocking Track @ webpack-internal:///(app-pages-browser)/./node_modules/next/dist/compiled/react-dom/cjs/react-dom-client.development.js:18271
[  147170ms] [TIMESTAMP] Transition Track @ webpack-internal:///(app-pages-browser)/./node_modules/next/dist/compiled/react-dom/cjs/react-dom-client.development.js:18279
[  147170ms] [TIMESTAMP] Suspense Track @ webpack-internal:///(app-pages-browser)/./node_modules/next/dist/compiled/react-dom/cjs/react-dom-client.development.js:18287
[  147170ms] [TIMESTAMP] Idle Track @ webpack-internal:///(app-pages-browser)/./node_modules/next/dist/compiled/react-dom/cjs/react-dom-client.development.js:18295
[  147170ms] [TIMESTAMP] Render @ webpack-internal:///(app-pages-browser)/./node_modules/next/dist/compiled/react-dom/cjs/react-dom-client.development.js:19292
[  147170ms] [TIMESTAMP] Commit @ webpack-internal:///(app-pages-browser)/./node_modules/next/dist/compiled/react-dom/cjs/react-dom-client.development.js:4724
[  147183ms] [TIMESTAMP] Blocking Track @ webpack-internal:///(app-pages-browser)/./node_modules/next/dist/compiled/react-dom/cjs/react-dom-client.development.js:18271
[  147184ms] [TIMESTAMP] Transition Track @ webpack-internal:///(app-pages-browser)/./node_modules/next/dist/compiled/react-dom/cjs/react-dom-client.development.js:18279
[  147184ms] [TIMESTAMP] Suspense Track @ webpack-internal:///(app-pages-browser)/./node_modules/next/dist/compiled/react-dom/cjs/react-dom-client.development.js:18287
[  147184ms] [TIMESTAMP] Idle Track @ webpack-internal:///(app-pages-browser)/./node_modules/next/dist/compiled/react-dom/cjs/react-dom-client.development.js:18295
[  147332ms] [TIMESTAMP] Blocked @ webpack-internal:///(app-pages-browser)/./node_modules/next/dist/compiled/react-dom/cjs/react-dom-client.development.js:17801
[  147354ms] [TIMESTAMP] Blocked @ webpack-internal:///(app-pages-browser)/./node_modules/next/dist/compiled/react-dom/cjs/react-dom-client.development.js:17801
[  147354ms] [TIMESTAMP] Blocked @ webpack-internal:///(app-pages-browser)/./node_modules/next/dist/compiled/react-dom/cjs/react-dom-client.development.js:17801
[  147371ms] [TIMESTAMP] Blocked @ webpack-internal:///(app-pages-browser)/./node_modules/next/dist/compiled/react-dom/cjs/react-dom-client.development.js:17801
[  147454ms] [TIMESTAMP] Blocked @ webpack-internal:///(app-pages-browser)/./node_modules/next/dist/compiled/react-dom/cjs/react-dom-client.development.js:17801
[  147551ms] [TIMESTAMP] Blocked @ webpack-internal:///(app-pages-browser)/./node_modules/next/dist/compiled/react-dom/cjs/react-dom-client.development.js:17801
[  147604ms] [TIMESTAMP] Blocked @ webpack-internal:///(app-pages-browser)/./node_modules/next/dist/compiled/react-dom/cjs/react-dom-client.development.js:17801
[  147617ms] [TIMESTAMP] Prepared @ webpack-internal:///(app-pages-browser)/./node_modules/next/dist/compiled/react-dom/cjs/react-dom-client.development.js:19292
[  147618ms] [TIMESTAMP] Commit @ webpack-internal:///(app-pages-browser)/./node_modules/next/dist/compiled/react-dom/cjs/react-dom-client.development.js:4724
[  147649ms] [TIMESTAMP] Waiting for Paint @ webpack-internal:///(app-pages-browser)/./node_modules/next/dist/compiled/react-dom/cjs/react-dom-client.development.js:19929
[  147667ms] [TIMESTAMP] IconMark @ webpack-internal:///(app-pages-browser)/./node_modules/next/dist/compiled/react-dom/cjs/react-dom-client.development.js:4426
[  147667ms] [TIMESTAMP] HTTPAccessFallbackBoundary @ webpack-internal:///(app-pages-browser)/./node_modules/next/dist/compiled/react-dom/cjs/react-dom-client.development.js:4426
[  147703ms] [TIMESTAMP] HTTPAccessFallbackErrorBoundary @ webpack-internal:///(app-pages-browser)/./node_modules/next/dist/compiled/react-dom/cjs/react-dom-client.development.js:4426
[  147703ms] [TIMESTAMP] RedirectBoundary @ webpack-internal:///(app-pages-browser)/./node_modules/next/dist/compiled/react-dom/cjs/react-dom-client.development.js:4426
[  147703ms] [TIMESTAMP] RedirectErrorBoundary @ webpack-internal:///(app-pages-browser)/./node_modules/next/dist/compiled/react-dom/cjs/react-dom-client.development.js:4426
[  147704ms] [TIMESTAMP] InnerLayoutRouter @ webpack-internal:///(app-pages-browser)/./node_modules/next/dist/compiled/react-dom/cjs/react-dom-client.development.js:4426
[  147704ms] [TIMESTAMP] SegmentViewNode @ webpack-internal:///(app-pages-browser)/./node_modules/next/dist/compiled/react-dom/cjs/react-dom-client.development.js:4426
[  147722ms] [TIMESTAMP] SegmentTrieNode @ webpack-internal:///(app-pages-browser)/./node_modules/next/dist/compiled/react-dom/cjs/react-dom-client.development.js:4426
[  147722ms] [TIMESTAMP] ChatProvider @ webpack-internal:///(app-pages-browser)/./node_modules/next/dist/compiled/react-dom/cjs/react-dom-client.development.js:4426
[  147722ms] [TIMESTAMP] OuterLayoutRouter @ webpack-internal:///(app-pages-browser)/./node_modules/next/dist/compiled/react-dom/cjs/react-dom-client.development.js:4426
[  147722ms] [TIMESTAMP] SegmentStateProvider @ webpack-internal:///(app-pages-browser)/./node_modules/next/dist/compiled/react-dom/cjs/react-dom-client.development.js:4426
[  147742ms] [TIMESTAMP] RenderFromTemplateContext @ webpack-internal:///(app-pages-browser)/./node_modules/next/dist/compiled/react-dom/cjs/react-dom-client.development.js:4426
[  147743ms] [TIMESTAMP] ScrollAndMaybeFocusHandler @ webpack-internal:///(app-pages-browser)/./node_modules/next/dist/compiled/react-dom/cjs/react-dom-client.development.js:4426
[  147743ms] [TIMESTAMP] InnerScrollAndFocusHandlerOld @ webpack-internal:///(app-pages-browser)/./node_modules/next/dist/compiled/react-dom/cjs/react-dom-client.development.js:4426
[  147744ms] [TIMESTAMP] ErrorBoundary @ webpack-internal:///(app-pages-browser)/./node_modules/next/dist/compiled/react-dom/cjs/react-dom-client.development.js:4426
[  147768ms] [TIMESTAMP] LoadingBoundary @ webpack-internal:///(app-pages-browser)/./node_modules/next/dist/compiled/react-dom/cjs/react-dom-client.development.js:4426
[  147799ms] [TIMESTAMP] HTTPAccessFallbackBoundary @ webpack-internal:///(app-pages-browser)/./node_modules/next/dist/compiled/react-dom/cjs/react-dom-client.development.js:4426
[  147799ms] [TIMESTAMP] RedirectBoundary @ webpack-internal:///(app-pages-browser)/./node_modules/next/dist/compiled/react-dom/cjs/react-dom-client.development.js:4426
[  147799ms] [TIMESTAMP] RedirectErrorBoundary @ webpack-internal:///(app-pages-browser)/./node_modules/next/dist/compiled/react-dom/cjs/react-dom-client.development.js:4426
[  147799ms] [TIMESTAMP] InnerLayoutRouter @ webpack-internal:///(app-pages-browser)/./node_modules/next/dist/compiled/react-dom/cjs/react-dom-client.development.js:4426
[  147799ms] [TIMESTAMP] SegmentViewNode @ webpack-internal:///(app-pages-browser)/./node_modules/next/dist/compiled/react-dom/cjs/react-dom-client.development.js:4426
[  147800ms] [TIMESTAMP] SegmentTrieNode @ webpack-internal:///(app-pages-browser)/./node_modules/next/dist/compiled/react-dom/cjs/react-dom-client.development.js:4426
[  147801ms] [TIMESTAMP] ClientPageRoot @ webpack-internal:///(app-pages-browser)/./node_modules/next/dist/compiled/react-dom/cjs/react-dom-client.development.js:4426
[  147818ms] [TIMESTAMP] Page @ webpack-internal:///(app-pages-browser)/./node_modules/next/dist/compiled/react-dom/cjs/react-dom-client.development.js:4426
[  147819ms] [TIMESTAMP] DashboardLayout @ webpack-internal:///(app-pages-browser)/./node_modules/next/dist/compiled/react-dom/cjs/react-dom-client.development.js:4426
[  147888ms] [TIMESTAMP] HTCallProvider @ webpack-internal:///(app-pages-browser)/./node_modules/next/dist/compiled/react-dom/cjs/react-dom-client.development.js:4426
[  147888ms] [TIMESTAMP] ScrollRestorer @ webpack-internal:///(app-pages-browser)/./node_modules/next/dist/compiled/react-dom/cjs/react-dom-client.development.js:4426
[  147888ms] [TIMESTAMP] ScrollRestorer @ webpack-internal:///(app-pages-browser)/./node_modules/next/dist/compiled/react-dom/cjs/react-dom-client.development.js:4554
[  147888ms] [TIMESTAMP] Sidebar @ webpack-internal:///(app-pages-browser)/./node_modules/next/dist/compiled/react-dom/cjs/react-dom-client.development.js:4426
[  147953ms] [TIMESTAMP] SidebarContent @ webpack-internal:///(app-pages-browser)/./node_modules/next/dist/compiled/react-dom/cjs/react-dom-client.development.js:4426
[  147961ms] [TIMESTAMP] SidebarContent @ webpack-internal:///(app-pages-browser)/./node_modules/next/dist/compiled/react-dom/cjs/react-dom-client.development.js:4554
[  147963ms] [TIMESTAMP] SidebarContent @ webpack-internal:///(app-pages-browser)/./node_modules/next/dist/compiled/react-dom/cjs/react-dom-client.development.js:4426
[  147979ms] [TIMESTAMP] Sidebar @ webpack-internal:///(app-pages-browser)/./node_modules/next/dist/compiled/react-dom/cjs/react-dom-client.development.js:4554
[  147981ms] [TIMESTAMP] DeliveryAlertListener @ webpack-internal:///(app-pages-browser)/./node_modules/next/dist/compiled/react-dom/cjs/react-dom-client.development.js:4426
[  147982ms] [TIMESTAMP] DeliveryAlertListener @ webpack-internal:///(app-pages-browser)/./node_modules/next/dist/compiled/react-dom/cjs/react-dom-client.development.js:4554
[  147998ms] [TIMESTAMP] MissionSoundNotifier @ webpack-internal:///(app-pages-browser)/./node_modules/next/dist/compiled/react-dom/cjs/react-dom-client.development.js:4426
[  147998ms] [TIMESTAMP] SellerReminderNotifier @ webpack-internal:///(app-pages-browser)/./node_modules/next/dist/compiled/react-dom/cjs/react-dom-client.development.js:4426
[  148000ms] [TIMESTAMP] SellerReminderNotifier @ webpack-internal:///(app-pages-browser)/./node_modules/next/dist/compiled/react-dom/cjs/react-dom-client.development.js:4554
[  148001ms] [TIMESTAMP] BirthdayBanner @ webpack-internal:///(app-pages-browser)/./node_modules/next/dist/compiled/react-dom/cjs/react-dom-client.development.js:4426
[  148038ms] [TIMESTAMP] BirthdayBanner @ webpack-internal:///(app-pages-browser)/./node_modules/next/dist/compiled/react-dom/cjs/react-dom-client.development.js:4554
[  148055ms] [TIMESTAMP] RevenueDetailModal @ webpack-internal:///(app-pages-browser)/./node_modules/next/dist/compiled/react-dom/cjs/react-dom-client.development.js:4426
[  148055ms] [TIMESTAMP] RevenueDetailModal @ webpack-internal:///(app-pages-browser)/./node_modules/next/dist/compiled/react-dom/cjs/react-dom-client.development.js:4554
[  148055ms] [TIMESTAMP] InventoryDetailModal @ webpack-internal:///(app-pages-browser)/./node_modules/next/dist/compiled/react-dom/cjs/react-dom-client.development.js:4426
[  148055ms] [TIMESTAMP] InventoryDetailModal @ webpack-internal:///(app-pages-browser)/./node_modules/next/dist/compiled/react-dom/cjs/react-dom-client.development.js:4554
[  148056ms] [TIMESTAMP] SalesDetailModal @ webpack-internal:///(app-pages-browser)/./node_modules/next/dist/compiled/react-dom/cjs/react-dom-client.development.js:4426
[  148067ms] [TIMESTAMP] LaptopDetailModal @ webpack-internal:///(app-pages-browser)/./node_modules/next/dist/compiled/react-dom/cjs/react-dom-client.development.js:4426
[  148068ms] [TIMESTAMP] GrossProfitDetailModal @ webpack-internal:///(app-pages-browser)/./node_modules/next/dist/compiled/react-dom/cjs/react-dom-client.development.js:4426
[  148072ms] [TIMESTAMP] GrossProfitDetailModal @ webpack-internal:///(app-pages-browser)/./node_modules/next/dist/compiled/react-dom/cjs/react-dom-client.development.js:4554
[  148072ms] [TIMESTAMP] TransactionDetailModal @ webpack-internal:///(app-pages-browser)/./node_modules/next/dist/compiled/react-dom/cjs/react-dom-client.development.js:4426
[  148072ms] [TIMESTAMP] TransactionDetailModal @ webpack-internal:///(app-pages-browser)/./node_modules/next/dist/compiled/react-dom/cjs/react-dom-client.development.js:4554
[  148072ms] [TIMESTAMP] Shimmer @ webpack-internal:///(app-pages-browser)/./node_modules/next/dist/compiled/react-dom/cjs/react-dom-client.development.js:4426
[  148072ms] [TIMESTAMP] Shimmer @ webpack-internal:///(app-pages-browser)/./node_modules/next/dist/compiled/react-dom/cjs/react-dom-client.development.js:4426
[  148072ms] [TIMESTAMP] RefreshButton @ webpack-internal:///(app-pages-browser)/./node_modules/next/dist/compiled/react-dom/cjs/react-dom-client.development.js:4426
[  148072ms] [TIMESTAMP] Shimmer @ webpack-internal:///(app-pages-browser)/./node_modules/next/dist/compiled/react-dom/cjs/react-dom-client.development.js:4426
[  148072ms] [TIMESTAMP] Shimmer @ webpack-internal:///(app-pages-browser)/./node_modules/next/dist/compiled/react-dom/cjs/react-dom-client.development.js:4426
[  148082ms] [TIMESTAMP] Shimmer @ webpack-internal:///(app-pages-browser)/./node_modules/next/dist/compiled/react-dom/cjs/react-dom-client.development.js:4426
[  148082ms] [TIMESTAMP] Shimmer @ webpack-internal:///(app-pages-browser)/./node_modules/next/dist/compiled/react-dom/cjs/react-dom-client.development.js:4426
[  148083ms] [TIMESTAMP] Shimmer @ webpack-internal:///(app-pages-browser)/./node_modules/next/dist/compiled/react-dom/cjs/react-dom-client.development.js:4426
[  148083ms] [TIMESTAMP] Shimmer @ webpack-internal:///(app-pages-browser)/./node_modules/next/dist/compiled/react-dom/cjs/react-dom-client.development.js:4426
[  148083ms] [TIMESTAMP] LiveDot @ webpack-internal:///(app-pages-browser)/./node_modules/next/dist/compiled/react-dom/cjs/react-dom-client.development.js:4426
[  148087ms] [TIMESTAMP] Shimmer @ webpack-internal:///(app-pages-browser)/./node_modules/next/dist/compiled/react-dom/cjs/react-dom-client.development.js:4426
[  148096ms] [TIMESTAMP] Trophy @ webpack-internal:///(app-pages-browser)/./node_modules/next/dist/compiled/react-dom/cjs/react-dom-client.development.js:4426
[  148097ms] [TIMESTAMP] ForwardRef @ webpack-internal:///(app-pages-browser)/./node_modules/next/dist/compiled/react-dom/cjs/react-dom-client.development.js:4426
[  148097ms] [TIMESTAMP] Shimmer @ webpack-internal:///(app-pages-browser)/./node_modules/next/dist/compiled/react-dom/cjs/react-dom-client.development.js:4426
[  148097ms] [TIMESTAMP] Shimmer @ webpack-internal:///(app-pages-browser)/./node_modules/next/dist/compiled/react-dom/cjs/react-dom-client.development.js:4426
[  148097ms] [TIMESTAMP] Shimmer @ webpack-internal:///(app-pages-browser)/./node_modules/next/dist/compiled/react-dom/cjs/react-dom-client.development.js:4426
[  148097ms] [TIMESTAMP] Shimmer @ webpack-internal:///(app-pages-browser)/./node_modules/next/dist/compiled/react-dom/cjs/react-dom-client.development.js:4426
[  148097ms] [TIMESTAMP] Shimmer @ webpack-internal:///(app-pages-browser)/./node_modules/next/dist/compiled/react-dom/cjs/react-dom-client.development.js:4426
[  148097ms] [TIMESTAMP] Shimmer @ webpack-internal:///(app-pages-browser)/./node_modules/next/dist/compiled/react-dom/cjs/react-dom-client.development.js:4426
[  148097ms] [TIMESTAMP] Laptop @ webpack-internal:///(app-pages-browser)/./node_modules/next/dist/compiled/react-dom/cjs/react-dom-client.development.js:4426
[  148097ms] [TIMESTAMP] ForwardRef @ webpack-internal:///(app-pages-browser)/./node_modules/next/dist/compiled/react-dom/cjs/react-dom-client.development.js:4426
[  148097ms] [TIMESTAMP] Shimmer @ webpack-internal:///(app-pages-browser)/./node_modules/next/dist/compiled/react-dom/cjs/react-dom-client.development.js:4426
[  148097ms] [TIMESTAMP] Shimmer @ webpack-internal:///(app-pages-browser)/./node_modules/next/dist/compiled/react-dom/cjs/react-dom-client.development.js:4426
[  148098ms] [TIMESTAMP] Shimmer @ webpack-internal:///(app-pages-browser)/./node_modules/next/dist/compiled/react-dom/cjs/react-dom-client.development.js:4426
[  148099ms] [TIMESTAMP] Shimmer @ webpack-internal:///(app-pages-browser)/./node_modules/next/dist/compiled/react-dom/cjs/react-dom-client.development.js:4426
[  148099ms] [TIMESTAMP] Shimmer @ webpack-internal:///(app-pages-browser)/./node_modules/next/dist/compiled/react-dom/cjs/react-dom-client.development.js:4426
[  148099ms] [TIMESTAMP] Shimmer @ webpack-internal:///(app-pages-browser)/./node_modules/next/dist/compiled/react-dom/cjs/react-dom-client.development.js:4426
[  148099ms] [TIMESTAMP] Shimmer @ webpack-internal:///(app-pages-browser)/./node_modules/next/dist/compiled/react-dom/cjs/react-dom-client.development.js:4426
[  148099ms] [TIMESTAMP] Shimmer @ webpack-internal:///(app-pages-browser)/./node_modules/next/dist/compiled/react-dom/cjs/react-dom-client.development.js:4426
[  148099ms] [TIMESTAMP] Shimmer @ webpack-internal:///(app-pages-browser)/./node_modules/next/dist/compiled/react-dom/cjs/react-dom-client.development.js:4426
[  148099ms] [TIMESTAMP] LiveDot @ webpack-internal:///(app-pages-browser)/./node_modules/next/dist/compiled/react-dom/cjs/react-dom-client.development.js:4426
[  148099ms] [TIMESTAMP] Shimmer @ webpack-internal:///(app-pages-browser)/./node_modules/next/dist/compiled/react-dom/cjs/react-dom-client.development.js:4426
[  148099ms] [TIMESTAMP] Shimmer @ webpack-internal:///(app-pages-browser)/./node_modules/next/dist/compiled/react-dom/cjs/react-dom-client.development.js:4426
[  148099ms] [TIMESTAMP] Shimmer @ webpack-internal:///(app-pages-browser)/./node_modules/next/dist/compiled/react-dom/cjs/react-dom-client.development.js:4426
[  148100ms] [TIMESTAMP] Shimmer @ webpack-internal:///(app-pages-browser)/./node_modules/next/dist/compiled/react-dom/cjs/react-dom-client.development.js:4426
[  148100ms] [TIMESTAMP] Shimmer @ webpack-internal:///(app-pages-browser)/./node_modules/next/dist/compiled/react-dom/cjs/react-dom-client.development.js:4426
[  148105ms] [TIMESTAMP] Shimmer @ webpack-internal:///(app-pages-browser)/./node_modules/next/dist/compiled/react-dom/cjs/react-dom-client.development.js:4426
[  148105ms] [TIMESTAMP] Shimmer @ webpack-internal:///(app-pages-browser)/./node_modules/next/dist/compiled/react-dom/cjs/react-dom-client.development.js:4426
[  148106ms] [TIMESTAMP] Shimmer @ webpack-internal:///(app-pages-browser)/./node_modules/next/dist/compiled/react-dom/cjs/react-dom-client.development.js:4426
[  148106ms] [TIMESTAMP] ConfirmDialog @ webpack-internal:///(app-pages-browser)/./node_modules/next/dist/compiled/react-dom/cjs/react-dom-client.development.js:4426
[  148112ms] [TIMESTAMP] HTCallProvider @ webpack-internal:///(app-pages-browser)/./node_modules/next/dist/compiled/react-dom/cjs/react-dom-client.development.js:4554
[  148124ms] [TIMESTAMP] DashboardLayout @ webpack-internal:///(app-pages-browser)/./node_modules/next/dist/compiled/react-dom/cjs/react-dom-client.development.js:4554
[  148153ms] [TIMESTAMP] Page @ webpack-internal:///(app-pages-browser)/./node_modules/next/dist/compiled/react-dom/cjs/react-dom-client.development.js:4554
[  148167ms] [TIMESTAMP] __next_outlet_boundary__ @ webpack-internal:///(app-pages-browser)/./node_modules/next/dist/compiled/react-dom/cjs/react-dom-client.development.js:4426
[  148169ms] [TIMESTAMP] SegmentBoundaryTriggerNode @ webpack-internal:///(app-pages-browser)/./node_modules/next/dist/compiled/react-dom/cjs/react-dom-client.development.js:4426
[  148171ms] [TIMESTAMP] SegmentViewStateNode @ webpack-internal:///(app-pages-browser)/./node_modules/next/dist/compiled/react-dom/cjs/react-dom-client.development.js:4426
[  148172ms] [TIMESTAMP] MissionQuestTracker @ webpack-internal:///(app-pages-browser)/./node_modules/next/dist/compiled/react-dom/cjs/react-dom-client.development.js:4426
[  148172ms] [TIMESTAMP] MissionQuestTracker @ webpack-internal:///(app-pages-browser)/./node_modules/next/dist/compiled/react-dom/cjs/react-dom-client.development.js:4554
[  148172ms] [TIMESTAMP] NotificationBanner @ webpack-internal:///(app-pages-browser)/./node_modules/next/dist/compiled/react-dom/cjs/react-dom-client.development.js:4426
[  148197ms] [TIMESTAMP] NotificationBanner @ webpack-internal:///(app-pages-browser)/./node_modules/next/dist/compiled/react-dom/cjs/react-dom-client.development.js:4554
[  148198ms] [TIMESTAMP] ChatBarBackground @ webpack-internal:///(app-pages-browser)/./node_modules/next/dist/compiled/react-dom/cjs/react-dom-client.development.js:4426
[  148206ms] [TIMESTAMP] ChatBarBackground @ webpack-internal:///(app-pages-browser)/./node_modules/next/dist/compiled/react-dom/cjs/react-dom-client.development.js:4554
[  148212ms] [TIMESTAMP] ChatManagerWrapper @ webpack-internal:///(app-pages-browser)/./node_modules/next/dist/compiled/react-dom/cjs/react-dom-client.development.js:4426
[  148213ms] [TIMESTAMP] ChatManagerWrapper @ webpack-internal:///(app-pages-browser)/./node_modules/next/dist/compiled/react-dom/cjs/react-dom-client.development.js:4554
[  148213ms] [TIMESTAMP] Remaining Effects @ webpack-internal:///(app-pages-browser)/./node_modules/next/dist/compiled/react-dom/cjs/react-dom-client.development.js:19980
[  148228ms] [TIMESTAMP] Blocking Track @ webpack-internal:///(app-pages-browser)/./node_modules/next/dist/compiled/react-dom/cjs/react-dom-client.development.js:18271
[  148232ms] [TIMESTAMP] Transition Track @ webpack-internal:///(app-pages-browser)/./node_modules/next/dist/compiled/react-dom/cjs/react-dom-client.development.js:18279
[  148232ms] [TIMESTAMP] Suspense Track @ webpack-internal:///(app-pages-browser)/./node_modules/next/dist/compiled/react-dom/cjs/react-dom-client.development.js:18287
[  148232ms] [TIMESTAMP] Idle Track @ webpack-internal:///(app-pages-browser)/./node_modules/next/dist/compiled/react-dom/cjs/react-dom-client.development.js:18295
[  148250ms] [TIMESTAMP] Render @ webpack-internal:///(app-pages-browser)/./node_modules/next/dist/compiled/react-dom/cjs/react-dom-client.development.js:19292
[  148265ms] [TIMESTAMP] Commit @ webpack-internal:///(app-pages-browser)/./node_modules/next/dist/compiled/react-dom/cjs/react-dom-client.development.js:4724
[  148267ms] [TIMESTAMP] Waiting for Paint @ webpack-internal:///(app-pages-browser)/./node_modules/next/dist/compiled/react-dom/cjs/react-dom-client.development.js:19929
[  148267ms] [TIMESTAMP] Sidebar @ webpack-internal:///(app-pages-browser)/./node_modules/next/dist/compiled/react-dom/cjs/react-dom-client.development.js:4426
[  148272ms] [TIMESTAMP] Remaining Effects @ webpack-internal:///(app-pages-browser)/./node_modules/next/dist/compiled/react-dom/cjs/react-dom-client.development.js:19980
[  148277ms] [TIMESTAMP] Blocking Track @ webpack-internal:///(app-pages-browser)/./node_modules/next/dist/compiled/react-dom/cjs/react-dom-client.development.js:18271
[  148277ms] [TIMESTAMP] Transition Track @ webpack-internal:///(app-pages-browser)/./node_modules/next/dist/compiled/react-dom/cjs/react-dom-client.development.js:18279
[  148277ms] [TIMESTAMP] Suspense Track @ webpack-internal:///(app-pages-browser)/./node_modules/next/dist/compiled/react-dom/cjs/react-dom-client.development.js:18287
[  148277ms] [TIMESTAMP] Idle Track @ webpack-internal:///(app-pages-browser)/./node_modules/next/dist/compiled/react-dom/cjs/react-dom-client.development.js:18295
[  148295ms] [TIMESTAMP] Blocked @ webpack-internal:///(app-pages-browser)/./node_modules/next/dist/compiled/react-dom/cjs/react-dom-client.development.js:17801
[  148296ms] [TIMESTAMP] Render @ webpack-internal:///(app-pages-browser)/./node_modules/next/dist/compiled/react-dom/cjs/react-dom-client.development.js:19292
[  148296ms] [TIMESTAMP] Commit @ webpack-internal:///(app-pages-browser)/./node_modules/next/dist/compiled/react-dom/cjs/react-dom-client.development.js:4724
[  148298ms] [TIMESTAMP] Waiting for Paint @ webpack-internal:///(app-pages-browser)/./node_modules/next/dist/compiled/react-dom/cjs/react-dom-client.development.js:19929
[  148298ms] [TIMESTAMP] Remaining Effects @ webpack-internal:///(app-pages-browser)/./node_modules/next/dist/compiled/react-dom/cjs/react-dom-client.development.js:19980
[  148298ms] [TIMESTAMP] Blocking Track @ webpack-internal:///(app-pages-browser)/./node_modules/next/dist/compiled/react-dom/cjs/react-dom-client.development.js:18271
[  148304ms] [TIMESTAMP] Transition Track @ webpack-internal:///(app-pages-browser)/./node_modules/next/dist/compiled/react-dom/cjs/react-dom-client.development.js:18279
[  148304ms] [TIMESTAMP] Suspense Track @ webpack-internal:///(app-pages-browser)/./node_modules/next/dist/compiled/react-dom/cjs/react-dom-client.development.js:18287
[  148304ms] [TIMESTAMP] Idle Track @ webpack-internal:///(app-pages-browser)/./node_modules/next/dist/compiled/react-dom/cjs/react-dom-client.development.js:18295
[  148352ms] [TIMESTAMP] Blocked @ webpack-internal:///(app-pages-browser)/./node_modules/next/dist/compiled/react-dom/cjs/react-dom-client.development.js:17801
[  148366ms] [TIMESTAMP] Render @ webpack-internal:///(app-pages-browser)/./node_modules/next/dist/compiled/react-dom/cjs/react-dom-client.development.js:19292
[  148370ms] [TIMESTAMP] Commit @ webpack-internal:///(app-pages-browser)/./node_modules/next/dist/compiled/react-dom/cjs/react-dom-client.development.js:4724
[  148370ms] [TIMESTAMP] Waiting for Paint @ webpack-internal:///(app-pages-browser)/./node_modules/next/dist/compiled/react-dom/cjs/react-dom-client.development.js:19929
[  148374ms] [TIMESTAMP] Page @ webpack-internal:///(app-pages-browser)/./node_modules/next/dist/compiled/react-dom/cjs/react-dom-client.development.js:4426
[  148374ms] [TIMESTAMP] ScrollRestorer @ webpack-internal:///(app-pages-browser)/./node_modules/next/dist/compiled/react-dom/cjs/react-dom-client.development.js:4406
[  148381ms] [TIMESTAMP] Sidebar @ webpack-internal:///(app-pages-browser)/./node_modules/next/dist/compiled/react-dom/cjs/react-dom-client.development.js:4406
[  148382ms] [TIMESTAMP] DeliveryAlertListener @ webpack-internal:///(app-pages-browser)/./node_modules/next/dist/compiled/react-dom/cjs/react-dom-client.development.js:4406
[  148382ms] [TIMESTAMP] MissionSoundNotifier @ webpack-internal:///(app-pages-browser)/./node_modules/next/dist/compiled/react-dom/cjs/react-dom-client.development.js:4406
[  148382ms] [TIMESTAMP] SellerReminderNotifier @ webpack-internal:///(app-pages-browser)/./node_modules/next/dist/compiled/react-dom/cjs/react-dom-client.development.js:4406
[  148382ms] [TIMESTAMP] BirthdayBanner @ webpack-internal:///(app-pages-browser)/./node_modules/next/dist/compiled/react-dom/cjs/react-dom-client.development.js:4406
[  148382ms] [TIMESTAMP] Shimmer @ webpack-internal:///(app-pages-browser)/./node_modules/next/dist/compiled/react-dom/cjs/react-dom-client.development.js:4406
[  148382ms] [TIMESTAMP] Shimmer @ webpack-internal:///(app-pages-browser)/./node_modules/next/dist/compiled/react-dom/cjs/react-dom-client.development.js:4406
[  148406ms] [TIMESTAMP] Shimmer @ webpack-internal:///(app-pages-browser)/./node_modules/next/dist/compiled/react-dom/cjs/react-dom-client.development.js:4406
[  148407ms] [TIMESTAMP] Shimmer @ webpack-internal:///(app-pages-browser)/./node_modules/next/dist/compiled/react-dom/cjs/react-dom-client.development.js:4406
[  148407ms] [TIMESTAMP] Shimmer @ webpack-internal:///(app-pages-browser)/./node_modules/next/dist/compiled/react-dom/cjs/react-dom-client.development.js:4406
[  148407ms] [TIMESTAMP] Shimmer @ webpack-internal:///(app-pages-browser)/./node_modules/next/dist/compiled/react-dom/cjs/react-dom-client.development.js:4406
[  148407ms] [TIMESTAMP] Shimmer @ webpack-internal:///(app-pages-browser)/./node_modules/next/dist/compiled/react-dom/cjs/react-dom-client.development.js:4406
[  148407ms] [TIMESTAMP] Shimmer @ webpack-internal:///(app-pages-browser)/./node_modules/next/dist/compiled/react-dom/cjs/react-dom-client.development.js:4406
[  148407ms] [TIMESTAMP] Shimmer @ webpack-internal:///(app-pages-browser)/./node_modules/next/dist/compiled/react-dom/cjs/react-dom-client.development.js:4406
[  148407ms] [TIMESTAMP] Shimmer @ webpack-internal:///(app-pages-browser)/./node_modules/next/dist/compiled/react-dom/cjs/react-dom-client.development.js:4406
[  148407ms] [TIMESTAMP] Shimmer @ webpack-internal:///(app-pages-browser)/./node_modules/next/dist/compiled/react-dom/cjs/react-dom-client.development.js:4406
[  148408ms] [TIMESTAMP] Shimmer @ webpack-internal:///(app-pages-browser)/./node_modules/next/dist/compiled/react-dom/cjs/react-dom-client.development.js:4406
[  148408ms] [TIMESTAMP] Shimmer @ webpack-internal:///(app-pages-browser)/./node_modules/next/dist/compiled/react-dom/cjs/react-dom-client.development.js:4406
[  148408ms] [TIMESTAMP] Shimmer @ webpack-internal:///(app-pages-browser)/./node_modules/next/dist/compiled/react-dom/cjs/react-dom-client.development.js:4406
[  148409ms] [TIMESTAMP] LiveDot @ webpack-internal:///(app-pages-browser)/./node_modules/next/dist/compiled/react-dom/cjs/react-dom-client.development.js:4406
[  148416ms] [TIMESTAMP] Shimmer @ webpack-internal:///(app-pages-browser)/./node_modules/next/dist/compiled/react-dom/cjs/react-dom-client.development.js:4406
[  148416ms] [TIMESTAMP] Trophy @ webpack-internal:///(app-pages-browser)/./node_modules/next/dist/compiled/react-dom/cjs/react-dom-client.development.js:4406
[  148417ms] [TIMESTAMP] ForwardRef @ webpack-internal:///(app-pages-browser)/./node_modules/next/dist/compiled/react-dom/cjs/react-dom-client.development.js:4406
[  148417ms] [TIMESTAMP] Shimmer @ webpack-internal:///(app-pages-browser)/./node_modules/next/dist/compiled/react-dom/cjs/react-dom-client.development.js:4406
[  148418ms] [TIMESTAMP] Shimmer @ webpack-internal:///(app-pages-browser)/./node_modules/next/dist/compiled/react-dom/cjs/react-dom-client.development.js:4406
[  148418ms] [TIMESTAMP] Shimmer @ webpack-internal:///(app-pages-browser)/./node_modules/next/dist/compiled/react-dom/cjs/react-dom-client.development.js:4406
[  148419ms] [TIMESTAMP] Shimmer @ webpack-internal:///(app-pages-browser)/./node_modules/next/dist/compiled/react-dom/cjs/react-dom-client.development.js:4406
[  148439ms] [TIMESTAMP] Shimmer @ webpack-internal:///(app-pages-browser)/./node_modules/next/dist/compiled/react-dom/cjs/react-dom-client.development.js:4406
[  148439ms] [TIMESTAMP] Shimmer @ webpack-internal:///(app-pages-browser)/./node_modules/next/dist/compiled/react-dom/cjs/react-dom-client.development.js:4406
[  148439ms] [TIMESTAMP] Shimmer @ webpack-internal:///(app-pages-browser)/./node_modules/next/dist/compiled/react-dom/cjs/react-dom-client.development.js:4406
[  148444ms] [TIMESTAMP] Shimmer @ webpack-internal:///(app-pages-browser)/./node_modules/next/dist/compiled/react-dom/cjs/react-dom-client.development.js:4406
[  148444ms] [TIMESTAMP] Shimmer @ webpack-internal:///(app-pages-browser)/./node_modules/next/dist/compiled/react-dom/cjs/react-dom-client.development.js:4406
[  148444ms] [TIMESTAMP] Laptop @ webpack-internal:///(app-pages-browser)/./node_modules/next/dist/compiled/react-dom/cjs/react-dom-client.development.js:4406
[  148444ms] [TIMESTAMP] ForwardRef @ webpack-internal:///(app-pages-browser)/./node_modules/next/dist/compiled/react-dom/cjs/react-dom-client.development.js:4406
[  148444ms] [TIMESTAMP] Shimmer @ webpack-internal:///(app-pages-browser)/./node_modules/next/dist/compiled/react-dom/cjs/react-dom-client.development.js:4406
[  148444ms] [TIMESTAMP] Shimmer @ webpack-internal:///(app-pages-browser)/./node_modules/next/dist/compiled/react-dom/cjs/react-dom-client.development.js:4406
[  148444ms] [TIMESTAMP] Shimmer @ webpack-internal:///(app-pages-browser)/./node_modules/next/dist/compiled/react-dom/cjs/react-dom-client.development.js:4406
[  148444ms] [TIMESTAMP] Shimmer @ webpack-internal:///(app-pages-browser)/./node_modules/next/dist/compiled/react-dom/cjs/react-dom-client.development.js:4406
[  148445ms] [TIMESTAMP] Shimmer @ webpack-internal:///(app-pages-browser)/./node_modules/next/dist/compiled/react-dom/cjs/react-dom-client.development.js:4406
[  148445ms] [TIMESTAMP] Shimmer @ webpack-internal:///(app-pages-browser)/./node_modules/next/dist/compiled/react-dom/cjs/react-dom-client.development.js:4406
[  148445ms] [TIMESTAMP] Shimmer @ webpack-internal:///(app-pages-browser)/./node_modules/next/dist/compiled/react-dom/cjs/react-dom-client.development.js:4406
[  148445ms] [TIMESTAMP] Shimmer @ webpack-internal:///(app-pages-browser)/./node_modules/next/dist/compiled/react-dom/cjs/react-dom-client.development.js:4406
[  148445ms] [TIMESTAMP] Shimmer @ webpack-internal:///(app-pages-browser)/./node_modules/next/dist/compiled/react-dom/cjs/react-dom-client.development.js:4406
[  148445ms] [TIMESTAMP] LiveDot @ webpack-internal:///(app-pages-browser)/./node_modules/next/dist/compiled/react-dom/cjs/react-dom-client.development.js:4406
[  148445ms] [TIMESTAMP] Shimmer @ webpack-internal:///(app-pages-browser)/./node_modules/next/dist/compiled/react-dom/cjs/react-dom-client.development.js:4406
[  148449ms] [TIMESTAMP] Shimmer @ webpack-internal:///(app-pages-browser)/./node_modules/next/dist/compiled/react-dom/cjs/react-dom-client.development.js:4406
[  148450ms] [TIMESTAMP] Shimmer @ webpack-internal:///(app-pages-browser)/./node_modules/next/dist/compiled/react-dom/cjs/react-dom-client.development.js:4406
[  148450ms] [TIMESTAMP] Shimmer @ webpack-internal:///(app-pages-browser)/./node_modules/next/dist/compiled/react-dom/cjs/react-dom-client.development.js:4406
[  148451ms] [TIMESTAMP] Shimmer @ webpack-internal:///(app-pages-browser)/./node_modules/next/dist/compiled/react-dom/cjs/react-dom-client.development.js:4406
[  148451ms] [TIMESTAMP] Shimmer @ webpack-internal:///(app-pages-browser)/./node_modules/next/dist/compiled/react-dom/cjs/react-dom-client.development.js:4406
[  148451ms] [TIMESTAMP] Shimmer @ webpack-internal:///(app-pages-browser)/./node_modules/next/dist/compiled/react-dom/cjs/react-dom-client.development.js:4406
[  148452ms] [TIMESTAMP] Shimmer @ webpack-internal:///(app-pages-browser)/./node_modules/next/dist/compiled/react-dom/cjs/react-dom-client.development.js:4406
[  148452ms] [TIMESTAMP] Shimmer @ webpack-internal:///(app-pages-browser)/./node_modules/next/dist/compiled/react-dom/cjs/react-dom-client.development.js:4406
[  148452ms] [TIMESTAMP] Shimmer @ webpack-internal:///(app-pages-browser)/./node_modules/next/dist/compiled/react-dom/cjs/react-dom-client.development.js:4406
[  148452ms] [TIMESTAMP] Shimmer @ webpack-internal:///(app-pages-browser)/./node_modules/next/dist/compiled/react-dom/cjs/react-dom-client.development.js:4406
[  148452ms] [TIMESTAMP] Shimmer @ webpack-internal:///(app-pages-browser)/./node_modules/next/dist/compiled/react-dom/cjs/react-dom-client.development.js:4406
[  148452ms] [TIMESTAMP] Shimmer @ webpack-internal:///(app-pages-browser)/./node_modules/next/dist/compiled/react-dom/cjs/react-dom-client.development.js:4406
[  148452ms] [TIMESTAMP] Shimmer @ webpack-internal:///(app-pages-browser)/./node_modules/next/dist/compiled/react-dom/cjs/react-dom-client.development.js:4406
[  148469ms] [TIMESTAMP] Shimmer @ webpack-internal:///(app-pages-browser)/./node_modules/next/dist/compiled/react-dom/cjs/react-dom-client.development.js:4406
[  148470ms] [TIMESTAMP] ConfirmDialog @ webpack-internal:///(app-pages-browser)/./node_modules/next/dist/compiled/react-dom/cjs/react-dom-client.development.js:4406
[  148470ms] [TIMESTAMP] NotificationBanner @ webpack-internal:///(app-pages-browser)/./node_modules/next/dist/compiled/react-dom/cjs/react-dom-client.development.js:4426
[  148470ms] [TIMESTAMP] JSXStyle @ webpack-internal:///(app-pages-browser)/./node_modules/next/dist/compiled/react-dom/cjs/react-dom-client.development.js:4426
[  148470ms] [TIMESTAMP] ChatBarBackground @ webpack-internal:///(app-pages-browser)/./node_modules/next/dist/compiled/react-dom/cjs/react-dom-client.development.js:4426
[  148470ms] [TIMESTAMP] Remaining Effects @ webpack-internal:///(app-pages-browser)/./node_modules/next/dist/compiled/react-dom/cjs/react-dom-client.development.js:19980
[  148480ms] [TIMESTAMP] Blocking Track @ webpack-internal:///(app-pages-browser)/./node_modules/next/dist/compiled/react-dom/cjs/react-dom-client.development.js:18271
[  148483ms] [TIMESTAMP] Transition Track @ webpack-internal:///(app-pages-browser)/./node_modules/next/dist/compiled/react-dom/cjs/react-dom-client.development.js:18279
[  148484ms] [TIMESTAMP] Suspense Track @ webpack-internal:///(app-pages-browser)/./node_modules/next/dist/compiled/react-dom/cjs/react-dom-client.development.js:18287
[  148484ms] [TIMESTAMP] Idle Track @ webpack-internal:///(app-pages-browser)/./node_modules/next/dist/compiled/react-dom/cjs/react-dom-client.development.js:18295
[  148484ms] [TIMESTAMP] Prepared @ webpack-internal:///(app-pages-browser)/./node_modules/next/dist/compiled/react-dom/cjs/react-dom-client.development.js:19292
[  148485ms] [TIMESTAMP] Commit @ webpack-internal:///(app-pages-browser)/./node_modules/next/dist/compiled/react-dom/cjs/react-dom-client.development.js:4724
[  148496ms] [TIMESTAMP] Waiting for Paint @ webpack-internal:///(app-pages-browser)/./node_modules/next/dist/compiled/react-dom/cjs/react-dom-client.development.js:19929
[  150826ms] [LOG] [Fast Refresh] rebuilding @ webpack-internal:///(app-pages-browser)/./node_modules/next/dist/next-devtools/shared/forward-logs-shared.js:27
[  153395ms] [LOG] [Fast Refresh] done in 2581ms @ webpack-internal:///(app-pages-browser)/./node_modules/next/dist/next-devtools/shared/forward-logs-shared.js:27
[  154107ms] [LOG] [Fast Refresh] rebuilding @ webpack-internal:///(app-pages-browser)/./node_modules/next/dist/next-devtools/shared/forward-logs-shared.js:27
[  155446ms] [LOG] [Fast Refresh] done in 1337ms @ webpack-internal:///(app-pages-browser)/./node_modules/next/dist/next-devtools/shared/forward-logs-shared.js:27
[  155912ms] [TIMESTAMP] Blocking Track @ webpack-internal:///(app-pages-browser)/./node_modules/next/dist/compiled/react-dom/cjs/react-dom-client.development.js:18271
[  155918ms] [TIMESTAMP] Transition Track @ webpack-internal:///(app-pages-browser)/./node_modules/next/dist/compiled/react-dom/cjs/react-dom-client.development.js:18279
[  155934ms] [TIMESTAMP] Suspense Track @ webpack-internal:///(app-pages-browser)/./node_modules/next/dist/compiled/react-dom/cjs/react-dom-client.development.js:18287
[  155947ms] [TIMESTAMP] Idle Track @ webpack-internal:///(app-pages-browser)/./node_modules/next/dist/compiled/react-dom/cjs/react-dom-client.development.js:18295
[  156412ms] [TIMESTAMP] Render @ webpack-internal:///(app-pages-browser)/./node_modules/next/dist/compiled/react-dom/cjs/react-dom-client.development.js:19292
[  156431ms] [TIMESTAMP] a @ webpack-internal:///(app-pages-browser)/./node_modules/next/dist/compiled/react-dom/cjs/react-dom-client.development.js:4554
[  156433ms] [TIMESTAMP] a @ webpack-internal:///(app-pages-browser)/./node_modules/next/dist/compiled/react-dom/cjs/react-dom-client.development.js:4554
[  156436ms] [TIMESTAMP] a @ webpack-internal:///(app-pages-browser)/./node_modules/next/dist/compiled/react-dom/cjs/react-dom-client.development.js:4554
[  156439ms] [TIMESTAMP] a @ webpack-internal:///(app-pages-browser)/./node_modules/next/dist/compiled/react-dom/cjs/react-dom-client.development.js:4554
[  156441ms] [TIMESTAMP] a @ webpack-internal:///(app-pages-browser)/./node_modules/next/dist/compiled/react-dom/cjs/react-dom-client.development.js:4554
[  156444ms] [TIMESTAMP] a @ webpack-internal:///(app-pages-browser)/./node_modules/next/dist/compiled/react-dom/cjs/react-dom-client.development.js:4554
[  156447ms] [TIMESTAMP] a @ webpack-internal:///(app-pages-browser)/./node_modules/next/dist/compiled/react-dom/cjs/react-dom-client.development.js:4554
[  156449ms] [TIMESTAMP] a @ webpack-internal:///(app-pages-browser)/./node_modules/next/dist/compiled/react-dom/cjs/react-dom-client.development.js:4554
[  156451ms] [TIMESTAMP] a @ webpack-internal:///(app-pages-browser)/./node_modules/next/dist/compiled/react-dom/cjs/react-dom-client.development.js:4554
[  156459ms] [TIMESTAMP] a @ webpack-internal:///(app-pages-browser)/./node_modules/next/dist/compiled/react-dom/cjs/react-dom-client.development.js:4554
[  156461ms] [TIMESTAMP] Commit @ webpack-internal:///(app-pages-browser)/./node_modules/next/dist/compiled/react-dom/cjs/react-dom-client.development.js:4724
[  156524ms] [TIMESTAMP] Waiting for Paint @ webpack-internal:///(app-pages-browser)/./node_modules/next/dist/compiled/react-dom/cjs/react-dom-client.development.js:19929
[  156527ms] [TIMESTAMP] Sidebar @ webpack-internal:///(app-pages-browser)/./node_modules/next/dist/compiled/react-dom/cjs/react-dom-client.development.js:4426
[  156530ms] [TIMESTAMP] RoleBadges @ webpack-internal:///(app-pages-browser)/./node_modules/next/dist/compiled/react-dom/cjs/react-dom-client.development.js:4426
[  156534ms] [TIMESTAMP] NavItem @ webpack-internal:///(app-pages-browser)/./node_modules/next/dist/compiled/react-dom/cjs/react-dom-client.development.js:4426
[  156538ms] [TIMESTAMP] LinkComponent @ webpack-internal:///(app-pages-browser)/./node_modules/next/dist/compiled/react-dom/cjs/react-dom-client.development.js:4426
[  156541ms] [TIMESTAMP] NavItem @ webpack-internal:///(app-pages-browser)/./node_modules/next/dist/compiled/react-dom/cjs/react-dom-client.development.js:4426
[  156544ms] [TIMESTAMP] LinkComponent @ webpack-internal:///(app-pages-browser)/./node_modules/next/dist/compiled/react-dom/cjs/react-dom-client.development.js:4426
[  156547ms] [TIMESTAMP] NavItem @ webpack-internal:///(app-pages-browser)/./node_modules/next/dist/compiled/react-dom/cjs/react-dom-client.development.js:4426
[  156550ms] [TIMESTAMP] LinkComponent @ webpack-internal:///(app-pages-browser)/./node_modules/next/dist/compiled/react-dom/cjs/react-dom-client.development.js:4426
[  156554ms] [TIMESTAMP] NavItem @ webpack-internal:///(app-pages-browser)/./node_modules/next/dist/compiled/react-dom/cjs/react-dom-client.development.js:4426
[  156557ms] [TIMESTAMP] LinkComponent @ webpack-internal:///(app-pages-browser)/./node_modules/next/dist/compiled/react-dom/cjs/react-dom-client.development.js:4426
[  156560ms] [TIMESTAMP] NavItem @ webpack-internal:///(app-pages-browser)/./node_modules/next/dist/compiled/react-dom/cjs/react-dom-client.development.js:4426
[  156563ms] [TIMESTAMP] LinkComponent @ webpack-internal:///(app-pages-browser)/./node_modules/next/dist/compiled/react-dom/cjs/react-dom-client.development.js:4426
[  156566ms] [TIMESTAMP] NavItem @ webpack-internal:///(app-pages-browser)/./node_modules/next/dist/compiled/react-dom/cjs/react-dom-client.development.js:4426
[  156567ms] [TIMESTAMP] LinkComponent @ webpack-internal:///(app-pages-browser)/./node_modules/next/dist/compiled/react-dom/cjs/react-dom-client.development.js:4426
[  156569ms] [TIMESTAMP] NavItem @ webpack-internal:///(app-pages-browser)/./node_modules/next/dist/compiled/react-dom/cjs/react-dom-client.development.js:4426
[  156570ms] [TIMESTAMP] LinkComponent @ webpack-internal:///(app-pages-browser)/./node_modules/next/dist/compiled/react-dom/cjs/react-dom-client.development.js:4426
[  156570ms] [TIMESTAMP] NavItem @ webpack-internal:///(app-pages-browser)/./node_modules/next/dist/compiled/react-dom/cjs/react-dom-client.development.js:4426
[  156571ms] [TIMESTAMP] LinkComponent @ webpack-internal:///(app-pages-browser)/./node_modules/next/dist/compiled/react-dom/cjs/react-dom-client.development.js:4426
[  156575ms] [TIMESTAMP] NavItem @ webpack-internal:///(app-pages-browser)/./node_modules/next/dist/compiled/react-dom/cjs/react-dom-client.development.js:4426
[  156575ms] [TIMESTAMP] LinkComponent @ webpack-internal:///(app-pages-browser)/./node_modules/next/dist/compiled/react-dom/cjs/react-dom-client.development.js:4426
[  156576ms] [TIMESTAMP] NavItem @ webpack-internal:///(app-pages-browser)/./node_modules/next/dist/compiled/react-dom/cjs/react-dom-client.development.js:4426
[  156578ms] [TIMESTAMP] LinkComponent @ webpack-internal:///(app-pages-browser)/./node_modules/next/dist/compiled/react-dom/cjs/react-dom-client.development.js:4426
[  156579ms] [TIMESTAMP] NavItem @ webpack-internal:///(app-pages-browser)/./node_modules/next/dist/compiled/react-dom/cjs/react-dom-client.development.js:4426
[  156581ms] [TIMESTAMP] LinkComponent @ webpack-internal:///(app-pages-browser)/./node_modules/next/dist/compiled/react-dom/cjs/react-dom-client.development.js:4426
[  156582ms] [TIMESTAMP] NavItem @ webpack-internal:///(app-pages-browser)/./node_modules/next/dist/compiled/react-dom/cjs/react-dom-client.development.js:4426
[  156583ms] [TIMESTAMP] LinkComponent @ webpack-internal:///(app-pages-browser)/./node_modules/next/dist/compiled/react-dom/cjs/react-dom-client.development.js:4426
[  156584ms] [TIMESTAMP] NavItem @ webpack-internal:///(app-pages-browser)/./node_modules/next/dist/compiled/react-dom/cjs/react-dom-client.development.js:4426
[  156587ms] [TIMESTAMP] LinkComponent @ webpack-internal:///(app-pages-browser)/./node_modules/next/dist/compiled/react-dom/cjs/react-dom-client.development.js:4426
[  156588ms] [TIMESTAMP] NavItem @ webpack-internal:///(app-pages-browser)/./node_modules/next/dist/compiled/react-dom/cjs/react-dom-client.development.js:4426
[  156591ms] [TIMESTAMP] NavItem @ webpack-internal:///(app-pages-browser)/./node_modules/next/dist/compiled/react-dom/cjs/react-dom-client.development.js:4426
[  156591ms] [TIMESTAMP] NavItem @ webpack-internal:///(app-pages-browser)/./node_modules/next/dist/compiled/react-dom/cjs/react-dom-client.development.js:4426
[  156594ms] [TIMESTAMP] LinkComponent @ webpack-internal:///(app-pages-browser)/./node_modules/next/dist/compiled/react-dom/cjs/react-dom-client.development.js:4426
[  156594ms] [TIMESTAMP] NavItem @ webpack-internal:///(app-pages-browser)/./node_modules/next/dist/compiled/react-dom/cjs/react-dom-client.development.js:4426
[  156598ms] [TIMESTAMP] LinkComponent @ webpack-internal:///(app-pages-browser)/./node_modules/next/dist/compiled/react-dom/cjs/react-dom-client.development.js:4426
[  156599ms] [TIMESTAMP] NavItem @ webpack-internal:///(app-pages-browser)/./node_modules/next/dist/compiled/react-dom/cjs/react-dom-client.development.js:4426
[  156599ms] [TIMESTAMP] LinkComponent @ webpack-internal:///(app-pages-browser)/./node_modules/next/dist/compiled/react-dom/cjs/react-dom-client.development.js:4426
[  156602ms] [TIMESTAMP] NavItem @ webpack-internal:///(app-pages-browser)/./node_modules/next/dist/compiled/react-dom/cjs/react-dom-client.development.js:4426
[  156603ms] [TIMESTAMP] LinkComponent @ webpack-internal:///(app-pages-browser)/./node_modules/next/dist/compiled/react-dom/cjs/react-dom-client.development.js:4426
[  156604ms] [TIMESTAMP] NavItem @ webpack-internal:///(app-pages-browser)/./node_modules/next/dist/compiled/react-dom/cjs/react-dom-client.development.js:4426
[  156607ms] [TIMESTAMP] LinkComponent @ webpack-internal:///(app-pages-browser)/./node_modules/next/dist/compiled/react-dom/cjs/react-dom-client.development.js:4426
[  156612ms] [TIMESTAMP] NavItem @ webpack-internal:///(app-pages-browser)/./node_modules/next/dist/compiled/react-dom/cjs/react-dom-client.development.js:4426
[  156614ms] [TIMESTAMP] LinkComponent @ webpack-internal:///(app-pages-browser)/./node_modules/next/dist/compiled/react-dom/cjs/react-dom-client.development.js:4426
[  156614ms] [TIMESTAMP] NavItem @ webpack-internal:///(app-pages-browser)/./node_modules/next/dist/compiled/react-dom/cjs/react-dom-client.development.js:4426
[  156615ms] [TIMESTAMP] LinkComponent @ webpack-internal:///(app-pages-browser)/./node_modules/next/dist/compiled/react-dom/cjs/react-dom-client.development.js:4426
[  156617ms] [TIMESTAMP] NavItem @ webpack-internal:///(app-pages-browser)/./node_modules/next/dist/compiled/react-dom/cjs/react-dom-client.development.js:4426
[  156618ms] [TIMESTAMP] LinkComponent @ webpack-internal:///(app-pages-browser)/./node_modules/next/dist/compiled/react-dom/cjs/react-dom-client.development.js:4426
[  156620ms] [TIMESTAMP] NavItem @ webpack-internal:///(app-pages-browser)/./node_modules/next/dist/compiled/react-dom/cjs/react-dom-client.development.js:4426
[  156621ms] [TIMESTAMP] NavItem @ webpack-internal:///(app-pages-browser)/./node_modules/next/dist/compiled/react-dom/cjs/react-dom-client.development.js:4426
[  156622ms] [TIMESTAMP] LinkComponent @ webpack-internal:///(app-pages-browser)/./node_modules/next/dist/compiled/react-dom/cjs/react-dom-client.development.js:4426
[  156623ms] [TIMESTAMP] NavItem @ webpack-internal:///(app-pages-browser)/./node_modules/next/dist/compiled/react-dom/cjs/react-dom-client.development.js:4426
[  156626ms] [TIMESTAMP] LinkComponent @ webpack-internal:///(app-pages-browser)/./node_modules/next/dist/compiled/react-dom/cjs/react-dom-client.development.js:4426
[  156629ms] [TIMESTAMP] NavItem @ webpack-internal:///(app-pages-browser)/./node_modules/next/dist/compiled/react-dom/cjs/react-dom-client.development.js:4426
[  156632ms] [TIMESTAMP] LinkComponent @ webpack-internal:///(app-pages-browser)/./node_modules/next/dist/compiled/react-dom/cjs/react-dom-client.development.js:4426
[  156635ms] [TIMESTAMP] NavItem @ webpack-internal:///(app-pages-browser)/./node_modules/next/dist/compiled/react-dom/cjs/react-dom-client.development.js:4426
[  156636ms] [TIMESTAMP] LinkComponent @ webpack-internal:///(app-pages-browser)/./node_modules/next/dist/compiled/react-dom/cjs/react-dom-client.development.js:4426
[  156638ms] [TIMESTAMP] NavItem @ webpack-internal:///(app-pages-browser)/./node_modules/next/dist/compiled/react-dom/cjs/react-dom-client.development.js:4426
[  156638ms] [TIMESTAMP] LinkComponent @ webpack-internal:///(app-pages-browser)/./node_modules/next/dist/compiled/react-dom/cjs/react-dom-client.development.js:4426
[  156641ms] [TIMESTAMP] NavItem @ webpack-internal:///(app-pages-browser)/./node_modules/next/dist/compiled/react-dom/cjs/react-dom-client.development.js:4426
[  156641ms] [TIMESTAMP] LinkComponent @ webpack-internal:///(app-pages-browser)/./node_modules/next/dist/compiled/react-dom/cjs/react-dom-client.development.js:4426
[  156643ms] [TIMESTAMP] NavItem @ webpack-internal:///(app-pages-browser)/./node_modules/next/dist/compiled/react-dom/cjs/react-dom-client.development.js:4426
[  156644ms] [TIMESTAMP] LinkComponent @ webpack-internal:///(app-pages-browser)/./node_modules/next/dist/compiled/react-dom/cjs/react-dom-client.development.js:4426
[  156645ms] [TIMESTAMP] NavItem @ webpack-internal:///(app-pages-browser)/./node_modules/next/dist/compiled/react-dom/cjs/react-dom-client.development.js:4426
[  156648ms] [TIMESTAMP] LinkComponent @ webpack-internal:///(app-pages-browser)/./node_modules/next/dist/compiled/react-dom/cjs/react-dom-client.development.js:4426
[  156648ms] [TIMESTAMP] NavItem @ webpack-internal:///(app-pages-browser)/./node_modules/next/dist/compiled/react-dom/cjs/react-dom-client.development.js:4426
[  156649ms] [TIMESTAMP] LinkComponent @ webpack-internal:///(app-pages-browser)/./node_modules/next/dist/compiled/react-dom/cjs/react-dom-client.development.js:4426
[  156651ms] [TIMESTAMP] NavItem @ webpack-internal:///(app-pages-browser)/./node_modules/next/dist/compiled/react-dom/cjs/react-dom-client.development.js:4426
[  156656ms] [TIMESTAMP] LinkComponent @ webpack-internal:///(app-pages-browser)/./node_modules/next/dist/compiled/react-dom/cjs/react-dom-client.development.js:4426
[  156660ms] [TIMESTAMP] NavItem @ webpack-internal:///(app-pages-browser)/./node_modules/next/dist/compiled/react-dom/cjs/react-dom-client.development.js:4426
[  156664ms] [TIMESTAMP] LinkComponent @ webpack-internal:///(app-pages-browser)/./node_modules/next/dist/compiled/react-dom/cjs/react-dom-client.development.js:4426
[  156664ms] [TIMESTAMP] NavItem @ webpack-internal:///(app-pages-browser)/./node_modules/next/dist/compiled/react-dom/cjs/react-dom-client.development.js:4426
[  156666ms] [TIMESTAMP] LinkComponent @ webpack-internal:///(app-pages-browser)/./node_modules/next/dist/compiled/react-dom/cjs/react-dom-client.development.js:4426
[  156666ms] [TIMESTAMP] NavItem @ webpack-internal:///(app-pages-browser)/./node_modules/next/dist/compiled/react-dom/cjs/react-dom-client.development.js:4426
[  156669ms] [TIMESTAMP] LinkComponent @ webpack-internal:///(app-pages-browser)/./node_modules/next/dist/compiled/react-dom/cjs/react-dom-client.development.js:4426
[  156670ms] [TIMESTAMP] NavItem @ webpack-internal:///(app-pages-browser)/./node_modules/next/dist/compiled/react-dom/cjs/react-dom-client.development.js:4426
[  156672ms] [TIMESTAMP] LinkComponent @ webpack-internal:///(app-pages-browser)/./node_modules/next/dist/compiled/react-dom/cjs/react-dom-client.development.js:4426
[  156673ms] [TIMESTAMP] NavItem @ webpack-internal:///(app-pages-browser)/./node_modules/next/dist/compiled/react-dom/cjs/react-dom-client.development.js:4426
[  156675ms] [TIMESTAMP] LinkComponent @ webpack-internal:///(app-pages-browser)/./node_modules/next/dist/compiled/react-dom/cjs/react-dom-client.development.js:4426
[  156676ms] [TIMESTAMP] NavItem @ webpack-internal:///(app-pages-browser)/./node_modules/next/dist/compiled/react-dom/cjs/react-dom-client.development.js:4426
[  156677ms] [TIMESTAMP] LinkComponent @ webpack-internal:///(app-pages-browser)/./node_modules/next/dist/compiled/react-dom/cjs/react-dom-client.development.js:4426
[  156679ms] [TIMESTAMP] NavItem @ webpack-internal:///(app-pages-browser)/./node_modules/next/dist/compiled/react-dom/cjs/react-dom-client.development.js:4426
[  156680ms] [TIMESTAMP] LinkComponent @ webpack-internal:///(app-pages-browser)/./node_modules/next/dist/compiled/react-dom/cjs/react-dom-client.development.js:4426
[  156681ms] [TIMESTAMP] NavItem @ webpack-internal:///(app-pages-browser)/./node_modules/next/dist/compiled/react-dom/cjs/react-dom-client.development.js:4426
[  156684ms] [TIMESTAMP] LinkComponent @ webpack-internal:///(app-pages-browser)/./node_modules/next/dist/compiled/react-dom/cjs/react-dom-client.development.js:4426
[  156685ms] [TIMESTAMP] NavItem @ webpack-internal:///(app-pages-browser)/./node_modules/next/dist/compiled/react-dom/cjs/react-dom-client.development.js:4426
[  156688ms] [TIMESTAMP] LinkComponent @ webpack-internal:///(app-pages-browser)/./node_modules/next/dist/compiled/react-dom/cjs/react-dom-client.development.js:4426
[  156689ms] [TIMESTAMP] NavItem @ webpack-internal:///(app-pages-browser)/./node_modules/next/dist/compiled/react-dom/cjs/react-dom-client.development.js:4426
[  156691ms] [TIMESTAMP] LinkComponent @ webpack-internal:///(app-pages-browser)/./node_modules/next/dist/compiled/react-dom/cjs/react-dom-client.development.js:4426
[  156699ms] [TIMESTAMP] RoleBadges @ webpack-internal:///(app-pages-browser)/./node_modules/next/dist/compiled/react-dom/cjs/react-dom-client.development.js:4426
[  156701ms] [TIMESTAMP] NavItem @ webpack-internal:///(app-pages-browser)/./node_modules/next/dist/compiled/react-dom/cjs/react-dom-client.development.js:4426
[  156702ms] [TIMESTAMP] LinkComponent @ webpack-internal:///(app-pages-browser)/./node_modules/next/dist/compiled/react-dom/cjs/react-dom-client.development.js:4426
[  156703ms] [TIMESTAMP] NavItem @ webpack-internal:///(app-pages-browser)/./node_modules/next/dist/compiled/react-dom/cjs/react-dom-client.development.js:4426
[  156707ms] [TIMESTAMP] LinkComponent @ webpack-internal:///(app-pages-browser)/./node_modules/next/dist/compiled/react-dom/cjs/react-dom-client.development.js:4426
[  156713ms] [TIMESTAMP] NavItem @ webpack-internal:///(app-pages-browser)/./node_modules/next/dist/compiled/react-dom/cjs/react-dom-client.development.js:4426
[  156716ms] [TIMESTAMP] NavItem @ webpack-internal:///(app-pages-browser)/./node_modules/next/dist/compiled/react-dom/cjs/react-dom-client.development.js:4426
[  156735ms] [TIMESTAMP] LinkComponent @ webpack-internal:///(app-pages-browser)/./node_modules/next/dist/compiled/react-dom/cjs/react-dom-client.development.js:4426
[  156736ms] [TIMESTAMP] NavItem @ webpack-internal:///(app-pages-browser)/./node_modules/next/dist/compiled/react-dom/cjs/react-dom-client.development.js:4426
[  156739ms] [TIMESTAMP] LinkComponent @ webpack-internal:///(app-pages-browser)/./node_modules/next/dist/compiled/react-dom/cjs/react-dom-client.development.js:4426
[  156740ms] [TIMESTAMP] NavItem @ webpack-internal:///(app-pages-browser)/./node_modules/next/dist/compiled/react-dom/cjs/react-dom-client.development.js:4426
[  156742ms] [TIMESTAMP] LinkComponent @ webpack-internal:///(app-pages-browser)/./node_modules/next/dist/compiled/react-dom/cjs/react-dom-client.development.js:4426
[  156743ms] [TIMESTAMP] NavItem @ webpack-internal:///(app-pages-browser)/./node_modules/next/dist/compiled/react-dom/cjs/react-dom-client.development.js:4426
[  156745ms] [TIMESTAMP] LinkComponent @ webpack-internal:///(app-pages-browser)/./node_modules/next/dist/compiled/react-dom/cjs/react-dom-client.development.js:4426
[  156745ms] [TIMESTAMP] NavItem @ webpack-internal:///(app-pages-browser)/./node_modules/next/dist/compiled/react-dom/cjs/react-dom-client.development.js:4426
[  156747ms] [TIMESTAMP] NavItem @ webpack-internal:///(app-pages-browser)/./node_modules/next/dist/compiled/react-dom/cjs/react-dom-client.development.js:4426
[  156748ms] [TIMESTAMP] LinkComponent @ webpack-internal:///(app-pages-browser)/./node_modules/next/dist/compiled/react-dom/cjs/react-dom-client.development.js:4426
[  156752ms] [TIMESTAMP] NavItem @ webpack-internal:///(app-pages-browser)/./node_modules/next/dist/compiled/react-dom/cjs/react-dom-client.development.js:4426
[  156755ms] [TIMESTAMP] LinkComponent @ webpack-internal:///(app-pages-browser)/./node_modules/next/dist/compiled/react-dom/cjs/react-dom-client.development.js:4426
[  156756ms] [TIMESTAMP] NavItem @ webpack-internal:///(app-pages-browser)/./node_modules/next/dist/compiled/react-dom/cjs/react-dom-client.development.js:4426
[  156758ms] [TIMESTAMP] NavItem @ webpack-internal:///(app-pages-browser)/./node_modules/next/dist/compiled/react-dom/cjs/react-dom-client.development.js:4426
[  156759ms] [TIMESTAMP] LinkComponent @ webpack-internal:///(app-pages-browser)/./node_modules/next/dist/compiled/react-dom/cjs/react-dom-client.development.js:4426
[  156760ms] [TIMESTAMP] NavItem @ webpack-internal:///(app-pages-browser)/./node_modules/next/dist/compiled/react-dom/cjs/react-dom-client.development.js:4426
[  156762ms] [TIMESTAMP] LinkComponent @ webpack-internal:///(app-pages-browser)/./node_modules/next/dist/compiled/react-dom/cjs/react-dom-client.development.js:4426
[  156763ms] [TIMESTAMP] NavItem @ webpack-internal:///(app-pages-browser)/./node_modules/next/dist/compiled/react-dom/cjs/react-dom-client.development.js:4426
[  156763ms] [TIMESTAMP] LinkComponent @ webpack-internal:///(app-pages-browser)/./node_modules/next/dist/compiled/react-dom/cjs/react-dom-client.development.js:4426
[  156765ms] [TIMESTAMP] NavItem @ webpack-internal:///(app-pages-browser)/./node_modules/next/dist/compiled/react-dom/cjs/react-dom-client.development.js:4426
[  156767ms] [TIMESTAMP] NavItem @ webpack-internal:///(app-pages-browser)/./node_modules/next/dist/compiled/react-dom/cjs/react-dom-client.development.js:4426
[  156768ms] [TIMESTAMP] LinkComponent @ webpack-internal:///(app-pages-browser)/./node_modules/next/dist/compiled/react-dom/cjs/react-dom-client.development.js:4426
[  156769ms] [TIMESTAMP] NavItem @ webpack-internal:///(app-pages-browser)/./node_modules/next/dist/compiled/react-dom/cjs/react-dom-client.development.js:4426
[  156773ms] [TIMESTAMP] LinkComponent @ webpack-internal:///(app-pages-browser)/./node_modules/next/dist/compiled/react-dom/cjs/react-dom-client.development.js:4426
[  156774ms] [TIMESTAMP] NavItem @ webpack-internal:///(app-pages-browser)/./node_modules/next/dist/compiled/react-dom/cjs/react-dom-client.development.js:4426
[  156774ms] [TIMESTAMP] NavItem @ webpack-internal:///(app-pages-browser)/./node_modules/next/dist/compiled/react-dom/cjs/react-dom-client.development.js:4426
[  156775ms] [TIMESTAMP] LinkComponent @ webpack-internal:///(app-pages-browser)/./node_modules/next/dist/compiled/react-dom/cjs/react-dom-client.development.js:4426
[  156775ms] [TIMESTAMP] NavItem @ webpack-internal:///(app-pages-browser)/./node_modules/next/dist/compiled/react-dom/cjs/react-dom-client.development.js:4426
[  156776ms] [TIMESTAMP] LinkComponent @ webpack-internal:///(app-pages-browser)/./node_modules/next/dist/compiled/react-dom/cjs/react-dom-client.development.js:4426
[  156779ms] [TIMESTAMP] NavItem @ webpack-internal:///(app-pages-browser)/./node_modules/next/dist/compiled/react-dom/cjs/react-dom-client.development.js:4426
[  156780ms] [TIMESTAMP] LinkComponent @ webpack-internal:///(app-pages-browser)/./node_modules/next/dist/compiled/react-dom/cjs/react-dom-client.development.js:4426
[  156782ms] [TIMESTAMP] NavItem @ webpack-internal:///(app-pages-browser)/./node_modules/next/dist/compiled/react-dom/cjs/react-dom-client.development.js:4426
[  156783ms] [TIMESTAMP] LinkComponent @ webpack-internal:///(app-pages-browser)/./node_modules/next/dist/compiled/react-dom/cjs/react-dom-client.development.js:4426
[  156784ms] [TIMESTAMP] NavItem @ webpack-internal:///(app-pages-browser)/./node_modules/next/dist/compiled/react-dom/cjs/react-dom-client.development.js:4426
[  156786ms] [TIMESTAMP] LinkComponent @ webpack-internal:///(app-pages-browser)/./node_modules/next/dist/compiled/react-dom/cjs/react-dom-client.development.js:4426
[  156787ms] [TIMESTAMP] NavItem @ webpack-internal:///(app-pages-browser)/./node_modules/next/dist/compiled/react-dom/cjs/react-dom-client.development.js:4426
[  156789ms] [TIMESTAMP] LinkComponent @ webpack-internal:///(app-pages-browser)/./node_modules/next/dist/compiled/react-dom/cjs/react-dom-client.development.js:4426
[  156790ms] [TIMESTAMP] NavItem @ webpack-internal:///(app-pages-browser)/./node_modules/next/dist/compiled/react-dom/cjs/react-dom-client.development.js:4426
[  156795ms] [TIMESTAMP] LinkComponent @ webpack-internal:///(app-pages-browser)/./node_modules/next/dist/compiled/react-dom/cjs/react-dom-client.development.js:4426
[  156796ms] [TIMESTAMP] NavItem @ webpack-internal:///(app-pages-browser)/./node_modules/next/dist/compiled/react-dom/cjs/react-dom-client.development.js:4426
[  156798ms] [TIMESTAMP] LinkComponent @ webpack-internal:///(app-pages-browser)/./node_modules/next/dist/compiled/react-dom/cjs/react-dom-client.development.js:4426
[  156799ms] [TIMESTAMP] NavItem @ webpack-internal:///(app-pages-browser)/./node_modules/next/dist/compiled/react-dom/cjs/react-dom-client.development.js:4426
[  156802ms] [TIMESTAMP] LinkComponent @ webpack-internal:///(app-pages-browser)/./node_modules/next/dist/compiled/react-dom/cjs/react-dom-client.development.js:4426
[  156806ms] [TIMESTAMP] NavItem @ webpack-internal:///(app-pages-browser)/./node_modules/next/dist/compiled/react-dom/cjs/react-dom-client.development.js:4426
[  156808ms] [TIMESTAMP] LinkComponent @ webpack-internal:///(app-pages-browser)/./node_modules/next/dist/compiled/react-dom/cjs/react-dom-client.development.js:4426
[  156811ms] [TIMESTAMP] NavItem @ webpack-internal:///(app-pages-browser)/./node_modules/next/dist/compiled/react-dom/cjs/react-dom-client.development.js:4426
[  156821ms] [TIMESTAMP] LinkComponent @ webpack-internal:///(app-pages-browser)/./node_modules/next/dist/compiled/react-dom/cjs/react-dom-client.development.js:4426
[  156826ms] [TIMESTAMP] NavItem @ webpack-internal:///(app-pages-browser)/./node_modules/next/dist/compiled/react-dom/cjs/react-dom-client.development.js:4426
[  156828ms] [TIMESTAMP] LinkComponent @ webpack-internal:///(app-pages-browser)/./node_modules/next/dist/compiled/react-dom/cjs/react-dom-client.development.js:4426
[  156830ms] [TIMESTAMP] NavItem @ webpack-internal:///(app-pages-browser)/./node_modules/next/dist/compiled/react-dom/cjs/react-dom-client.development.js:4426
[  156833ms] [TIMESTAMP] LinkComponent @ webpack-internal:///(app-pages-browser)/./node_modules/next/dist/compiled/react-dom/cjs/react-dom-client.development.js:4426
[  156834ms] [TIMESTAMP] NavItem @ webpack-internal:///(app-pages-browser)/./node_modules/next/dist/compiled/react-dom/cjs/react-dom-client.development.js:4426
[  156834ms] [TIMESTAMP] LinkComponent @ webpack-internal:///(app-pages-browser)/./node_modules/next/dist/compiled/react-dom/cjs/react-dom-client.development.js:4426
[  156836ms] [TIMESTAMP] NavItem @ webpack-internal:///(app-pages-browser)/./node_modules/next/dist/compiled/react-dom/cjs/react-dom-client.development.js:4426
[  156838ms] [TIMESTAMP] LinkComponent @ webpack-internal:///(app-pages-browser)/./node_modules/next/dist/compiled/react-dom/cjs/react-dom-client.development.js:4426
[  156840ms] [TIMESTAMP] NavItem @ webpack-internal:///(app-pages-browser)/./node_modules/next/dist/compiled/react-dom/cjs/react-dom-client.development.js:4426
[  156842ms] [TIMESTAMP] LinkComponent @ webpack-internal:///(app-pages-browser)/./node_modules/next/dist/compiled/react-dom/cjs/react-dom-client.development.js:4426
[  156851ms] [TIMESTAMP] NavItem @ webpack-internal:///(app-pages-browser)/./node_modules/next/dist/compiled/react-dom/cjs/react-dom-client.development.js:4426
[  156851ms] [TIMESTAMP] LinkComponent @ webpack-internal:///(app-pages-browser)/./node_modules/next/dist/compiled/react-dom/cjs/react-dom-client.development.js:4426
[  156852ms] [TIMESTAMP] NavItem @ webpack-internal:///(app-pages-browser)/./node_modules/next/dist/compiled/react-dom/cjs/react-dom-client.development.js:4426
[  156855ms] [TIMESTAMP] LinkComponent @ webpack-internal:///(app-pages-browser)/./node_modules/next/dist/compiled/react-dom/cjs/react-dom-client.development.js:4426
[  156859ms] [TIMESTAMP] NavItem @ webpack-internal:///(app-pages-browser)/./node_modules/next/dist/compiled/react-dom/cjs/react-dom-client.development.js:4426
[  156859ms] [TIMESTAMP] NavItem @ webpack-internal:///(app-pages-browser)/./node_modules/next/dist/compiled/react-dom/cjs/react-dom-client.development.js:4426
[  156862ms] [TIMESTAMP] LinkComponent @ webpack-internal:///(app-pages-browser)/./node_modules/next/dist/compiled/react-dom/cjs/react-dom-client.development.js:4426
[  156864ms] [TIMESTAMP] NavItem @ webpack-internal:///(app-pages-browser)/./node_modules/next/dist/compiled/react-dom/cjs/react-dom-client.development.js:4426
[  156879ms] [TIMESTAMP] NavItem @ webpack-internal:///(app-pages-browser)/./node_modules/next/dist/compiled/react-dom/cjs/react-dom-client.development.js:4426
[  156884ms] [TIMESTAMP] LinkComponent @ webpack-internal:///(app-pages-browser)/./node_modules/next/dist/compiled/react-dom/cjs/react-dom-client.development.js:4426
[  156891ms] [TIMESTAMP] NavItem @ webpack-internal:///(app-pages-browser)/./node_modules/next/dist/compiled/react-dom/cjs/react-dom-client.development.js:4426
[  156892ms] [TIMESTAMP] LinkComponent @ webpack-internal:///(app-pages-browser)/./node_modules/next/dist/compiled/react-dom/cjs/react-dom-client.development.js:4426
[  156894ms] [TIMESTAMP] NavItem @ webpack-internal:///(app-pages-browser)/./node_modules/next/dist/compiled/react-dom/cjs/react-dom-client.development.js:4426
[  156895ms] [TIMESTAMP] LinkComponent @ webpack-internal:///(app-pages-browser)/./node_modules/next/dist/compiled/react-dom/cjs/react-dom-client.development.js:4426
[  156895ms] [TIMESTAMP] NavItem @ webpack-internal:///(app-pages-browser)/./node_modules/next/dist/compiled/react-dom/cjs/react-dom-client.development.js:4426
[  156897ms] [TIMESTAMP] LinkComponent @ webpack-internal:///(app-pages-browser)/./node_modules/next/dist/compiled/react-dom/cjs/react-dom-client.development.js:4426
[  156900ms] [TIMESTAMP] NavItem @ webpack-internal:///(app-pages-browser)/./node_modules/next/dist/compiled/react-dom/cjs/react-dom-client.development.js:4426
[  156900ms] [TIMESTAMP] LinkComponent @ webpack-internal:///(app-pages-browser)/./node_modules/next/dist/compiled/react-dom/cjs/react-dom-client.development.js:4426
[  156905ms] [TIMESTAMP] Sidebar @ webpack-internal:///(app-pages-browser)/./node_modules/next/dist/compiled/react-dom/cjs/react-dom-client.development.js:4554
[  156909ms] [TIMESTAMP] a @ webpack-internal:///(app-pages-browser)/./node_modules/next/dist/compiled/react-dom/cjs/react-dom-client.development.js:4554
[  156914ms] [TIMESTAMP] a @ webpack-internal:///(app-pages-browser)/./node_modules/next/dist/compiled/react-dom/cjs/react-dom-client.development.js:4554
[  156934ms] [TIMESTAMP] a @ webpack-internal:///(app-pages-browser)/./node_modules/next/dist/compiled/react-dom/cjs/react-dom-client.development.js:4554
[  156935ms] [TIMESTAMP] a @ webpack-internal:///(app-pages-browser)/./node_modules/next/dist/compiled/react-dom/cjs/react-dom-client.development.js:4554
[  156940ms] [TIMESTAMP] a @ webpack-internal:///(app-pages-browser)/./node_modules/next/dist/compiled/react-dom/cjs/react-dom-client.development.js:4554
[  156943ms] [TIMESTAMP] a @ webpack-internal:///(app-pages-browser)/./node_modules/next/dist/compiled/react-dom/cjs/react-dom-client.development.js:4554
[  156943ms] [TIMESTAMP] a @ webpack-internal:///(app-pages-browser)/./node_modules/next/dist/compiled/react-dom/cjs/react-dom-client.development.js:4554
[  156958ms] [TIMESTAMP] a @ webpack-internal:///(app-pages-browser)/./node_modules/next/dist/compiled/react-dom/cjs/react-dom-client.development.js:4554
[  156967ms] [TIMESTAMP] a @ webpack-internal:///(app-pages-browser)/./node_modules/next/dist/compiled/react-dom/cjs/react-dom-client.development.js:4554
[  156970ms] [TIMESTAMP] a @ webpack-internal:///(app-pages-browser)/./node_modules/next/dist/compiled/react-dom/cjs/react-dom-client.development.js:4554
[  156975ms] [TIMESTAMP] a @ webpack-internal:///(app-pages-browser)/./node_modules/next/dist/compiled/react-dom/cjs/react-dom-client.development.js:4554
[  156980ms] [TIMESTAMP] Remaining Effects @ webpack-internal:///(app-pages-browser)/./node_modules/next/dist/compiled/react-dom/cjs/react-dom-client.development.js:19980
[  157026ms] [TIMESTAMP] Blocking Track @ webpack-internal:///(app-pages-browser)/./node_modules/next/dist/compiled/react-dom/cjs/react-dom-client.development.js:18271
[  157027ms] [TIMESTAMP] Transition Track @ webpack-internal:///(app-pages-browser)/./node_modules/next/dist/compiled/react-dom/cjs/react-dom-client.development.js:18279
[  157030ms] [TIMESTAMP] Suspense Track @ webpack-internal:///(app-pages-browser)/./node_modules/next/dist/compiled/react-dom/cjs/react-dom-client.development.js:18287
[  157032ms] [TIMESTAMP] Idle Track @ webpack-internal:///(app-pages-browser)/./node_modules/next/dist/compiled/react-dom/cjs/react-dom-client.development.js:18295
[  157126ms] [TIMESTAMP] Render @ webpack-internal:///(app-pages-browser)/./node_modules/next/dist/compiled/react-dom/cjs/react-dom-client.development.js:19292
[  157140ms] [TIMESTAMP] Commit @ webpack-internal:///(app-pages-browser)/./node_modules/next/dist/compiled/react-dom/cjs/react-dom-client.development.js:4724
[  157185ms] [LOG] [Fast Refresh] rebuilding @ webpack-internal:///(app-pages-browser)/./node_modules/next/dist/next-devtools/shared/forward-logs-shared.js:27
[  157208ms] [TIMESTAMP] Waiting for Paint @ webpack-internal:///(app-pages-browser)/./node_modules/next/dist/compiled/react-dom/cjs/react-dom-client.development.js:19929
[  157214ms] [TIMESTAMP] Sidebar @ webpack-internal:///(app-pages-browser)/./node_modules/next/dist/compiled/react-dom/cjs/react-dom-client.development.js:4426
[  157220ms] [TIMESTAMP] NavItem @ webpack-internal:///(app-pages-browser)/./node_modules/next/dist/compiled/react-dom/cjs/react-dom-client.development.js:4406
[  157221ms] [TIMESTAMP] NavItem @ webpack-internal:///(app-pages-browser)/./node_modules/next/dist/compiled/react-dom/cjs/react-dom-client.development.js:4406
[  157223ms] [TIMESTAMP] NavItem @ webpack-internal:///(app-pages-browser)/./node_modules/next/dist/compiled/react-dom/cjs/react-dom-client.development.js:4406
[  157226ms] [TIMESTAMP] NavItem @ webpack-internal:///(app-pages-browser)/./node_modules/next/dist/compiled/react-dom/cjs/react-dom-client.development.js:4406
[  157227ms] [TIMESTAMP] NavItem @ webpack-internal:///(app-pages-browser)/./node_modules/next/dist/compiled/react-dom/cjs/react-dom-client.development.js:4406
[  157229ms] [TIMESTAMP] NavItem @ webpack-internal:///(app-pages-browser)/./node_modules/next/dist/compiled/react-dom/cjs/react-dom-client.development.js:4406
[  157230ms] [TIMESTAMP] NavItem @ webpack-internal:///(app-pages-browser)/./node_modules/next/dist/compiled/react-dom/cjs/react-dom-client.development.js:4406
[  157232ms] [TIMESTAMP] NavItem @ webpack-internal:///(app-pages-browser)/./node_modules/next/dist/compiled/react-dom/cjs/react-dom-client.development.js:4406
[  157235ms] [TIMESTAMP] NavItem @ webpack-internal:///(app-pages-browser)/./node_modules/next/dist/compiled/react-dom/cjs/react-dom-client.development.js:4406
[  157235ms] [TIMESTAMP] NavItem @ webpack-internal:///(app-pages-browser)/./node_modules/next/dist/compiled/react-dom/cjs/react-dom-client.development.js:4406
[  157238ms] [TIMESTAMP] NavItem @ webpack-internal:///(app-pages-browser)/./node_modules/next/dist/compiled/react-dom/cjs/react-dom-client.development.js:4406
[  157239ms] [TIMESTAMP] NavItem @ webpack-internal:///(app-pages-browser)/./node_modules/next/dist/compiled/react-dom/cjs/react-dom-client.development.js:4406
[  157242ms] [TIMESTAMP] NavItem @ webpack-internal:///(app-pages-browser)/./node_modules/next/dist/compiled/react-dom/cjs/react-dom-client.development.js:4406
[  157244ms] [TIMESTAMP] NavItem @ webpack-internal:///(app-pages-browser)/./node_modules/next/dist/compiled/react-dom/cjs/react-dom-client.development.js:4406
[  157244ms] [TIMESTAMP] NavItem @ webpack-internal:///(app-pages-browser)/./node_modules/next/dist/compiled/react-dom/cjs/react-dom-client.development.js:4406
[  157247ms] [TIMESTAMP] NavItem @ webpack-internal:///(app-pages-browser)/./node_modules/next/dist/compiled/react-dom/cjs/react-dom-client.development.js:4406
[  157248ms] [TIMESTAMP] NavItem @ webpack-internal:///(app-pages-browser)/./node_modules/next/dist/compiled/react-dom/cjs/react-dom-client.development.js:4406
[  157255ms] [TIMESTAMP] NavItem @ webpack-internal:///(app-pages-browser)/./node_modules/next/dist/compiled/react-dom/cjs/react-dom-client.development.js:4406
[  157263ms] [TIMESTAMP] NavItem @ webpack-internal:///(app-pages-browser)/./node_modules/next/dist/compiled/react-dom/cjs/react-dom-client.development.js:4406
[  157264ms] [TIMESTAMP] NavItem @ webpack-internal:///(app-pages-browser)/./node_modules/next/dist/compiled/react-dom/cjs/react-dom-client.development.js:4406
[  157266ms] [TIMESTAMP] NavItem @ webpack-internal:///(app-pages-browser)/./node_modules/next/dist/compiled/react-dom/cjs/react-dom-client.development.js:4406
[  157267ms] [TIMESTAMP] NavItem @ webpack-internal:///(app-pages-browser)/./node_modules/next/dist/compiled/react-dom/cjs/react-dom-client.development.js:4406
[  157270ms] [TIMESTAMP] NavItem @ webpack-internal:///(app-pages-browser)/./node_modules/next/dist/compiled/react-dom/cjs/react-dom-client.development.js:4406
[  157273ms] [TIMESTAMP] NavItem @ webpack-internal:///(app-pages-browser)/./node_modules/next/dist/compiled/react-dom/cjs/react-dom-client.development.js:4406
[  157275ms] [TIMESTAMP] NavItem @ webpack-internal:///(app-pages-browser)/./node_modules/next/dist/compiled/react-dom/cjs/react-dom-client.development.js:4406
[  157276ms] [TIMESTAMP] NavItem @ webpack-internal:///(app-pages-browser)/./node_modules/next/dist/compiled/react-dom/cjs/react-dom-client.development.js:4406
[  157278ms] [TIMESTAMP] NavItem @ webpack-internal:///(app-pages-browser)/./node_modules/next/dist/compiled/react-dom/cjs/react-dom-client.development.js:4406
[  157279ms] [TIMESTAMP] NavItem @ webpack-internal:///(app-pages-browser)/./node_modules/next/dist/compiled/react-dom/cjs/react-dom-client.development.js:4406
[  157280ms] [TIMESTAMP] NavItem @ webpack-internal:///(app-pages-browser)/./node_modules/next/dist/compiled/react-dom/cjs/react-dom-client.development.js:4406
[  157282ms] [TIMESTAMP] NavItem @ webpack-internal:///(app-pages-browser)/./node_modules/next/dist/compiled/react-dom/cjs/react-dom-client.development.js:4406
[  157283ms] [TIMESTAMP] NavItem @ webpack-internal:///(app-pages-browser)/./node_modules/next/dist/compiled/react-dom/cjs/react-dom-client.development.js:4406
[  157285ms] [TIMESTAMP] NavItem @ webpack-internal:///(app-pages-browser)/./node_modules/next/dist/compiled/react-dom/cjs/react-dom-client.development.js:4406
[  157286ms] [TIMESTAMP] NavItem @ webpack-internal:///(app-pages-browser)/./node_modules/next/dist/compiled/react-dom/cjs/react-dom-client.development.js:4406
[  157288ms] [TIMESTAMP] NavItem @ webpack-internal:///(app-pages-browser)/./node_modules/next/dist/compiled/react-dom/cjs/react-dom-client.development.js:4406
[  157289ms] [TIMESTAMP] NavItem @ webpack-internal:///(app-pages-browser)/./node_modules/next/dist/compiled/react-dom/cjs/react-dom-client.development.js:4406
[  157291ms] [TIMESTAMP] NavItem @ webpack-internal:///(app-pages-browser)/./node_modules/next/dist/compiled/react-dom/cjs/react-dom-client.development.js:4406
[  157291ms] [TIMESTAMP] NavItem @ webpack-internal:///(app-pages-browser)/./node_modules/next/dist/compiled/react-dom/cjs/react-dom-client.development.js:4406
[  157294ms] [TIMESTAMP] NavItem @ webpack-internal:///(app-pages-browser)/./node_modules/next/dist/compiled/react-dom/cjs/react-dom-client.development.js:4406
[  157294ms] [TIMESTAMP] NavItem @ webpack-internal:///(app-pages-browser)/./node_modules/next/dist/compiled/react-dom/cjs/react-dom-client.development.js:4406
[  157297ms] [TIMESTAMP] NavItem @ webpack-internal:///(app-pages-browser)/./node_modules/next/dist/compiled/react-dom/cjs/react-dom-client.development.js:4406
[  157297ms] [TIMESTAMP] NavItem @ webpack-internal:///(app-pages-browser)/./node_modules/next/dist/compiled/react-dom/cjs/react-dom-client.development.js:4406
[  157299ms] [TIMESTAMP] NavItem @ webpack-internal:///(app-pages-browser)/./node_modules/next/dist/compiled/react-dom/cjs/react-dom-client.development.js:4406
[  157301ms] [TIMESTAMP] NavItem @ webpack-internal:///(app-pages-browser)/./node_modules/next/dist/compiled/react-dom/cjs/react-dom-client.development.js:4406
[  157302ms] [TIMESTAMP] NavItem @ webpack-internal:///(app-pages-browser)/./node_modules/next/dist/compiled/react-dom/cjs/react-dom-client.development.js:4406
[  157304ms] [TIMESTAMP] Remaining Effects @ webpack-internal:///(app-pages-browser)/./node_modules/next/dist/compiled/react-dom/cjs/react-dom-client.development.js:19980
[  157315ms] [TIMESTAMP] Blocking Track @ webpack-internal:///(app-pages-browser)/./node_modules/next/dist/compiled/react-dom/cjs/react-dom-client.development.js:18271
[  157316ms] [TIMESTAMP] Transition Track @ webpack-internal:///(app-pages-browser)/./node_modules/next/dist/compiled/react-dom/cjs/react-dom-client.development.js:18279
[  157316ms] [TIMESTAMP] Suspense Track @ webpack-internal:///(app-pages-browser)/./node_modules/next/dist/compiled/react-dom/cjs/react-dom-client.development.js:18287
[  157317ms] [TIMESTAMP] Idle Track @ webpack-internal:///(app-pages-browser)/./node_modules/next/dist/compiled/react-dom/cjs/react-dom-client.development.js:18295
[  157322ms] [TIMESTAMP] Render @ webpack-internal:///(app-pages-browser)/./node_modules/next/dist/compiled/react-dom/cjs/react-dom-client.development.js:19292
[  157326ms] [TIMESTAMP] Commit @ webpack-internal:///(app-pages-browser)/./node_modules/next/dist/compiled/react-dom/cjs/react-dom-client.development.js:4724
[  157331ms] [TIMESTAMP] Waiting for Paint @ webpack-internal:///(app-pages-browser)/./node_modules/next/dist/compiled/react-dom/cjs/react-dom-client.development.js:19929
[  157334ms] [TIMESTAMP] MissionQuestTracker @ webpack-internal:///(app-pages-browser)/./node_modules/next/dist/compiled/react-dom/cjs/react-dom-client.development.js:4426
[  157335ms] [TIMESTAMP] Remaining Effects @ webpack-internal:///(app-pages-browser)/./node_modules/next/dist/compiled/react-dom/cjs/react-dom-client.development.js:19980
[  157339ms] [TIMESTAMP] Blocking Track @ webpack-internal:///(app-pages-browser)/./node_modules/next/dist/compiled/react-dom/cjs/react-dom-client.development.js:18271
[  157339ms] [TIMESTAMP] Transition Track @ webpack-internal:///(app-pages-browser)/./node_modules/next/dist/compiled/react-dom/cjs/react-dom-client.development.js:18279
[  157341ms] [TIMESTAMP] Suspense Track @ webpack-internal:///(app-pages-browser)/./node_modules/next/dist/compiled/react-dom/cjs/react-dom-client.development.js:18287
[  157343ms] [TIMESTAMP] Idle Track @ webpack-internal:///(app-pages-browser)/./node_modules/next/dist/compiled/react-dom/cjs/react-dom-client.development.js:18295
[  157372ms] [TIMESTAMP] Render @ webpack-internal:///(app-pages-browser)/./node_modules/next/dist/compiled/react-dom/cjs/react-dom-client.development.js:19292
[  157374ms] [TIMESTAMP] Commit @ webpack-internal:///(app-pages-browser)/./node_modules/next/dist/compiled/react-dom/cjs/react-dom-client.development.js:4724
[  157377ms] [TIMESTAMP] Waiting for Paint @ webpack-internal:///(app-pages-browser)/./node_modules/next/dist/compiled/react-dom/cjs/react-dom-client.development.js:19929
[  157385ms] [TIMESTAMP] BirthdayBanner @ webpack-internal:///(app-pages-browser)/./node_modules/next/dist/compiled/react-dom/cjs/react-dom-client.development.js:4426
[  157388ms] [TIMESTAMP] Cake @ webpack-internal:///(app-pages-browser)/./node_modules/next/dist/compiled/react-dom/cjs/react-dom-client.development.js:4426
[  157390ms] [TIMESTAMP] ForwardRef @ webpack-internal:///(app-pages-browser)/./node_modules/next/dist/compiled/react-dom/cjs/react-dom-client.development.js:4426
[  157394ms] [TIMESTAMP] PartyPopper @ webpack-internal:///(app-pages-browser)/./node_modules/next/dist/compiled/react-dom/cjs/react-dom-client.development.js:4426
[  157397ms] [TIMESTAMP] ForwardRef @ webpack-internal:///(app-pages-browser)/./node_modules/next/dist/compiled/react-dom/cjs/react-dom-client.development.js:4426
[  157398ms] [TIMESTAMP] PartyPopper @ webpack-internal:///(app-pages-browser)/./node_modules/next/dist/compiled/react-dom/cjs/react-dom-client.development.js:4426
[  157400ms] [TIMESTAMP] ForwardRef @ webpack-internal:///(app-pages-browser)/./node_modules/next/dist/compiled/react-dom/cjs/react-dom-client.development.js:4426
[  157403ms] [TIMESTAMP] Remaining Effects @ webpack-internal:///(app-pages-browser)/./node_modules/next/dist/compiled/react-dom/cjs/react-dom-client.development.js:19980
[  157406ms] [TIMESTAMP] Blocking Track @ webpack-internal:///(app-pages-browser)/./node_modules/next/dist/compiled/react-dom/cjs/react-dom-client.development.js:18271
[  157406ms] [TIMESTAMP] Transition Track @ webpack-internal:///(app-pages-browser)/./node_modules/next/dist/compiled/react-dom/cjs/react-dom-client.development.js:18279
[  157407ms] [TIMESTAMP] Suspense Track @ webpack-internal:///(app-pages-browser)/./node_modules/next/dist/compiled/react-dom/cjs/react-dom-client.development.js:18287
[  157407ms] [TIMESTAMP] Idle Track @ webpack-internal:///(app-pages-browser)/./node_modules/next/dist/compiled/react-dom/cjs/react-dom-client.development.js:18295
[  157415ms] [TIMESTAMP] Render @ webpack-internal:///(app-pages-browser)/./node_modules/next/dist/compiled/react-dom/cjs/react-dom-client.development.js:19292
[  157417ms] [TIMESTAMP] Commit @ webpack-internal:///(app-pages-browser)/./node_modules/next/dist/compiled/react-dom/cjs/react-dom-client.development.js:4724
[  157629ms] [LOG] [Fast Refresh] done in 444ms @ webpack-internal:///(app-pages-browser)/./node_modules/next/dist/next-devtools/shared/forward-logs-shared.js:27
[  157735ms] [LOG] [Fast Refresh] rebuilding @ webpack-internal:///(app-pages-browser)/./node_modules/next/dist/next-devtools/shared/forward-logs-shared.js:27
[  158433ms] [LOG] [Fast Refresh] done in 698ms @ webpack-internal:///(app-pages-browser)/./node_modules/next/dist/next-devtools/shared/forward-logs-shared.js:27
[  158804ms] [TIMESTAMP] Blocking Track @ webpack-internal:///(app-pages-browser)/./node_modules/next/dist/compiled/react-dom/cjs/react-dom-client.development.js:18271
[  158804ms] [TIMESTAMP] Transition Track @ webpack-internal:///(app-pages-browser)/./node_modules/next/dist/compiled/react-dom/cjs/react-dom-client.development.js:18279
[  158805ms] [TIMESTAMP] Suspense Track @ webpack-internal:///(app-pages-browser)/./node_modules/next/dist/compiled/react-dom/cjs/react-dom-client.development.js:18287
[  158806ms] [TIMESTAMP] Idle Track @ webpack-internal:///(app-pages-browser)/./node_modules/next/dist/compiled/react-dom/cjs/react-dom-client.development.js:18295
[  158807ms] [TIMESTAMP] Render @ webpack-internal:///(app-pages-browser)/./node_modules/next/dist/compiled/react-dom/cjs/react-dom-client.development.js:19292
[  158807ms] [TIMESTAMP] Waiting for Paint @ webpack-internal:///(app-pages-browser)/./node_modules/next/dist/compiled/react-dom/cjs/react-dom-client.development.js:19929
[  158808ms] [TIMESTAMP] DeliveryAlertListener @ webpack-internal:///(app-pages-browser)/./node_modules/next/dist/compiled/react-dom/cjs/react-dom-client.development.js:4426
[  158824ms] [TIMESTAMP] DeliveryAlertListener @ webpack-internal:///(app-pages-browser)/./node_modules/next/dist/compiled/react-dom/cjs/react-dom-client.development.js:4554
[  158824ms] [TIMESTAMP] Remaining Effects @ webpack-internal:///(app-pages-browser)/./node_modules/next/dist/compiled/react-dom/cjs/react-dom-client.development.js:19980
[  158837ms] [TIMESTAMP] Blocking Track @ webpack-internal:///(app-pages-browser)/./node_modules/next/dist/compiled/react-dom/cjs/react-dom-client.development.js:18271
[  158838ms] [TIMESTAMP] Transition Track @ webpack-internal:///(app-pages-browser)/./node_modules/next/dist/compiled/react-dom/cjs/react-dom-client.development.js:18279
[  158838ms] [TIMESTAMP] Suspense Track @ webpack-internal:///(app-pages-browser)/./node_modules/next/dist/compiled/react-dom/cjs/react-dom-client.development.js:18287
[  158838ms] [TIMESTAMP] Idle Track @ webpack-internal:///(app-pages-browser)/./node_modules/next/dist/compiled/react-dom/cjs/react-dom-client.development.js:18295
[  158847ms] [TIMESTAMP] Render @ webpack-internal:///(app-pages-browser)/./node_modules/next/dist/compiled/react-dom/cjs/react-dom-client.development.js:19292
[  158848ms] [TIMESTAMP] Commit @ webpack-internal:///(app-pages-browser)/./node_modules/next/dist/compiled/react-dom/cjs/react-dom-client.development.js:4724
[  158848ms] [TIMESTAMP] Waiting for Paint @ webpack-internal:///(app-pages-browser)/./node_modules/next/dist/compiled/react-dom/cjs/react-dom-client.development.js:19929
[  158848ms] [TIMESTAMP] BirthdayBanner @ webpack-internal:///(app-pages-browser)/./node_modules/next/dist/compiled/react-dom/cjs/react-dom-client.development.js:4426
[  158848ms] [TIMESTAMP] Cake @ webpack-internal:///(app-pages-browser)/./node_modules/next/dist/compiled/react-dom/cjs/react-dom-client.development.js:4406
[  158848ms] [TIMESTAMP] ForwardRef @ webpack-internal:///(app-pages-browser)/./node_modules/next/dist/compiled/react-dom/cjs/react-dom-client.development.js:4406
[  158848ms] [TIMESTAMP] PartyPopper @ webpack-internal:///(app-pages-browser)/./node_modules/next/dist/compiled/react-dom/cjs/react-dom-client.development.js:4406
[  158848ms] [TIMESTAMP] ForwardRef @ webpack-internal:///(app-pages-browser)/./node_modules/next/dist/compiled/react-dom/cjs/react-dom-client.development.js:4406
[  158848ms] [TIMESTAMP] PartyPopper @ webpack-internal:///(app-pages-browser)/./node_modules/next/dist/compiled/react-dom/cjs/react-dom-client.development.js:4406
[  158848ms] [TIMESTAMP] ForwardRef @ webpack-internal:///(app-pages-browser)/./node_modules/next/dist/compiled/react-dom/cjs/react-dom-client.development.js:4406
[  158848ms] [TIMESTAMP] Remaining Effects @ webpack-internal:///(app-pages-browser)/./node_modules/next/dist/compiled/react-dom/cjs/react-dom-client.development.js:19980
[  158858ms] [TIMESTAMP] Blocking Track @ webpack-internal:///(app-pages-browser)/./node_modules/next/dist/compiled/react-dom/cjs/react-dom-client.development.js:18271
[  158858ms] [TIMESTAMP] Transition Track @ webpack-internal:///(app-pages-browser)/./node_modules/next/dist/compiled/react-dom/cjs/react-dom-client.development.js:18279
[  158858ms] [TIMESTAMP] Suspense Track @ webpack-internal:///(app-pages-browser)/./node_modules/next/dist/compiled/react-dom/cjs/react-dom-client.development.js:18287
[  158859ms] [TIMESTAMP] Idle Track @ webpack-internal:///(app-pages-browser)/./node_modules/next/dist/compiled/react-dom/cjs/react-dom-client.development.js:18295
[  158864ms] [TIMESTAMP] Render @ webpack-internal:///(app-pages-browser)/./node_modules/next/dist/compiled/react-dom/cjs/react-dom-client.development.js:19292
[  158868ms] [TIMESTAMP] Waiting for Paint @ webpack-internal:///(app-pages-browser)/./node_modules/next/dist/compiled/react-dom/cjs/react-dom-client.development.js:19929
[  158868ms] [TIMESTAMP] HTCallProvider @ webpack-internal:///(app-pages-browser)/./node_modules/next/dist/compiled/react-dom/cjs/react-dom-client.development.js:4426
[  158869ms] [TIMESTAMP] HTCallProvider @ webpack-internal:///(app-pages-browser)/./node_modules/next/dist/compiled/react-dom/cjs/react-dom-client.development.js:4554
[  158874ms] [TIMESTAMP] Remaining Effects @ webpack-internal:///(app-pages-browser)/./node_modules/next/dist/compiled/react-dom/cjs/react-dom-client.development.js:19980
[  159070ms] [TIMESTAMP] Blocking Track @ webpack-internal:///(app-pages-browser)/./node_modules/next/dist/compiled/react-dom/cjs/react-dom-client.development.js:18271
[  159070ms] [TIMESTAMP] Transition Track @ webpack-internal:///(app-pages-browser)/./node_modules/next/dist/compiled/react-dom/cjs/react-dom-client.development.js:18279
[  159071ms] [TIMESTAMP] Suspense Track @ webpack-internal:///(app-pages-browser)/./node_modules/next/dist/compiled/react-dom/cjs/react-dom-client.development.js:18287
[  159071ms] [TIMESTAMP] Idle Track @ webpack-internal:///(app-pages-browser)/./node_modules/next/dist/compiled/react-dom/cjs/react-dom-client.development.js:18295
[  159396ms] [TIMESTAMP] Render @ webpack-internal:///(app-pages-browser)/./node_modules/next/dist/compiled/react-dom/cjs/react-dom-client.development.js:19292
[  159416ms] [TIMESTAMP] Commit @ webpack-internal:///(app-pages-browser)/./node_modules/next/dist/compiled/react-dom/cjs/react-dom-client.development.js:4724
[  159509ms] [TIMESTAMP] Waiting for Paint @ webpack-internal:///(app-pages-browser)/./node_modules/next/dist/compiled/react-dom/cjs/react-dom-client.development.js:19929
[  159511ms] [TIMESTAMP] Page @ webpack-internal:///(app-pages-browser)/./node_modules/next/dist/compiled/react-dom/cjs/react-dom-client.development.js:4426
[  159512ms] [TIMESTAMP] ScrollRestorer @ webpack-internal:///(app-pages-browser)/./node_modules/next/dist/compiled/react-dom/cjs/react-dom-client.development.js:4406
[  159512ms] [TIMESTAMP] Sidebar @ webpack-internal:///(app-pages-browser)/./node_modules/next/dist/compiled/react-dom/cjs/react-dom-client.development.js:4406
[  159521ms] [TIMESTAMP] NavItem @ webpack-internal:///(app-pages-browser)/./node_modules/next/dist/compiled/react-dom/cjs/react-dom-client.development.js:4406
[  159521ms] [TIMESTAMP] NavItem @ webpack-internal:///(app-pages-browser)/./node_modules/next/dist/compiled/react-dom/cjs/react-dom-client.development.js:4406
[  159521ms] [TIMESTAMP] NavItem @ webpack-internal:///(app-pages-browser)/./node_modules/next/dist/compiled/react-dom/cjs/react-dom-client.development.js:4406
[  159521ms] [TIMESTAMP] NavItem @ webpack-internal:///(app-pages-browser)/./node_modules/next/dist/compiled/react-dom/cjs/react-dom-client.development.js:4406
[  159521ms] [TIMESTAMP] NavItem @ webpack-internal:///(app-pages-browser)/./node_modules/next/dist/compiled/react-dom/cjs/react-dom-client.development.js:4406
[  159521ms] [TIMESTAMP] NavItem @ webpack-internal:///(app-pages-browser)/./node_modules/next/dist/compiled/react-dom/cjs/react-dom-client.development.js:4406
[  159521ms] [TIMESTAMP] NavItem @ webpack-internal:///(app-pages-browser)/./node_modules/next/dist/compiled/react-dom/cjs/react-dom-client.development.js:4406
[  159522ms] [TIMESTAMP] NavItem @ webpack-internal:///(app-pages-browser)/./node_modules/next/dist/compiled/react-dom/cjs/react-dom-client.development.js:4406
[  159522ms] [TIMESTAMP] NavItem @ webpack-internal:///(app-pages-browser)/./node_modules/next/dist/compiled/react-dom/cjs/react-dom-client.development.js:4406
[  159522ms] [TIMESTAMP] NavItem @ webpack-internal:///(app-pages-browser)/./node_modules/next/dist/compiled/react-dom/cjs/react-dom-client.development.js:4406
[  159522ms] [TIMESTAMP] NavItem @ webpack-internal:///(app-pages-browser)/./node_modules/next/dist/compiled/react-dom/cjs/react-dom-client.development.js:4406
[  159522ms] [TIMESTAMP] NavItem @ webpack-internal:///(app-pages-browser)/./node_modules/next/dist/compiled/react-dom/cjs/react-dom-client.development.js:4406
[  159522ms] [TIMESTAMP] NavItem @ webpack-internal:///(app-pages-browser)/./node_modules/next/dist/compiled/react-dom/cjs/react-dom-client.development.js:4406
[  159522ms] [TIMESTAMP] NavItem @ webpack-internal:///(app-pages-browser)/./node_modules/next/dist/compiled/react-dom/cjs/react-dom-client.development.js:4406
[  159522ms] [TIMESTAMP] NavItem @ webpack-internal:///(app-pages-browser)/./node_modules/next/dist/compiled/react-dom/cjs/react-dom-client.development.js:4406
[  159522ms] [TIMESTAMP] NavItem @ webpack-internal:///(app-pages-browser)/./node_modules/next/dist/compiled/react-dom/cjs/react-dom-client.development.js:4406
[  159531ms] [TIMESTAMP] NavItem @ webpack-internal:///(app-pages-browser)/./node_modules/next/dist/compiled/react-dom/cjs/react-dom-client.development.js:4406
[  159533ms] [TIMESTAMP] NavItem @ webpack-internal:///(app-pages-browser)/./node_modules/next/dist/compiled/react-dom/cjs/react-dom-client.development.js:4406
[  159533ms] [TIMESTAMP] NavItem @ webpack-internal:///(app-pages-browser)/./node_modules/next/dist/compiled/react-dom/cjs/react-dom-client.development.js:4406
[  159533ms] [TIMESTAMP] NavItem @ webpack-internal:///(app-pages-browser)/./node_modules/next/dist/compiled/react-dom/cjs/react-dom-client.development.js:4406
[  159534ms] [TIMESTAMP] NavItem @ webpack-internal:///(app-pages-browser)/./node_modules/next/dist/compiled/react-dom/cjs/react-dom-client.development.js:4406
[  159535ms] [TIMESTAMP] NavItem @ webpack-internal:///(app-pages-browser)/./node_modules/next/dist/compiled/react-dom/cjs/react-dom-client.development.js:4406
[  159535ms] [TIMESTAMP] NavItem @ webpack-internal:///(app-pages-browser)/./node_modules/next/dist/compiled/react-dom/cjs/react-dom-client.development.js:4406
[  159548ms] [TIMESTAMP] NavItem @ webpack-internal:///(app-pages-browser)/./node_modules/next/dist/compiled/react-dom/cjs/react-dom-client.development.js:4406
[  159552ms] [TIMESTAMP] NavItem @ webpack-internal:///(app-pages-browser)/./node_modules/next/dist/compiled/react-dom/cjs/react-dom-client.development.js:4406
[  159552ms] [TIMESTAMP] NavItem @ webpack-internal:///(app-pages-browser)/./node_modules/next/dist/compiled/react-dom/cjs/react-dom-client.development.js:4406
[  159552ms] [TIMESTAMP] NavItem @ webpack-internal:///(app-pages-browser)/./node_modules/next/dist/compiled/react-dom/cjs/react-dom-client.development.js:4406
[  159552ms] [TIMESTAMP] NavItem @ webpack-internal:///(app-pages-browser)/./node_modules/next/dist/compiled/react-dom/cjs/react-dom-client.development.js:4406
[  159553ms] [TIMESTAMP] NavItem @ webpack-internal:///(app-pages-browser)/./node_modules/next/dist/compiled/react-dom/cjs/react-dom-client.development.js:4406
[  159553ms] [TIMESTAMP] NavItem @ webpack-internal:///(app-pages-browser)/./node_modules/next/dist/compiled/react-dom/cjs/react-dom-client.development.js:4406
[  159553ms] [TIMESTAMP] NavItem @ webpack-internal:///(app-pages-browser)/./node_modules/next/dist/compiled/react-dom/cjs/react-dom-client.development.js:4406
[  159553ms] [TIMESTAMP] NavItem @ webpack-internal:///(app-pages-browser)/./node_modules/next/dist/compiled/react-dom/cjs/react-dom-client.development.js:4406
[  159553ms] [TIMESTAMP] NavItem @ webpack-internal:///(app-pages-browser)/./node_modules/next/dist/compiled/react-dom/cjs/react-dom-client.development.js:4406
[  159553ms] [TIMESTAMP] NavItem @ webpack-internal:///(app-pages-browser)/./node_modules/next/dist/compiled/react-dom/cjs/react-dom-client.development.js:4406
[  159553ms] [TIMESTAMP] NavItem @ webpack-internal:///(app-pages-browser)/./node_modules/next/dist/compiled/react-dom/cjs/react-dom-client.development.js:4406
[  159553ms] [TIMESTAMP] NavItem @ webpack-internal:///(app-pages-browser)/./node_modules/next/dist/compiled/react-dom/cjs/react-dom-client.development.js:4406
[  159553ms] [TIMESTAMP] NavItem @ webpack-internal:///(app-pages-browser)/./node_modules/next/dist/compiled/react-dom/cjs/react-dom-client.development.js:4406
[  159553ms] [TIMESTAMP] NavItem @ webpack-internal:///(app-pages-browser)/./node_modules/next/dist/compiled/react-dom/cjs/react-dom-client.development.js:4406
[  159553ms] [TIMESTAMP] NavItem @ webpack-internal:///(app-pages-browser)/./node_modules/next/dist/compiled/react-dom/cjs/react-dom-client.development.js:4406
[  159553ms] [TIMESTAMP] NavItem @ webpack-internal:///(app-pages-browser)/./node_modules/next/dist/compiled/react-dom/cjs/react-dom-client.development.js:4406
[  159553ms] [TIMESTAMP] NavItem @ webpack-internal:///(app-pages-browser)/./node_modules/next/dist/compiled/react-dom/cjs/react-dom-client.development.js:4406
[  159553ms] [TIMESTAMP] NavItem @ webpack-internal:///(app-pages-browser)/./node_modules/next/dist/compiled/react-dom/cjs/react-dom-client.development.js:4406
[  159553ms] [TIMESTAMP] NavItem @ webpack-internal:///(app-pages-browser)/./node_modules/next/dist/compiled/react-dom/cjs/react-dom-client.development.js:4406
[  159565ms] [TIMESTAMP] NavItem @ webpack-internal:///(app-pages-browser)/./node_modules/next/dist/compiled/react-dom/cjs/react-dom-client.development.js:4406
[  159565ms] [TIMESTAMP] DeliveryAlertListener @ webpack-internal:///(app-pages-browser)/./node_modules/next/dist/compiled/react-dom/cjs/react-dom-client.development.js:4406
[  159572ms] [TIMESTAMP] SellerReminderNotifier @ webpack-internal:///(app-pages-browser)/./node_modules/next/dist/compiled/react-dom/cjs/react-dom-client.development.js:4554
[  159577ms] [TIMESTAMP] BirthdayBanner @ webpack-internal:///(app-pages-browser)/./node_modules/next/dist/compiled/react-dom/cjs/react-dom-client.development.js:4406
[  159577ms] [TIMESTAMP] Cake @ webpack-internal:///(app-pages-browser)/./node_modules/next/dist/compiled/react-dom/cjs/react-dom-client.development.js:4406
[  159578ms] [TIMESTAMP] ForwardRef @ webpack-internal:///(app-pages-browser)/./node_modules/next/dist/compiled/react-dom/cjs/react-dom-client.development.js:4406
[  159594ms] [TIMESTAMP] PartyPopper @ webpack-internal:///(app-pages-browser)/./node_modules/next/dist/compiled/react-dom/cjs/react-dom-client.development.js:4406
[  159594ms] [TIMESTAMP] ForwardRef @ webpack-internal:///(app-pages-browser)/./node_modules/next/dist/compiled/react-dom/cjs/react-dom-client.development.js:4406
[  159595ms] [TIMESTAMP] PartyPopper @ webpack-internal:///(app-pages-browser)/./node_modules/next/dist/compiled/react-dom/cjs/react-dom-client.development.js:4406
[  159602ms] [TIMESTAMP] ForwardRef @ webpack-internal:///(app-pages-browser)/./node_modules/next/dist/compiled/react-dom/cjs/react-dom-client.development.js:4406
[  159611ms] [TIMESTAMP] StatCard @ webpack-internal:///(app-pages-browser)/./node_modules/next/dist/compiled/react-dom/cjs/react-dom-client.development.js:4426
[  159611ms] [TIMESTAMP] TrendBadge @ webpack-internal:///(app-pages-browser)/./node_modules/next/dist/compiled/react-dom/cjs/react-dom-client.development.js:4426
[  159618ms] [TIMESTAMP] ArrowUp @ webpack-internal:///(app-pages-browser)/./node_modules/next/dist/compiled/react-dom/cjs/react-dom-client.development.js:4426
[  159618ms] [TIMESTAMP] ForwardRef @ webpack-internal:///(app-pages-browser)/./node_modules/next/dist/compiled/react-dom/cjs/react-dom-client.development.js:4426
[  159626ms] [TIMESTAMP] OmzetIcon @ webpack-internal:///(app-pages-browser)/./node_modules/next/dist/compiled/react-dom/cjs/react-dom-client.development.js:4426
[  159641ms] [TIMESTAMP] StatCard @ webpack-internal:///(app-pages-browser)/./node_modules/next/dist/compiled/react-dom/cjs/react-dom-client.development.js:4426
[  159641ms] [TIMESTAMP] TrendBadge @ webpack-internal:///(app-pages-browser)/./node_modules/next/dist/compiled/react-dom/cjs/react-dom-client.development.js:4426
[  159641ms] [TIMESTAMP] ArrowUp @ webpack-internal:///(app-pages-browser)/./node_modules/next/dist/compiled/react-dom/cjs/react-dom-client.development.js:4426
[  159641ms] [TIMESTAMP] ForwardRef @ webpack-internal:///(app-pages-browser)/./node_modules/next/dist/compiled/react-dom/cjs/react-dom-client.development.js:4426
[  159650ms] [TIMESTAMP] ProfitIcon @ webpack-internal:///(app-pages-browser)/./node_modules/next/dist/compiled/react-dom/cjs/react-dom-client.development.js:4426
[  159650ms] [TIMESTAMP] StatCard @ webpack-internal:///(app-pages-browser)/./node_modules/next/dist/compiled/react-dom/cjs/react-dom-client.development.js:4426
[  159651ms] [TIMESTAMP] LaptopIcon @ webpack-internal:///(app-pages-browser)/./node_modules/next/dist/compiled/react-dom/cjs/react-dom-client.development.js:4426
[  159651ms] [TIMESTAMP] StatCard @ webpack-internal:///(app-pages-browser)/./node_modules/next/dist/compiled/react-dom/cjs/react-dom-client.development.js:4426
[  159651ms] [TIMESTAMP] TrendBadge @ webpack-internal:///(app-pages-browser)/./node_modules/next/dist/compiled/react-dom/cjs/react-dom-client.development.js:4426
[  159655ms] [TIMESTAMP] ArrowDown @ webpack-internal:///(app-pages-browser)/./node_modules/next/dist/compiled/react-dom/cjs/react-dom-client.development.js:4426
[  159655ms] [TIMESTAMP] ForwardRef @ webpack-internal:///(app-pages-browser)/./node_modules/next/dist/compiled/react-dom/cjs/react-dom-client.development.js:4426
[  159656ms] [TIMESTAMP] TrxIcon @ webpack-internal:///(app-pages-browser)/./node_modules/next/dist/compiled/react-dom/cjs/react-dom-client.development.js:4426
[  159662ms] [TIMESTAMP] ServiceDashboardWidget @ webpack-internal:///(app-pages-browser)/./node_modules/next/dist/compiled/react-dom/cjs/react-dom-client.development.js:4426
[  159662ms] [TIMESTAMP] LinkComponent @ webpack-internal:///(app-pages-browser)/./node_modules/next/dist/compiled/react-dom/cjs/react-dom-client.development.js:4426
[  159663ms] [TIMESTAMP] Shimmer @ webpack-internal:///(app-pages-browser)/./node_modules/next/dist/compiled/react-dom/cjs/react-dom-client.development.js:4426
[  159664ms] [TIMESTAMP] Shimmer @ webpack-internal:///(app-pages-browser)/./node_modules/next/dist/compiled/react-dom/cjs/react-dom-client.development.js:4426
[  159664ms] [TIMESTAMP] Shimmer @ webpack-internal:///(app-pages-browser)/./node_modules/next/dist/compiled/react-dom/cjs/react-dom-client.development.js:4426
[  159664ms] [TIMESTAMP] Shimmer @ webpack-internal:///(app-pages-browser)/./node_modules/next/dist/compiled/react-dom/cjs/react-dom-client.development.js:4426
[  159670ms] [TIMESTAMP] Shimmer @ webpack-internal:///(app-pages-browser)/./node_modules/next/dist/compiled/react-dom/cjs/react-dom-client.development.js:4426
[  159670ms] [TIMESTAMP] Shimmer @ webpack-internal:///(app-pages-browser)/./node_modules/next/dist/compiled/react-dom/cjs/react-dom-client.development.js:4426
[  159671ms] [TIMESTAMP] Hourglass @ webpack-internal:///(app-pages-browser)/./node_modules/next/dist/compiled/react-dom/cjs/react-dom-client.development.js:4426
[  159678ms] [TIMESTAMP] ForwardRef @ webpack-internal:///(app-pages-browser)/./node_modules/next/dist/compiled/react-dom/cjs/react-dom-client.development.js:4426
[  159678ms] [TIMESTAMP] Shimmer @ webpack-internal:///(app-pages-browser)/./node_modules/next/dist/compiled/react-dom/cjs/react-dom-client.development.js:4426
[  159685ms] [TIMESTAMP] Shimmer @ webpack-internal:///(app-pages-browser)/./node_modules/next/dist/compiled/react-dom/cjs/react-dom-client.development.js:4426
[  159685ms] [TIMESTAMP] Shimmer @ webpack-internal:///(app-pages-browser)/./node_modules/next/dist/compiled/react-dom/cjs/react-dom-client.development.js:4426
[  159692ms] [TIMESTAMP] Shimmer @ webpack-internal:///(app-pages-browser)/./node_modules/next/dist/compiled/react-dom/cjs/react-dom-client.development.js:4426
[  159692ms] [TIMESTAMP] Wrench @ webpack-internal:///(app-pages-browser)/./node_modules/next/dist/compiled/react-dom/cjs/react-dom-client.development.js:4426
[  159692ms] [TIMESTAMP] ForwardRef @ webpack-internal:///(app-pages-browser)/./node_modules/next/dist/compiled/react-dom/cjs/react-dom-client.development.js:4426
[  159692ms] [TIMESTAMP] Shimmer @ webpack-internal:///(app-pages-browser)/./node_modules/next/dist/compiled/react-dom/cjs/react-dom-client.development.js:4426
[  159692ms] [TIMESTAMP] Shimmer @ webpack-internal:///(app-pages-browser)/./node_modules/next/dist/compiled/react-dom/cjs/react-dom-client.development.js:4426
[  159692ms] [TIMESTAMP] Shimmer @ webpack-internal:///(app-pages-browser)/./node_modules/next/dist/compiled/react-dom/cjs/react-dom-client.development.js:4426
[  159692ms] [TIMESTAMP] Shimmer @ webpack-internal:///(app-pages-browser)/./node_modules/next/dist/compiled/react-dom/cjs/react-dom-client.development.js:4426
[  159692ms] [TIMESTAMP] LinkComponent @ webpack-internal:///(app-pages-browser)/./node_modules/next/dist/compiled/react-dom/cjs/react-dom-client.development.js:4426
[  159692ms] [TIMESTAMP] Trophy @ webpack-internal:///(app-pages-browser)/./node_modules/next/dist/compiled/react-dom/cjs/react-dom-client.development.js:4426
[  159693ms] [TIMESTAMP] ForwardRef @ webpack-internal:///(app-pages-browser)/./node_modules/next/dist/compiled/react-dom/cjs/react-dom-client.development.js:4426
[  159693ms] [TIMESTAMP] Shimmer @ webpack-internal:///(app-pages-browser)/./node_modules/next/dist/compiled/react-dom/cjs/react-dom-client.development.js:4426
[  159693ms] [TIMESTAMP] Shimmer @ webpack-internal:///(app-pages-browser)/./node_modules/next/dist/compiled/react-dom/cjs/react-dom-client.development.js:4426
[  159693ms] [TIMESTAMP] Shimmer @ webpack-internal:///(app-pages-browser)/./node_modules/next/dist/compiled/react-dom/cjs/react-dom-client.development.js:4426
[  159693ms] [TIMESTAMP] Shimmer @ webpack-internal:///(app-pages-browser)/./node_modules/next/dist/compiled/react-dom/cjs/react-dom-client.development.js:4426
[  159693ms] [TIMESTAMP] Shimmer @ webpack-internal:///(app-pages-browser)/./node_modules/next/dist/compiled/react-dom/cjs/react-dom-client.development.js:4426
[  159693ms] [TIMESTAMP] Shimmer @ webpack-internal:///(app-pages-browser)/./node_modules/next/dist/compiled/react-dom/cjs/react-dom-client.development.js:4426
[  159699ms] [TIMESTAMP] Shimmer @ webpack-internal:///(app-pages-browser)/./node_modules/next/dist/compiled/react-dom/cjs/react-dom-client.development.js:4426
[  159699ms] [TIMESTAMP] Shimmer @ webpack-internal:///(app-pages-browser)/./node_modules/next/dist/compiled/react-dom/cjs/react-dom-client.development.js:4426
[  159699ms] [TIMESTAMP] ServiceDashboardWidget @ webpack-internal:///(app-pages-browser)/./node_modules/next/dist/compiled/react-dom/cjs/react-dom-client.development.js:4554
[  159699ms] [TIMESTAMP] ForwardRef @ webpack-internal:///(app-pages-browser)/./node_modules/next/dist/compiled/react-dom/cjs/react-dom-client.development.js:4426
[  159699ms] [TIMESTAMP] ForwardRef(ChartComponent) @ webpack-internal:///(app-pages-browser)/./node_modules/next/dist/compiled/react-dom/cjs/react-dom-client.development.js:4426
[  159913ms] [TIMESTAMP] ForwardRef(ChartComponent) @ webpack-internal:///(app-pages-browser)/./node_modules/next/dist/compiled/react-dom/cjs/react-dom-client.development.js:4554
[  159913ms] [TIMESTAMP] Trophy @ webpack-internal:///(app-pages-browser)/./node_modules/next/dist/compiled/react-dom/cjs/react-dom-client.development.js:4406
[  159913ms] [TIMESTAMP] ForwardRef @ webpack-internal:///(app-pages-browser)/./node_modules/next/dist/compiled/react-dom/cjs/react-dom-client.development.js:4406
[  159913ms] [TIMESTAMP] TopListItem @ webpack-internal:///(app-pages-browser)/./node_modules/next/dist/compiled/react-dom/cjs/react-dom-client.development.js:4426
[  159914ms] [TIMESTAMP] Medal @ webpack-internal:///(app-pages-browser)/./node_modules/next/dist/compiled/react-dom/cjs/react-dom-client.development.js:4426
[  159936ms] [TIMESTAMP] ForwardRef @ webpack-internal:///(app-pages-browser)/./node_modules/next/dist/compiled/react-dom/cjs/react-dom-client.development.js:4426
[  159964ms] [TIMESTAMP] TopListItem @ webpack-internal:///(app-pages-browser)/./node_modules/next/dist/compiled/react-dom/cjs/react-dom-client.development.js:4426
[  159975ms] [TIMESTAMP] Medal @ webpack-internal:///(app-pages-browser)/./node_modules/next/dist/compiled/react-dom/cjs/react-dom-client.development.js:4426
[  159982ms] [TIMESTAMP] ForwardRef @ webpack-internal:///(app-pages-browser)/./node_modules/next/dist/compiled/react-dom/cjs/react-dom-client.development.js:4426
[  159983ms] [TIMESTAMP] TopListItem @ webpack-internal:///(app-pages-browser)/./node_modules/next/dist/compiled/react-dom/cjs/react-dom-client.development.js:4426
[  159983ms] [TIMESTAMP] Medal @ webpack-internal:///(app-pages-browser)/./node_modules/next/dist/compiled/react-dom/cjs/react-dom-client.development.js:4426
[  159983ms] [TIMESTAMP] ForwardRef @ webpack-internal:///(app-pages-browser)/./node_modules/next/dist/compiled/react-dom/cjs/react-dom-client.development.js:4426
[  159983ms] [TIMESTAMP] TopListItem @ webpack-internal:///(app-pages-browser)/./node_modules/next/dist/compiled/react-dom/cjs/react-dom-client.development.js:4426
[  159983ms] [TIMESTAMP] TopListItem @ webpack-internal:///(app-pages-browser)/./node_modules/next/dist/compiled/react-dom/cjs/react-dom-client.development.js:4426
[  159986ms] [TIMESTAMP] TopListItem @ webpack-internal:///(app-pages-browser)/./node_modules/next/dist/compiled/react-dom/cjs/react-dom-client.development.js:4426
[  159992ms] [TIMESTAMP] Medal @ webpack-internal:///(app-pages-browser)/./node_modules/next/dist/compiled/react-dom/cjs/react-dom-client.development.js:4426
[  159995ms] [TIMESTAMP] ForwardRef @ webpack-internal:///(app-pages-browser)/./node_modules/next/dist/compiled/react-dom/cjs/react-dom-client.development.js:4426
[  159995ms] [TIMESTAMP] TopListItem @ webpack-internal:///(app-pages-browser)/./node_modules/next/dist/compiled/react-dom/cjs/react-dom-client.development.js:4426
[  159995ms] [TIMESTAMP] Medal @ webpack-internal:///(app-pages-browser)/./node_modules/next/dist/compiled/react-dom/cjs/react-dom-client.development.js:4426
[  159995ms] [TIMESTAMP] ForwardRef @ webpack-internal:///(app-pages-browser)/./node_modules/next/dist/compiled/react-dom/cjs/react-dom-client.development.js:4426
[  160004ms] [TIMESTAMP] TopListItem @ webpack-internal:///(app-pages-browser)/./node_modules/next/dist/compiled/react-dom/cjs/react-dom-client.development.js:4426
[  160004ms] [TIMESTAMP] TopListItem @ webpack-internal:///(app-pages-browser)/./node_modules/next/dist/compiled/react-dom/cjs/react-dom-client.development.js:4426
[  160004ms] [TIMESTAMP] TopListItem @ webpack-internal:///(app-pages-browser)/./node_modules/next/dist/compiled/react-dom/cjs/react-dom-client.development.js:4426
[  160016ms] [TIMESTAMP] ForwardRef @ webpack-internal:///(app-pages-browser)/./node_modules/next/dist/compiled/react-dom/cjs/react-dom-client.development.js:4426
[  160017ms] [TIMESTAMP] ForwardRef(ChartComponent) @ webpack-internal:///(app-pages-browser)/./node_modules/next/dist/compiled/react-dom/cjs/react-dom-client.development.js:4426
[  160059ms] [TIMESTAMP] ForwardRef(ChartComponent) @ webpack-internal:///(app-pages-browser)/./node_modules/next/dist/compiled/react-dom/cjs/react-dom-client.development.js:4554
[  160060ms] [TIMESTAMP] LiveDot @ webpack-internal:///(app-pages-browser)/./node_modules/next/dist/compiled/react-dom/cjs/react-dom-client.development.js:4406
[  160060ms] [TIMESTAMP] TransactionRow @ webpack-internal:///(app-pages-browser)/./node_modules/next/dist/compiled/react-dom/cjs/react-dom-client.development.js:4426
[  160068ms] [TIMESTAMP] CircleCheck @ webpack-internal:///(app-pages-browser)/./node_modules/next/dist/compiled/react-dom/cjs/react-dom-client.development.js:4426
[  160068ms] [TIMESTAMP] ForwardRef @ webpack-internal:///(app-pages-browser)/./node_modules/next/dist/compiled/react-dom/cjs/react-dom-client.development.js:4426
[  160068ms] [TIMESTAMP] TransactionRow @ webpack-internal:///(app-pages-browser)/./node_modules/next/dist/compiled/react-dom/cjs/react-dom-client.development.js:4426
[  160068ms] [TIMESTAMP] CircleCheck @ webpack-internal:///(app-pages-browser)/./node_modules/next/dist/compiled/react-dom/cjs/react-dom-client.development.js:4426
[  160068ms] [TIMESTAMP] ForwardRef @ webpack-internal:///(app-pages-browser)/./node_modules/next/dist/compiled/react-dom/cjs/react-dom-client.development.js:4426
[  160068ms] [TIMESTAMP] TransactionRow @ webpack-internal:///(app-pages-browser)/./node_modules/next/dist/compiled/react-dom/cjs/react-dom-client.development.js:4426
[  160069ms] [TIMESTAMP] CircleCheck @ webpack-internal:///(app-pages-browser)/./node_modules/next/dist/compiled/react-dom/cjs/react-dom-client.development.js:4426
[  160069ms] [TIMESTAMP] ForwardRef @ webpack-internal:///(app-pages-browser)/./node_modules/next/dist/compiled/react-dom/cjs/react-dom-client.development.js:4426
[  160069ms] [TIMESTAMP] TransactionRow @ webpack-internal:///(app-pages-browser)/./node_modules/next/dist/compiled/react-dom/cjs/react-dom-client.development.js:4426
[  160069ms] [TIMESTAMP] TransactionRow @ webpack-internal:///(app-pages-browser)/./node_modules/next/dist/compiled/react-dom/cjs/react-dom-client.development.js:4426
[  160069ms] [TIMESTAMP] CircleCheck @ webpack-internal:///(app-pages-browser)/./node_modules/next/dist/compiled/react-dom/cjs/react-dom-client.development.js:4426
[  160069ms] [TIMESTAMP] ForwardRef @ webpack-internal:///(app-pages-browser)/./node_modules/next/dist/compiled/react-dom/cjs/react-dom-client.development.js:4426
[  160092ms] [TIMESTAMP] TransactionRow @ webpack-internal:///(app-pages-browser)/./node_modules/next/dist/compiled/react-dom/cjs/react-dom-client.development.js:4426
[  160100ms] [TIMESTAMP] TransactionRow @ webpack-internal:///(app-pages-browser)/./node_modules/next/dist/compiled/react-dom/cjs/react-dom-client.development.js:4426
[  160101ms] [TIMESTAMP] CircleCheck @ webpack-internal:///(app-pages-browser)/./node_modules/next/dist/compiled/react-dom/cjs/react-dom-client.development.js:4426
[  160101ms] [TIMESTAMP] ForwardRef @ webpack-internal:///(app-pages-browser)/./node_modules/next/dist/compiled/react-dom/cjs/react-dom-client.development.js:4426
[  160101ms] [TIMESTAMP] TransactionRow @ webpack-internal:///(app-pages-browser)/./node_modules/next/dist/compiled/react-dom/cjs/react-dom-client.development.js:4426
[  160102ms] [TIMESTAMP] TransactionRow @ webpack-internal:///(app-pages-browser)/./node_modules/next/dist/compiled/react-dom/cjs/react-dom-client.development.js:4426
[  160102ms] [TIMESTAMP] CircleCheck @ webpack-internal:///(app-pages-browser)/./node_modules/next/dist/compiled/react-dom/cjs/react-dom-client.development.js:4426
[  160102ms] [TIMESTAMP] ForwardRef @ webpack-internal:///(app-pages-browser)/./node_modules/next/dist/compiled/react-dom/cjs/react-dom-client.development.js:4426
[  160102ms] [TIMESTAMP] ConfirmDialog @ webpack-internal:///(app-pages-browser)/./node_modules/next/dist/compiled/react-dom/cjs/react-dom-client.development.js:4406
[  160115ms] [TIMESTAMP] ServiceDashboardWidget @ webpack-internal:///(app-pages-browser)/./node_modules/next/dist/compiled/react-dom/cjs/react-dom-client.development.js:4554
[  160116ms] [TIMESTAMP] ForwardRef(ChartComponent) @ webpack-internal:///(app-pages-browser)/./node_modules/next/dist/compiled/react-dom/cjs/react-dom-client.development.js:4554
[  160159ms] [TIMESTAMP] ForwardRef(ChartComponent) @ webpack-internal:///(app-pages-browser)/./node_modules/next/dist/compiled/react-dom/cjs/react-dom-client.development.js:4554
[  160168ms] [TIMESTAMP] ForwardRef(ChartComponent) @ webpack-internal:///(app-pages-browser)/./node_modules/next/dist/compiled/react-dom/cjs/react-dom-client.development.js:4554
[  160205ms] [TIMESTAMP] ForwardRef(ChartComponent) @ webpack-internal:///(app-pages-browser)/./node_modules/next/dist/compiled/react-dom/cjs/react-dom-client.development.js:4554
[  160206ms] [TIMESTAMP] Remaining Effects @ webpack-internal:///(app-pages-browser)/./node_modules/next/dist/compiled/react-dom/cjs/react-dom-client.development.js:19980
[  160296ms] [ERROR] [JavaScript Error: "Cookie “__cf_bm” has been rejected for invalid domain." {file: "https://kxflgtbmyajwqurbrxbg.supabase.co/realtime/v1/websocket?apikey=eyJhbGciOiJIUzI1NiIsInR5cCI6IkpXVCJ9.eyJpc3MiOiJzdXBhYmFzZSIsInJlZiI6Imt4ZmxndGJteWFqd3F1cmJyeGJnIiwicm9sZSI6ImFub24iLCJpYXQiOjE3Nzg2NTEyNzksImV4cCI6MjA5NDIyNzI3OX0.N2ufeKdbq5_UqR8GOWkKPe1Xk24jqTNV5PPcDXREe8Y&vsn=2.0.0" line: 0}] @ https://kxflgtbmyajwqurbrxbg.supabase.co/realtime/v1/websocket?apikey=eyJhbGciOiJIUzI1NiIsInR5cCI6IkpXVCJ9.eyJpc3MiOiJzdXBhYmFzZSIsInJlZiI6Imt4ZmxndGJteWFqd3F1cmJyeGJnIiwicm9sZSI6ImFub24iLCJpYXQiOjE3Nzg2NTEyNzksImV4cCI6MjA5NDIyNzI3OX0.N2ufeKdbq5_UqR8GOWkKPe1Xk24jqTNV5PPcDXREe8Y&vsn=2.0.0:0
[  160558ms] [TIMESTAMP] Blocking Track @ webpack-internal:///(app-pages-browser)/./node_modules/next/dist/compiled/react-dom/cjs/react-dom-client.development.js:18271
[  160559ms] [TIMESTAMP] Transition Track @ webpack-internal:///(app-pages-browser)/./node_modules/next/dist/compiled/react-dom/cjs/react-dom-client.development.js:18279
[  160559ms] [TIMESTAMP] Suspense Track @ webpack-internal:///(app-pages-browser)/./node_modules/next/dist/compiled/react-dom/cjs/react-dom-client.development.js:18287
[  160559ms] [TIMESTAMP] Idle Track @ webpack-internal:///(app-pages-browser)/./node_modules/next/dist/compiled/react-dom/cjs/react-dom-client.development.js:18295
[  160559ms] [TIMESTAMP] Render @ webpack-internal:///(app-pages-browser)/./node_modules/next/dist/compiled/react-dom/cjs/react-dom-client.development.js:19292
[  160586ms] [TIMESTAMP] Waiting for Paint @ webpack-internal:///(app-pages-browser)/./node_modules/next/dist/compiled/react-dom/cjs/react-dom-client.development.js:19929
[  160586ms] [TIMESTAMP] SellerReminderNotifier @ webpack-internal:///(app-pages-browser)/./node_modules/next/dist/compiled/react-dom/cjs/react-dom-client.development.js:4426
[  160586ms] [TIMESTAMP] Blocking Track @ webpack-internal:///(app-pages-browser)/./node_modules/next/dist/compiled/react-dom/cjs/react-dom-client.development.js:18271
[  160586ms] [TIMESTAMP] Transition Track @ webpack-internal:///(app-pages-browser)/./node_modules/next/dist/compiled/react-dom/cjs/react-dom-client.development.js:18279
[  160587ms] [TIMESTAMP] Suspense Track @ webpack-internal:///(app-pages-browser)/./node_modules/next/dist/compiled/react-dom/cjs/react-dom-client.development.js:18287
[  160587ms] [TIMESTAMP] Idle Track @ webpack-internal:///(app-pages-browser)/./node_modules/next/dist/compiled/react-dom/cjs/react-dom-client.development.js:18295
[  160595ms] [TIMESTAMP] Render @ webpack-internal:///(app-pages-browser)/./node_modules/next/dist/compiled/react-dom/cjs/react-dom-client.development.js:19292
[  160596ms] [TIMESTAMP] Commit @ webpack-internal:///(app-pages-browser)/./node_modules/next/dist/compiled/react-dom/cjs/react-dom-client.development.js:4724
[  160694ms] [TIMESTAMP] Waiting for Paint @ webpack-internal:///(app-pages-browser)/./node_modules/next/dist/compiled/react-dom/cjs/react-dom-client.development.js:19929
[  160700ms] [TIMESTAMP] ChatBarBackground @ webpack-internal:///(app-pages-browser)/./node_modules/next/dist/compiled/react-dom/cjs/react-dom-client.development.js:4426
[  160709ms] [TIMESTAMP] ChatBarBackground @ webpack-internal:///(app-pages-browser)/./node_modules/next/dist/compiled/react-dom/cjs/react-dom-client.development.js:4554
[  160710ms] [TIMESTAMP] Remaining Effects @ webpack-internal:///(app-pages-browser)/./node_modules/next/dist/compiled/react-dom/cjs/react-dom-client.development.js:19980
[  160730ms] [TIMESTAMP] Blocking Track @ webpack-internal:///(app-pages-browser)/./node_modules/next/dist/compiled/react-dom/cjs/react-dom-client.development.js:18271
[  160731ms] [TIMESTAMP] Transition Track @ webpack-internal:///(app-pages-browser)/./node_modules/next/dist/compiled/react-dom/cjs/react-dom-client.development.js:18279
[  160731ms] [TIMESTAMP] Suspense Track @ webpack-internal:///(app-pages-browser)/./node_modules/next/dist/compiled/react-dom/cjs/react-dom-client.development.js:18287
[  160731ms] [TIMESTAMP] Idle Track @ webpack-internal:///(app-pages-browser)/./node_modules/next/dist/compiled/react-dom/cjs/react-dom-client.development.js:18295
[  160731ms] [TIMESTAMP] Render @ webpack-internal:///(app-pages-browser)/./node_modules/next/dist/compiled/react-dom/cjs/react-dom-client.development.js:19292
[  160784ms] [TIMESTAMP] Blocking Track @ webpack-internal:///(app-pages-browser)/./node_modules/next/dist/compiled/react-dom/cjs/react-dom-client.development.js:18271
[  160785ms] [TIMESTAMP] Transition Track @ webpack-internal:///(app-pages-browser)/./node_modules/next/dist/compiled/react-dom/cjs/react-dom-client.development.js:18279
[  160792ms] [TIMESTAMP] Suspense Track @ webpack-internal:///(app-pages-browser)/./node_modules/next/dist/compiled/react-dom/cjs/react-dom-client.development.js:18287
[  160792ms] [TIMESTAMP] Idle Track @ webpack-internal:///(app-pages-browser)/./node_modules/next/dist/compiled/react-dom/cjs/react-dom-client.development.js:18295
[  160792ms] [TIMESTAMP] Event: message @ webpack-internal:///(app-pages-browser)/./node_modules/next/dist/compiled/react-dom/cjs/react-dom-client.development.js:18414
[  160792ms] [TIMESTAMP] Render @ webpack-internal:///(app-pages-browser)/./node_modules/next/dist/compiled/react-dom/cjs/react-dom-client.development.js:19292
[  160792ms] [TIMESTAMP] Commit @ webpack-internal:///(app-pages-browser)/./node_modules/next/dist/compiled/react-dom/cjs/react-dom-client.development.js:4724
[  160792ms] [TIMESTAMP] Waiting for Paint @ webpack-internal:///(app-pages-browser)/./node_modules/next/dist/compiled/react-dom/cjs/react-dom-client.development.js:19929
[  160792ms] [TIMESTAMP] HTCallProvider @ webpack-internal:///(app-pages-browser)/./node_modules/next/dist/compiled/react-dom/cjs/react-dom-client.development.js:4426
[  163236ms] [TIMESTAMP] Blocking Track @ webpack-internal:///(app-pages-browser)/./node_modules/next/dist/compiled/react-dom/cjs/react-dom-client.development.js:18271
[  163237ms] [TIMESTAMP] Transition Track @ webpack-internal:///(app-pages-browser)/./node_modules/next/dist/compiled/react-dom/cjs/react-dom-client.development.js:18279
[  163237ms] [TIMESTAMP] Suspense Track @ webpack-internal:///(app-pages-browser)/./node_modules/next/dist/compiled/react-dom/cjs/react-dom-client.development.js:18287
[  163245ms] [TIMESTAMP] Idle Track @ webpack-internal:///(app-pages-browser)/./node_modules/next/dist/compiled/react-dom/cjs/react-dom-client.development.js:18295
[  163246ms] [TIMESTAMP] Event: click @ webpack-internal:///(app-pages-browser)/./node_modules/next/dist/compiled/react-dom/cjs/react-dom-client.development.js:18414
[  163255ms] [TIMESTAMP] Render @ webpack-internal:///(app-pages-browser)/./node_modules/next/dist/compiled/react-dom/cjs/react-dom-client.development.js:19292
[  163268ms] [TIMESTAMP] Commit @ webpack-internal:///(app-pages-browser)/./node_modules/next/dist/compiled/react-dom/cjs/react-dom-client.development.js:4724
[  163276ms] [TIMESTAMP] Waiting @ webpack-internal:///(app-pages-browser)/./node_modules/next/dist/compiled/react-dom/cjs/react-dom-client.development.js:19929
[  163286ms] [TIMESTAMP] BirthdayBanner @ webpack-internal:///(app-pages-browser)/./node_modules/next/dist/compiled/react-dom/cjs/react-dom-client.development.js:4426
[  163296ms] [TIMESTAMP] Remaining Effects @ webpack-internal:///(app-pages-browser)/./node_modules/next/dist/compiled/react-dom/cjs/react-dom-client.development.js:19980
[  164851ms] [LOG] [Fast Refresh] rebuilding @ webpack-internal:///(app-pages-browser)/./node_modules/next/dist/next-devtools/shared/forward-logs-shared.js:27
[  165758ms] [TIMESTAMP] Blocking Track @ webpack-internal:///(app-pages-browser)/./node_modules/next/dist/compiled/react-dom/cjs/react-dom-client.development.js:18271
[  165759ms] [TIMESTAMP] Transition Track @ webpack-internal:///(app-pages-browser)/./node_modules/next/dist/compiled/react-dom/cjs/react-dom-client.development.js:18279
[  165762ms] [TIMESTAMP] Suspense Track @ webpack-internal:///(app-pages-browser)/./node_modules/next/dist/compiled/react-dom/cjs/react-dom-client.development.js:18287
[  165766ms] [TIMESTAMP] Idle Track @ webpack-internal:///(app-pages-browser)/./node_modules/next/dist/compiled/react-dom/cjs/react-dom-client.development.js:18295
[  165769ms] [TIMESTAMP] Event: click @ webpack-internal:///(app-pages-browser)/./node_modules/next/dist/compiled/react-dom/cjs/react-dom-client.development.js:18414
[  165774ms] [TIMESTAMP] Render @ webpack-internal:///(app-pages-browser)/./node_modules/next/dist/compiled/react-dom/cjs/react-dom-client.development.js:19292
[  165779ms] [TIMESTAMP] Commit @ webpack-internal:///(app-pages-browser)/./node_modules/next/dist/compiled/react-dom/cjs/react-dom-client.development.js:4724
[  165780ms] [TIMESTAMP] Waiting @ webpack-internal:///(app-pages-browser)/./node_modules/next/dist/compiled/react-dom/cjs/react-dom-client.development.js:19929
[  165780ms] [TIMESTAMP] NotificationBanner @ webpack-internal:///(app-pages-browser)/./node_modules/next/dist/compiled/react-dom/cjs/react-dom-client.development.js:4426
[  167171ms] [LOG] [Fast Refresh] done in 2320ms @ webpack-internal:///(app-pages-browser)/./node_modules/next/dist/next-devtools/shared/forward-logs-shared.js:27
[  169231ms] [LOG] [Fast Refresh] rebuilding @ webpack-internal:///(app-pages-browser)/./node_modules/next/dist/next-devtools/shared/forward-logs-shared.js:27
[  171297ms] [LOG] [Fast Refresh] done in 2067ms @ webpack-internal:///(app-pages-browser)/./node_modules/next/dist/next-devtools/shared/forward-logs-shared.js:27
[  171546ms] [TIMESTAMP] Blocking Track @ webpack-internal:///(app-pages-browser)/./node_modules/next/dist/compiled/react-dom/cjs/react-dom-client.development.js:18271
[  171551ms] [TIMESTAMP] Transition Track @ webpack-internal:///(app-pages-browser)/./node_modules/next/dist/compiled/react-dom/cjs/react-dom-client.development.js:18279
[  171554ms] [TIMESTAMP] Suspense Track @ webpack-internal:///(app-pages-browser)/./node_modules/next/dist/compiled/react-dom/cjs/react-dom-client.development.js:18287
[  171565ms] [TIMESTAMP] Idle Track @ webpack-internal:///(app-pages-browser)/./node_modules/next/dist/compiled/react-dom/cjs/react-dom-client.development.js:18295
[  171567ms] [TIMESTAMP] Render @ webpack-internal:///(app-pages-browser)/./node_modules/next/dist/compiled/react-dom/cjs/react-dom-client.development.js:19292
[  171569ms] [TIMESTAMP] Commit @ webpack-internal:///(app-pages-browser)/./node_modules/next/dist/compiled/react-dom/cjs/react-dom-client.development.js:4724
[  171574ms] [TIMESTAMP] Waiting for Paint @ webpack-internal:///(app-pages-browser)/./node_modules/next/dist/compiled/react-dom/cjs/react-dom-client.development.js:19929
[  171575ms] [TIMESTAMP] MissionQuestTracker @ webpack-internal:///(app-pages-browser)/./node_modules/next/dist/compiled/react-dom/cjs/react-dom-client.development.js:4426
[  171579ms] [TIMESTAMP] MissionQuestTracker @ webpack-internal:///(app-pages-browser)/./node_modules/next/dist/compiled/react-dom/cjs/react-dom-client.development.js:4554
[  171581ms] [TIMESTAMP] ChatManagerWrapper @ webpack-internal:///(app-pages-browser)/./node_modules/next/dist/compiled/react-dom/cjs/react-dom-client.development.js:4426
[  171585ms] [TIMESTAMP] Remaining Effects @ webpack-internal:///(app-pages-browser)/./node_modules/next/dist/compiled/react-dom/cjs/react-dom-client.development.js:19980
[  171779ms] [TIMESTAMP] Blocking Track @ webpack-internal:///(app-pages-browser)/./node_modules/next/dist/compiled/react-dom/cjs/react-dom-client.development.js:18271
[  171780ms] [TIMESTAMP] Transition Track @ webpack-internal:///(app-pages-browser)/./node_modules/next/dist/compiled/react-dom/cjs/react-dom-client.development.js:18279
[  171782ms] [TIMESTAMP] Suspense Track @ webpack-internal:///(app-pages-browser)/./node_modules/next/dist/compiled/react-dom/cjs/react-dom-client.development.js:18287
[  171785ms] [TIMESTAMP] Idle Track @ webpack-internal:///(app-pages-browser)/./node_modules/next/dist/compiled/react-dom/cjs/react-dom-client.development.js:18295
[  171788ms] [TIMESTAMP] Render @ webpack-internal:///(app-pages-browser)/./node_modules/next/dist/compiled/react-dom/cjs/react-dom-client.development.js:19292
[  171790ms] [TIMESTAMP] Commit @ webpack-internal:///(app-pages-browser)/./node_modules/next/dist/compiled/react-dom/cjs/react-dom-client.development.js:4724
[  171810ms] [TIMESTAMP] Waiting for Paint @ webpack-internal:///(app-pages-browser)/./node_modules/next/dist/compiled/react-dom/cjs/react-dom-client.development.js:19929
[  171812ms] [TIMESTAMP] SellerReminderNotifier @ webpack-internal:///(app-pages-browser)/./node_modules/next/dist/compiled/react-dom/cjs/react-dom-client.development.js:4426
[  171814ms] [TIMESTAMP] Remaining Effects @ webpack-internal:///(app-pages-browser)/./node_modules/next/dist/compiled/react-dom/cjs/react-dom-client.development.js:19980
[  171832ms] [TIMESTAMP] Blocking Track @ webpack-internal:///(app-pages-browser)/./node_modules/next/dist/compiled/react-dom/cjs/react-dom-client.development.js:18271
[  171835ms] [TIMESTAMP] Transition Track @ webpack-internal:///(app-pages-browser)/./node_modules/next/dist/compiled/react-dom/cjs/react-dom-client.development.js:18279
[  171840ms] [TIMESTAMP] Suspense Track @ webpack-internal:///(app-pages-browser)/./node_modules/next/dist/compiled/react-dom/cjs/react-dom-client.development.js:18287
[  171874ms] [TIMESTAMP] Idle Track @ webpack-internal:///(app-pages-browser)/./node_modules/next/dist/compiled/react-dom/cjs/react-dom-client.development.js:18295
[  171880ms] [TIMESTAMP] Render @ webpack-internal:///(app-pages-browser)/./node_modules/next/dist/compiled/react-dom/cjs/react-dom-client.development.js:19292
[  171884ms] [TIMESTAMP] Commit @ webpack-internal:///(app-pages-browser)/./node_modules/next/dist/compiled/react-dom/cjs/react-dom-client.development.js:4724
[  171890ms] [TIMESTAMP] Waiting for Paint @ webpack-internal:///(app-pages-browser)/./node_modules/next/dist/compiled/react-dom/cjs/react-dom-client.development.js:19929
[  171894ms] [TIMESTAMP] SellerReminderNotifier @ webpack-internal:///(app-pages-browser)/./node_modules/next/dist/compiled/react-dom/cjs/react-dom-client.development.js:4426
[  171898ms] [TIMESTAMP] Remaining Effects @ webpack-internal:///(app-pages-browser)/./node_modules/next/dist/compiled/react-dom/cjs/react-dom-client.development.js:19980
[  172367ms] [TIMESTAMP] Blocking Track @ webpack-internal:///(app-pages-browser)/./node_modules/next/dist/compiled/react-dom/cjs/react-dom-client.development.js:18271
[  172368ms] [TIMESTAMP] Transition Track @ webpack-internal:///(app-pages-browser)/./node_modules/next/dist/compiled/react-dom/cjs/react-dom-client.development.js:18279
[  172369ms] [TIMESTAMP] Suspense Track @ webpack-internal:///(app-pages-browser)/./node_modules/next/dist/compiled/react-dom/cjs/react-dom-client.development.js:18287
[  172371ms] [TIMESTAMP] Idle Track @ webpack-internal:///(app-pages-browser)/./node_modules/next/dist/compiled/react-dom/cjs/react-dom-client.development.js:18295
[  172586ms] [TIMESTAMP] Render @ webpack-internal:///(app-pages-browser)/./node_modules/next/dist/compiled/react-dom/cjs/react-dom-client.development.js:19292
[  172598ms] [TIMESTAMP] Commit @ webpack-internal:///(app-pages-browser)/./node_modules/next/dist/compiled/react-dom/cjs/react-dom-client.development.js:4724
[  172648ms] [TIMESTAMP] Waiting for Paint @ webpack-internal:///(app-pages-browser)/./node_modules/next/dist/compiled/react-dom/cjs/react-dom-client.development.js:19929
[  172654ms] [TIMESTAMP] Sidebar @ webpack-internal:///(app-pages-browser)/./node_modules/next/dist/compiled/react-dom/cjs/react-dom-client.development.js:4426
[  172667ms] [TIMESTAMP] RoleBadges @ webpack-internal:///(app-pages-browser)/./node_modules/next/dist/compiled/react-dom/cjs/react-dom-client.development.js:4406
[  172668ms] [TIMESTAMP] NavItem @ webpack-internal:///(app-pages-browser)/./node_modules/next/dist/compiled/react-dom/cjs/react-dom-client.development.js:4406
[  172668ms] [TIMESTAMP] NavItem @ webpack-internal:///(app-pages-browser)/./node_modules/next/dist/compiled/react-dom/cjs/react-dom-client.development.js:4406
[  172668ms] [TIMESTAMP] NavItem @ webpack-internal:///(app-pages-browser)/./node_modules/next/dist/compiled/react-dom/cjs/react-dom-client.development.js:4406
[  172668ms] [TIMESTAMP] NavItem @ webpack-internal:///(app-pages-browser)/./node_modules/next/dist/compiled/react-dom/cjs/react-dom-client.development.js:4406
[  172668ms] [TIMESTAMP] NavItem @ webpack-internal:///(app-pages-browser)/./node_modules/next/dist/compiled/react-dom/cjs/react-dom-client.development.js:4406
[  172668ms] [TIMESTAMP] NavItem @ webpack-internal:///(app-pages-browser)/./node_modules/next/dist/compiled/react-dom/cjs/react-dom-client.development.js:4406
[  172668ms] [TIMESTAMP] NavItem @ webpack-internal:///(app-pages-browser)/./node_modules/next/dist/compiled/react-dom/cjs/react-dom-client.development.js:4406
[  172668ms] [TIMESTAMP] NavItem @ webpack-internal:///(app-pages-browser)/./node_modules/next/dist/compiled/react-dom/cjs/react-dom-client.development.js:4406
[  172668ms] [TIMESTAMP] NavItem @ webpack-internal:///(app-pages-browser)/./node_modules/next/dist/compiled/react-dom/cjs/react-dom-client.development.js:4406
[  172668ms] [TIMESTAMP] NavItem @ webpack-internal:///(app-pages-browser)/./node_modules/next/dist/compiled/react-dom/cjs/react-dom-client.development.js:4406
[  172669ms] [TIMESTAMP] NavItem @ webpack-internal:///(app-pages-browser)/./node_modules/next/dist/compiled/react-dom/cjs/react-dom-client.development.js:4406
[  172669ms] [TIMESTAMP] NavItem @ webpack-internal:///(app-pages-browser)/./node_modules/next/dist/compiled/react-dom/cjs/react-dom-client.development.js:4406
[  172679ms] [TIMESTAMP] NavItem @ webpack-internal:///(app-pages-browser)/./node_modules/next/dist/compiled/react-dom/cjs/react-dom-client.development.js:4406
[  172683ms] [TIMESTAMP] NavItem @ webpack-internal:///(app-pages-browser)/./node_modules/next/dist/compiled/react-dom/cjs/react-dom-client.development.js:4406
[  172683ms] [TIMESTAMP] NavItem @ webpack-internal:///(app-pages-browser)/./node_modules/next/dist/compiled/react-dom/cjs/react-dom-client.development.js:4406
[  172683ms] [TIMESTAMP] NavItem @ webpack-internal:///(app-pages-browser)/./node_modules/next/dist/compiled/react-dom/cjs/react-dom-client.development.js:4406
[  172683ms] [TIMESTAMP] NavItem @ webpack-internal:///(app-pages-browser)/./node_modules/next/dist/compiled/react-dom/cjs/react-dom-client.development.js:4406
[  172683ms] [TIMESTAMP] NavItem @ webpack-internal:///(app-pages-browser)/./node_modules/next/dist/compiled/react-dom/cjs/react-dom-client.development.js:4406
[  172683ms] [TIMESTAMP] NavItem @ webpack-internal:///(app-pages-browser)/./node_modules/next/dist/compiled/react-dom/cjs/react-dom-client.development.js:4406
[  172683ms] [TIMESTAMP] NavItem @ webpack-internal:///(app-pages-browser)/./node_modules/next/dist/compiled/react-dom/cjs/react-dom-client.development.js:4406
[  172683ms] [TIMESTAMP] NavItem @ webpack-internal:///(app-pages-browser)/./node_modules/next/dist/compiled/react-dom/cjs/react-dom-client.development.js:4406
[  172683ms] [TIMESTAMP] NavItem @ webpack-internal:///(app-pages-browser)/./node_modules/next/dist/compiled/react-dom/cjs/react-dom-client.development.js:4406
[  172683ms] [TIMESTAMP] NavItem @ webpack-internal:///(app-pages-browser)/./node_modules/next/dist/compiled/react-dom/cjs/react-dom-client.development.js:4406
[  172684ms] [TIMESTAMP] NavItem @ webpack-internal:///(app-pages-browser)/./node_modules/next/dist/compiled/react-dom/cjs/react-dom-client.development.js:4406
[  172684ms] [TIMESTAMP] NavItem @ webpack-internal:///(app-pages-browser)/./node_modules/next/dist/compiled/react-dom/cjs/react-dom-client.development.js:4406
[  172684ms] [TIMESTAMP] NavItem @ webpack-internal:///(app-pages-browser)/./node_modules/next/dist/compiled/react-dom/cjs/react-dom-client.development.js:4406
[  172684ms] [TIMESTAMP] NavItem @ webpack-internal:///(app-pages-browser)/./node_modules/next/dist/compiled/react-dom/cjs/react-dom-client.development.js:4406
[  172684ms] [TIMESTAMP] NavItem @ webpack-internal:///(app-pages-browser)/./node_modules/next/dist/compiled/react-dom/cjs/react-dom-client.development.js:4406
[  172684ms] [TIMESTAMP] NavItem @ webpack-internal:///(app-pages-browser)/./node_modules/next/dist/compiled/react-dom/cjs/react-dom-client.development.js:4406
[  172684ms] [TIMESTAMP] NavItem @ webpack-internal:///(app-pages-browser)/./node_modules/next/dist/compiled/react-dom/cjs/react-dom-client.development.js:4406
[  172684ms] [TIMESTAMP] NavItem @ webpack-internal:///(app-pages-browser)/./node_modules/next/dist/compiled/react-dom/cjs/react-dom-client.development.js:4406
[  172684ms] [TIMESTAMP] NavItem @ webpack-internal:///(app-pages-browser)/./node_modules/next/dist/compiled/react-dom/cjs/react-dom-client.development.js:4406
[  172684ms] [TIMESTAMP] NavItem @ webpack-internal:///(app-pages-browser)/./node_modules/next/dist/compiled/react-dom/cjs/react-dom-client.development.js:4406
[  172684ms] [TIMESTAMP] NavItem @ webpack-internal:///(app-pages-browser)/./node_modules/next/dist/compiled/react-dom/cjs/react-dom-client.development.js:4406
[  172684ms] [TIMESTAMP] NavItem @ webpack-internal:///(app-pages-browser)/./node_modules/next/dist/compiled/react-dom/cjs/react-dom-client.development.js:4406
[  172684ms] [TIMESTAMP] NavItem @ webpack-internal:///(app-pages-browser)/./node_modules/next/dist/compiled/react-dom/cjs/react-dom-client.development.js:4406
[  172684ms] [TIMESTAMP] NavItem @ webpack-internal:///(app-pages-browser)/./node_modules/next/dist/compiled/react-dom/cjs/react-dom-client.development.js:4406
[  172684ms] [TIMESTAMP] NavItem @ webpack-internal:///(app-pages-browser)/./node_modules/next/dist/compiled/react-dom/cjs/react-dom-client.development.js:4406
[  172692ms] [TIMESTAMP] NavItem @ webpack-internal:///(app-pages-browser)/./node_modules/next/dist/compiled/react-dom/cjs/react-dom-client.development.js:4406
[  172693ms] [TIMESTAMP] NavItem @ webpack-internal:///(app-pages-browser)/./node_modules/next/dist/compiled/react-dom/cjs/react-dom-client.development.js:4406
[  172693ms] [TIMESTAMP] NavItem @ webpack-internal:///(app-pages-browser)/./node_modules/next/dist/compiled/react-dom/cjs/react-dom-client.development.js:4406
[  172693ms] [TIMESTAMP] NavItem @ webpack-internal:///(app-pages-browser)/./node_modules/next/dist/compiled/react-dom/cjs/react-dom-client.development.js:4406
[  172693ms] [TIMESTAMP] NavItem @ webpack-internal:///(app-pages-browser)/./node_modules/next/dist/compiled/react-dom/cjs/react-dom-client.development.js:4406
[  172700ms] [TIMESTAMP] NavItem @ webpack-internal:///(app-pages-browser)/./node_modules/next/dist/compiled/react-dom/cjs/react-dom-client.development.js:4406
[  172701ms] [TIMESTAMP] Remaining Effects @ webpack-internal:///(app-pages-browser)/./node_modules/next/dist/compiled/react-dom/cjs/react-dom-client.development.js:19980
[  173084ms] [TIMESTAMP] Blocking Track @ webpack-internal:///(app-pages-browser)/./node_modules/next/dist/compiled/react-dom/cjs/react-dom-client.development.js:18271
[  173084ms] [TIMESTAMP] Transition Track @ webpack-internal:///(app-pages-browser)/./node_modules/next/dist/compiled/react-dom/cjs/react-dom-client.development.js:18279
[  173084ms] [TIMESTAMP] Suspense Track @ webpack-internal:///(app-pages-browser)/./node_modules/next/dist/compiled/react-dom/cjs/react-dom-client.development.js:18287
[  173084ms] [TIMESTAMP] Idle Track @ webpack-internal:///(app-pages-browser)/./node_modules/next/dist/compiled/react-dom/cjs/react-dom-client.development.js:18295
[  173092ms] [TIMESTAMP] Render @ webpack-internal:///(app-pages-browser)/./node_modules/next/dist/compiled/react-dom/cjs/react-dom-client.development.js:19292
[  173098ms] [TIMESTAMP] Commit @ webpack-internal:///(app-pages-browser)/./node_modules/next/dist/compiled/react-dom/cjs/react-dom-client.development.js:4724
[  173099ms] [TIMESTAMP] Waiting for Paint @ webpack-internal:///(app-pages-browser)/./node_modules/next/dist/compiled/react-dom/cjs/react-dom-client.development.js:19929
[  173100ms] [TIMESTAMP] ChatBarBackground @ webpack-internal:///(app-pages-browser)/./node_modules/next/dist/compiled/react-dom/cjs/react-dom-client.development.js:4426
[  173100ms] [TIMESTAMP] Remaining Effects @ webpack-internal:///(app-pages-browser)/./node_modules/next/dist/compiled/react-dom/cjs/react-dom-client.development.js:19980
[  173294ms] [ERROR] [JavaScript Error: "Cookie “__cf_bm” has been rejected for invalid domain." {file: "https://kxflgtbmyajwqurbrxbg.supabase.co/realtime/v1/websocket?apikey=eyJhbGciOiJIUzI1NiIsInR5cCI6IkpXVCJ9.eyJpc3MiOiJzdXBhYmFzZSIsInJlZiI6Imt4ZmxndGJteWFqd3F1cmJyeGJnIiwicm9sZSI6ImFub24iLCJpYXQiOjE3Nzg2NTEyNzksImV4cCI6MjA5NDIyNzI3OX0.N2ufeKdbq5_UqR8GOWkKPe1Xk24jqTNV5PPcDXREe8Y&vsn=2.0.0" line: 0}] @ https://kxflgtbmyajwqurbrxbg.supabase.co/realtime/v1/websocket?apikey=eyJhbGciOiJIUzI1NiIsInR5cCI6IkpXVCJ9.eyJpc3MiOiJzdXBhYmFzZSIsInJlZiI6Imt4ZmxndGJteWFqd3F1cmJyeGJnIiwicm9sZSI6ImFub24iLCJpYXQiOjE3Nzg2NTEyNzksImV4cCI6MjA5NDIyNzI3OX0.N2ufeKdbq5_UqR8GOWkKPe1Xk24jqTNV5PPcDXREe8Y&vsn=2.0.0:0
[  173563ms] [LOG] [Fast Refresh] rebuilding @ webpack-internal:///(app-pages-browser)/./node_modules/next/dist/next-devtools/shared/forward-logs-shared.js:27
[  176364ms] [LOG] [Fast Refresh] done in 2801ms @ webpack-internal:///(app-pages-browser)/./node_modules/next/dist/next-devtools/shared/forward-logs-shared.js:27
[  178195ms] [LOG] [Fast Refresh] rebuilding @ webpack-internal:///(app-pages-browser)/./node_modules/next/dist/next-devtools/shared/forward-logs-shared.js:27
[  179032ms] [LOG] [Fast Refresh] done in 839ms @ webpack-internal:///(app-pages-browser)/./node_modules/next/dist/next-devtools/shared/forward-logs-shared.js:27
[  179576ms] [TIMESTAMP] Blocking Track @ webpack-internal:///(app-pages-browser)/./node_modules/next/dist/compiled/react-dom/cjs/react-dom-client.development.js:18271
[  179580ms] [TIMESTAMP] Transition Track @ webpack-internal:///(app-pages-browser)/./node_modules/next/dist/compiled/react-dom/cjs/react-dom-client.development.js:18279
[  179585ms] [TIMESTAMP] Suspense Track @ webpack-internal:///(app-pages-browser)/./node_modules/next/dist/compiled/react-dom/cjs/react-dom-client.development.js:18287
[  179596ms] [TIMESTAMP] Idle Track @ webpack-internal:///(app-pages-browser)/./node_modules/next/dist/compiled/react-dom/cjs/react-dom-client.development.js:18295
[  180007ms] [TIMESTAMP] Render @ webpack-internal:///(app-pages-browser)/./node_modules/next/dist/compiled/react-dom/cjs/react-dom-client.development.js:19292
[  180025ms] [TIMESTAMP] a @ webpack-internal:///(app-pages-browser)/./node_modules/next/dist/compiled/react-dom/cjs/react-dom-client.development.js:4554
[  180026ms] [TIMESTAMP] a @ webpack-internal:///(app-pages-browser)/./node_modules/next/dist/compiled/react-dom/cjs/react-dom-client.development.js:4554
[  180027ms] [TIMESTAMP] Commit @ webpack-internal:///(app-pages-browser)/./node_modules/next/dist/compiled/react-dom/cjs/react-dom-client.development.js:4724
[  180031ms] [TIMESTAMP] Waiting for Paint @ webpack-internal:///(app-pages-browser)/./node_modules/next/dist/compiled/react-dom/cjs/react-dom-client.development.js:19929
[  180031ms] [TIMESTAMP] ServiceDashboardWidget @ webpack-internal:///(app-pages-browser)/./node_modules/next/dist/compiled/react-dom/cjs/react-dom-client.development.js:4426
[  180032ms] [TIMESTAMP] LinkComponent @ webpack-internal:///(app-pages-browser)/./node_modules/next/dist/compiled/react-dom/cjs/react-dom-client.development.js:4426
[  180032ms] [TIMESTAMP] LinkComponent @ webpack-internal:///(app-pages-browser)/./node_modules/next/dist/compiled/react-dom/cjs/react-dom-client.development.js:4426
[  180038ms] [TIMESTAMP] LinkComponent @ webpack-internal:///(app-pages-browser)/./node_modules/next/dist/compiled/react-dom/cjs/react-dom-client.development.js:4426
[  180040ms] [TIMESTAMP] LinkComponent @ webpack-internal:///(app-pages-browser)/./node_modules/next/dist/compiled/react-dom/cjs/react-dom-client.development.js:4426
[  180041ms] [TIMESTAMP] LinkComponent @ webpack-internal:///(app-pages-browser)/./node_modules/next/dist/compiled/react-dom/cjs/react-dom-client.development.js:4426
[  180044ms] [TIMESTAMP] LinkComponent @ webpack-internal:///(app-pages-browser)/./node_modules/next/dist/compiled/react-dom/cjs/react-dom-client.development.js:4426
[  180044ms] [TIMESTAMP] CircleCheck @ webpack-internal:///(app-pages-browser)/./node_modules/next/dist/compiled/react-dom/cjs/react-dom-client.development.js:4426
[  180047ms] [TIMESTAMP] ForwardRef @ webpack-internal:///(app-pages-browser)/./node_modules/next/dist/compiled/react-dom/cjs/react-dom-client.development.js:4426
[  180051ms] [TIMESTAMP] Wrench @ webpack-internal:///(app-pages-browser)/./node_modules/next/dist/compiled/react-dom/cjs/react-dom-client.development.js:4406
[  180051ms] [TIMESTAMP] ForwardRef @ webpack-internal:///(app-pages-browser)/./node_modules/next/dist/compiled/react-dom/cjs/react-dom-client.development.js:4406
[  180053ms] [TIMESTAMP] Medal @ webpack-internal:///(app-pages-browser)/./node_modules/next/dist/compiled/react-dom/cjs/react-dom-client.development.js:4426
[  180053ms] [TIMESTAMP] ForwardRef @ webpack-internal:///(app-pages-browser)/./node_modules/next/dist/compiled/react-dom/cjs/react-dom-client.development.js:4426
[  180056ms] [TIMESTAMP] a @ webpack-internal:///(app-pages-browser)/./node_modules/next/dist/compiled/react-dom/cjs/react-dom-client.development.js:4554
[  180057ms] [TIMESTAMP] a @ webpack-internal:///(app-pages-browser)/./node_modules/next/dist/compiled/react-dom/cjs/react-dom-client.development.js:4554
[  180058ms] [TIMESTAMP] Remaining Effects @ webpack-internal:///(app-pages-browser)/./node_modules/next/dist/compiled/react-dom/cjs/react-dom-client.development.js:19980
[  180062ms] [TIMESTAMP] Blocking Track @ webpack-internal:///(app-pages-browser)/./node_modules/next/dist/compiled/react-dom/cjs/react-dom-client.development.js:18271
[  180063ms] [TIMESTAMP] Transition Track @ webpack-internal:///(app-pages-browser)/./node_modules/next/dist/compiled/react-dom/cjs/react-dom-client.development.js:18279
[  180063ms] [TIMESTAMP] Suspense Track @ webpack-internal:///(app-pages-browser)/./node_modules/next/dist/compiled/react-dom/cjs/react-dom-client.development.js:18287
[  180063ms] [TIMESTAMP] Idle Track @ webpack-internal:///(app-pages-browser)/./node_modules/next/dist/compiled/react-dom/cjs/react-dom-client.development.js:18295
[  180088ms] [TIMESTAMP] Render @ webpack-internal:///(app-pages-browser)/./node_modules/next/dist/compiled/react-dom/cjs/react-dom-client.development.js:19292
[  180089ms] [TIMESTAMP] Commit @ webpack-internal:///(app-pages-browser)/./node_modules/next/dist/compiled/react-dom/cjs/react-dom-client.development.js:4724
[  180092ms] [TIMESTAMP] Waiting for Paint @ webpack-internal:///(app-pages-browser)/./node_modules/next/dist/compiled/react-dom/cjs/react-dom-client.development.js:19929
[  180092ms] [TIMESTAMP] ServiceDashboardWidget @ webpack-internal:///(app-pages-browser)/./node_modules/next/dist/compiled/react-dom/cjs/react-dom-client.development.js:4426
[  180093ms] [TIMESTAMP] Hourglass @ webpack-internal:///(app-pages-browser)/./node_modules/next/dist/compiled/react-dom/cjs/react-dom-client.development.js:4406
[  180093ms] [TIMESTAMP] ForwardRef @ webpack-internal:///(app-pages-browser)/./node_modules/next/dist/compiled/react-dom/cjs/react-dom-client.development.js:4406
[  180093ms] [TIMESTAMP] Wrench @ webpack-internal:///(app-pages-browser)/./node_modules/next/dist/compiled/react-dom/cjs/react-dom-client.development.js:4406
[  180093ms] [TIMESTAMP] ForwardRef @ webpack-internal:///(app-pages-browser)/./node_modules/next/dist/compiled/react-dom/cjs/react-dom-client.development.js:4406
[  180094ms] [TIMESTAMP] Trophy @ webpack-internal:///(app-pages-browser)/./node_modules/next/dist/compiled/react-dom/cjs/react-dom-client.development.js:4406
[  180094ms] [TIMESTAMP] ForwardRef @ webpack-internal:///(app-pages-browser)/./node_modules/next/dist/compiled/react-dom/cjs/react-dom-client.development.js:4406
[  180096ms] [TIMESTAMP] Medal @ webpack-internal:///(app-pages-browser)/./node_modules/next/dist/compiled/react-dom/cjs/react-dom-client.development.js:4406
[  180097ms] [TIMESTAMP] ForwardRef @ webpack-internal:///(app-pages-browser)/./node_modules/next/dist/compiled/react-dom/cjs/react-dom-client.development.js:4406
[  180098ms] [TIMESTAMP] Remaining Effects @ webpack-internal:///(app-pages-browser)/./node_modules/next/dist/compiled/react-dom/cjs/react-dom-client.development.js:19980
[  189055ms] [TIMESTAMP] Blocking Track @ webpack-internal:///(app-pages-browser)/./node_modules/next/dist/compiled/react-dom/cjs/react-dom-client.development.js:18271
[  189056ms] [TIMESTAMP] Transition Track @ webpack-internal:///(app-pages-browser)/./node_modules/next/dist/compiled/react-dom/cjs/react-dom-client.development.js:18279
[  189057ms] [TIMESTAMP] Suspense Track @ webpack-internal:///(app-pages-browser)/./node_modules/next/dist/compiled/react-dom/cjs/react-dom-client.development.js:18287
[  189057ms] [TIMESTAMP] Idle Track @ webpack-internal:///(app-pages-browser)/./node_modules/next/dist/compiled/react-dom/cjs/react-dom-client.development.js:18295
[  189057ms] [TIMESTAMP] Event: click @ webpack-internal:///(app-pages-browser)/./node_modules/next/dist/compiled/react-dom/cjs/react-dom-client.development.js:18414
[  189069ms] [TIMESTAMP] Render @ webpack-internal:///(app-pages-browser)/./node_modules/next/dist/compiled/react-dom/cjs/react-dom-client.development.js:19292
[  189071ms] [TIMESTAMP] Commit @ webpack-internal:///(app-pages-browser)/./node_modules/next/dist/compiled/react-dom/cjs/react-dom-client.development.js:4724
[  189072ms] [TIMESTAMP] Waiting @ webpack-internal:///(app-pages-browser)/./node_modules/next/dist/compiled/react-dom/cjs/react-dom-client.development.js:19929
[  189072ms] [TIMESTAMP] Router @ webpack-internal:///(app-pages-browser)/./node_modules/next/dist/compiled/react-dom/cjs/react-dom-client.development.js:4426
[  189072ms] [TIMESTAMP] HistoryUpdater @ webpack-internal:///(app-pages-browser)/./node_modules/next/dist/compiled/react-dom/cjs/react-dom-client.development.js:4406
[  189073ms] [TIMESTAMP] RuntimeStylesForWebpack @ webpack-internal:///(app-pages-browser)/./node_modules/next/dist/compiled/react-dom/cjs/react-dom-client.development.js:4406
[  189073ms] [TIMESTAMP] ReplaySsrOnlyErrors @ webpack-internal:///(app-pages-browser)/./node_modules/next/dist/compiled/react-dom/cjs/react-dom-client.development.js:4406
[  189074ms] [TIMESTAMP] Head @ webpack-internal:///(app-pages-browser)/./node_modules/next/dist/compiled/react-dom/cjs/react-dom-client.development.js:4406
[  189074ms] [TIMESTAMP] __next_root_layout_boundary__ @ webpack-internal:///(app-pages-browser)/./node_modules/next/dist/compiled/react-dom/cjs/react-dom-client.development.js:4406
[  189075ms] [TIMESTAMP] LinkComponent @ webpack-internal:///(app-pages-browser)/./node_modules/next/dist/compiled/react-dom/cjs/react-dom-client.development.js:4426
[  189075ms] [TIMESTAMP] AppRouterAnnouncer @ webpack-internal:///(app-pages-browser)/./node_modules/next/dist/compiled/react-dom/cjs/react-dom-client.development.js:4406
[  189076ms] [TIMESTAMP] Remaining Effects @ webpack-internal:///(app-pages-browser)/./node_modules/next/dist/compiled/react-dom/cjs/react-dom-client.development.js:19980
[  189088ms] [TIMESTAMP] Server Requests Track @ webpack-internal:///(app-pages-browser)/./node_modules/next/dist/compiled/react-server-dom-webpack/cjs/react-server-dom-webpack-client.browser.development.js:1241
[  189089ms] [TIMESTAMP] Server Components Track @ webpack-internal:///(app-pages-browser)/./node_modules/next/dist/compiled/react-server-dom-webpack/cjs/react-server-dom-webpack-client.browser.development.js:1249
[  189090ms] [TIMESTAMP] Blocking Track @ webpack-internal:///(app-pages-browser)/./node_modules/next/dist/compiled/react-dom/cjs/react-dom-client.development.js:18271
[  189091ms] [TIMESTAMP] Transition Track @ webpack-internal:///(app-pages-browser)/./node_modules/next/dist/compiled/react-dom/cjs/react-dom-client.development.js:18279
[  189091ms] [TIMESTAMP] Suspense Track @ webpack-internal:///(app-pages-browser)/./node_modules/next/dist/compiled/react-dom/cjs/react-dom-client.development.js:18287
[  189091ms] [TIMESTAMP] Idle Track @ webpack-internal:///(app-pages-browser)/./node_modules/next/dist/compiled/react-dom/cjs/react-dom-client.development.js:18295
[  189092ms] [TIMESTAMP] Event: click @ webpack-internal:///(app-pages-browser)/./node_modules/next/dist/compiled/react-dom/cjs/react-dom-client.development.js:18538
[  189096ms] [TIMESTAMP] Prewarm @ webpack-internal:///(app-pages-browser)/./node_modules/next/dist/compiled/react-dom/cjs/react-dom-client.development.js:4580
[  189334ms] [TIMESTAMP] Blocking Track @ webpack-internal:///(app-pages-browser)/./node_modules/next/dist/compiled/react-dom/cjs/react-dom-client.development.js:18271
[  189335ms] [TIMESTAMP] Transition Track @ webpack-internal:///(app-pages-browser)/./node_modules/next/dist/compiled/react-dom/cjs/react-dom-client.development.js:18279
[  189335ms] [TIMESTAMP] Suspense Track @ webpack-internal:///(app-pages-browser)/./node_modules/next/dist/compiled/react-dom/cjs/react-dom-client.development.js:18287
[  189336ms] [TIMESTAMP] Idle Track @ webpack-internal:///(app-pages-browser)/./node_modules/next/dist/compiled/react-dom/cjs/react-dom-client.development.js:18295
[  189336ms] [TIMESTAMP] Suspended @ webpack-internal:///(app-pages-browser)/./node_modules/next/dist/compiled/react-dom/cjs/react-dom-client.development.js:4606
[  189356ms] [TIMESTAMP] Prewarm @ webpack-internal:///(app-pages-browser)/./node_modules/next/dist/compiled/react-dom/cjs/react-dom-client.development.js:4580
[  189356ms] [TIMESTAMP] Blocking Track @ webpack-internal:///(app-pages-browser)/./node_modules/next/dist/compiled/react-dom/cjs/react-dom-client.development.js:18271
[  189357ms] [TIMESTAMP] Transition Track @ webpack-internal:///(app-pages-browser)/./node_modules/next/dist/compiled/react-dom/cjs/react-dom-client.development.js:18279
[  189357ms] [TIMESTAMP] Suspense Track @ webpack-internal:///(app-pages-browser)/./node_modules/next/dist/compiled/react-dom/cjs/react-dom-client.development.js:18287
[  189358ms] [TIMESTAMP] Idle Track @ webpack-internal:///(app-pages-browser)/./node_modules/next/dist/compiled/react-dom/cjs/react-dom-client.development.js:18295
[  189358ms] [TIMESTAMP] Suspended @ webpack-internal:///(app-pages-browser)/./node_modules/next/dist/compiled/react-dom/cjs/react-dom-client.development.js:4606
[  189363ms] [TIMESTAMP] Blocked @ webpack-internal:///(app-pages-browser)/./node_modules/next/dist/compiled/react-dom/cjs/react-dom-client.development.js:17801
[  189377ms] [TIMESTAMP] Prewarm @ webpack-internal:///(app-pages-browser)/./node_modules/next/dist/compiled/react-dom/cjs/react-dom-client.development.js:4580
[  189429ms] [TIMESTAMP] Server Requests Track @ webpack-internal:///(app-pages-browser)/./node_modules/next/dist/compiled/react-server-dom-webpack/cjs/react-server-dom-webpack-client.browser.development.js:1241
[  189429ms] [TIMESTAMP] Server Components Track @ webpack-internal:///(app-pages-browser)/./node_modules/next/dist/compiled/react-server-dom-webpack/cjs/react-server-dom-webpack-client.browser.development.js:1249
[  189431ms] [TIMESTAMP] ​Next.MetadataOutlet @ webpack-internal:///(app-pages-browser)/./node_modules/next/dist/compiled/react-server-dom-webpack/cjs/react-server-dom-webpack-client.browser.development.js:3943
[  189431ms] [TIMESTAMP] ​NonIndex @ webpack-internal:///(app-pages-browser)/./node_modules/next/dist/compiled/react-server-dom-webpack/cjs/react-server-dom-webpack-client.browser.development.js:3943
[  189431ms] [TIMESTAMP] ​Next.Viewport @ webpack-internal:///(app-pages-browser)/./node_modules/next/dist/compiled/react-server-dom-webpack/cjs/react-server-dom-webpack-client.browser.development.js:3943
[  189431ms] [TIMESTAMP] ​ViewportWrapper @ webpack-internal:///(app-pages-browser)/./node_modules/next/dist/compiled/react-server-dom-webpack/cjs/react-server-dom-webpack-client.browser.development.js:3943
[  189431ms] [TIMESTAMP] ​Next.Metadata @ webpack-internal:///(app-pages-browser)/./node_modules/next/dist/compiled/react-server-dom-webpack/cjs/react-server-dom-webpack-client.browser.development.js:3943
[  189432ms] [TIMESTAMP] ​MetadataWrapper @ webpack-internal:///(app-pages-browser)/./node_modules/next/dist/compiled/react-server-dom-webpack/cjs/react-server-dom-webpack-client.browser.development.js:3943
[  189586ms] [TIMESTAMP] Blocking Track @ webpack-internal:///(app-pages-browser)/./node_modules/next/dist/compiled/react-dom/cjs/react-dom-client.development.js:18271
[  189587ms] [TIMESTAMP] Transition Track @ webpack-internal:///(app-pages-browser)/./node_modules/next/dist/compiled/react-dom/cjs/react-dom-client.development.js:18279
[  189588ms] [TIMESTAMP] Suspense Track @ webpack-internal:///(app-pages-browser)/./node_modules/next/dist/compiled/react-dom/cjs/react-dom-client.development.js:18287
[  189589ms] [TIMESTAMP] Idle Track @ webpack-internal:///(app-pages-browser)/./node_modules/next/dist/compiled/react-dom/cjs/react-dom-client.development.js:18295
[  189589ms] [TIMESTAMP] Suspended @ webpack-internal:///(app-pages-browser)/./node_modules/next/dist/compiled/react-dom/cjs/react-dom-client.development.js:4606
[  189616ms] [TIMESTAMP] Render @ webpack-internal:///(app-pages-browser)/./node_modules/next/dist/compiled/react-dom/cjs/react-dom-client.development.js:19292
[  189631ms] [TIMESTAMP] SegmentViewStateNode @ webpack-internal:///(app-pages-browser)/./node_modules/next/dist/compiled/react-dom/cjs/react-dom-client.development.js:4554
[  189664ms] [TIMESTAMP] InnerScrollAndFocusHandlerOld @ webpack-internal:///(app-pages-browser)/./node_modules/next/dist/compiled/react-dom/cjs/react-dom-client.development.js:4554
[  189665ms] [TIMESTAMP] Commit @ webpack-internal:///(app-pages-browser)/./node_modules/next/dist/compiled/react-dom/cjs/react-dom-client.development.js:4724
[  189681ms] [TIMESTAMP] Waiting for Paint @ webpack-internal:///(app-pages-browser)/./node_modules/next/dist/compiled/react-dom/cjs/react-dom-client.development.js:19929
[  189682ms] [TIMESTAMP] DashboardLayout @ webpack-internal:///(app-pages-browser)/./node_modules/next/dist/compiled/react-dom/cjs/react-dom-client.development.js:4554
[  189684ms] [TIMESTAMP] HTCallProvider @ webpack-internal:///(app-pages-browser)/./node_modules/next/dist/compiled/react-dom/cjs/react-dom-client.development.js:4554
[  189690ms] [TIMESTAMP] DeliveryAlertListener @ webpack-internal:///(app-pages-browser)/./node_modules/next/dist/compiled/react-dom/cjs/react-dom-client.development.js:4554
[  189692ms] [TIMESTAMP] MissionSoundNotifier @ webpack-internal:///(app-pages-browser)/./node_modules/next/dist/compiled/react-dom/cjs/react-dom-client.development.js:4554
[  189695ms] [TIMESTAMP] SellerReminderNotifier @ webpack-internal:///(app-pages-browser)/./node_modules/next/dist/compiled/react-dom/cjs/react-dom-client.development.js:4554
[  189697ms] [TIMESTAMP] ForwardRef(ChartComponent) @ webpack-internal:///(app-pages-browser)/./node_modules/next/dist/compiled/react-dom/cjs/react-dom-client.development.js:4554
[  189699ms] [TIMESTAMP] Router @ webpack-internal:///(app-pages-browser)/./node_modules/next/dist/compiled/react-dom/cjs/react-dom-client.development.js:4426
[  189701ms] [TIMESTAMP] RuntimeStylesForWebpack @ webpack-internal:///(app-pages-browser)/./node_modules/next/dist/compiled/react-dom/cjs/react-dom-client.development.js:4406
[  189702ms] [TIMESTAMP] ReplaySsrOnlyErrors @ webpack-internal:///(app-pages-browser)/./node_modules/next/dist/compiled/react-dom/cjs/react-dom-client.development.js:4406
[  189706ms] [TIMESTAMP] Head @ webpack-internal:///(app-pages-browser)/./node_modules/next/dist/compiled/react-dom/cjs/react-dom-client.development.js:4426
[  189711ms] [TIMESTAMP] __next_viewport_boundary__ @ webpack-internal:///(app-pages-browser)/./node_modules/next/dist/compiled/react-dom/cjs/react-dom-client.development.js:4426
[  189713ms] [TIMESTAMP] __next_metadata_boundary__ @ webpack-internal:///(app-pages-browser)/./node_modules/next/dist/compiled/react-dom/cjs/react-dom-client.development.js:4426
[  189714ms] [TIMESTAMP] IconMark @ webpack-internal:///(app-pages-browser)/./node_modules/next/dist/compiled/react-dom/cjs/react-dom-client.development.js:4426
[  189715ms] [TIMESTAMP] __next_root_layout_boundary__ @ webpack-internal:///(app-pages-browser)/./node_modules/next/dist/compiled/react-dom/cjs/react-dom-client.development.js:4406
[  189716ms] [TIMESTAMP] LoadingBoundaryProvider @ webpack-internal:///(app-pages-browser)/./node_modules/next/dist/compiled/react-dom/cjs/react-dom-client.development.js:4426
[  189717ms] [TIMESTAMP] OuterLayoutRouter @ webpack-internal:///(app-pages-browser)/./node_modules/next/dist/compiled/react-dom/cjs/react-dom-client.development.js:4426
[  189719ms] [TIMESTAMP] RenderFromTemplateContext @ webpack-internal:///(app-pages-browser)/./node_modules/next/dist/compiled/react-dom/cjs/react-dom-client.development.js:4426
[  189728ms] [TIMESTAMP] SegmentTrieNode @ webpack-internal:///(app-pages-browser)/./node_modules/next/dist/compiled/react-dom/cjs/react-dom-client.development.js:4426
[  189729ms] [TIMESTAMP] OuterLayoutRouter @ webpack-internal:///(app-pages-browser)/./node_modules/next/dist/compiled/react-dom/cjs/react-dom-client.development.js:4426
[  189730ms] [TIMESTAMP] SegmentStateProvider @ webpack-internal:///(app-pages-browser)/./node_modules/next/dist/compiled/react-dom/cjs/react-dom-client.development.js:4426
[  189731ms] [TIMESTAMP] RenderFromTemplateContext @ webpack-internal:///(app-pages-browser)/./node_modules/next/dist/compiled/react-dom/cjs/react-dom-client.development.js:4426
[  189732ms] [TIMESTAMP] ScrollAndMaybeFocusHandler @ webpack-internal:///(app-pages-browser)/./node_modules/next/dist/compiled/react-dom/cjs/react-dom-client.development.js:4426
[  189732ms] [TIMESTAMP] InnerScrollAndFocusHandlerOld @ webpack-internal:///(app-pages-browser)/./node_modules/next/dist/compiled/react-dom/cjs/react-dom-client.development.js:4426
[  189732ms] [TIMESTAMP] ErrorBoundary @ webpack-internal:///(app-pages-browser)/./node_modules/next/dist/compiled/react-dom/cjs/react-dom-client.development.js:4426
[  189732ms] [TIMESTAMP] LoadingBoundary @ webpack-internal:///(app-pages-browser)/./node_modules/next/dist/compiled/react-dom/cjs/react-dom-client.development.js:4426
[  189732ms] [TIMESTAMP] HTTPAccessFallbackBoundary @ webpack-internal:///(app-pages-browser)/./node_modules/next/dist/compiled/react-dom/cjs/react-dom-client.development.js:4426
[  189732ms] [TIMESTAMP] RedirectBoundary @ webpack-internal:///(app-pages-browser)/./node_modules/next/dist/compiled/react-dom/cjs/react-dom-client.development.js:4426
[  189732ms] [TIMESTAMP] RedirectErrorBoundary @ webpack-internal:///(app-pages-browser)/./node_modules/next/dist/compiled/react-dom/cjs/react-dom-client.development.js:4426
[  189732ms] [TIMESTAMP] InnerLayoutRouter @ webpack-internal:///(app-pages-browser)/./node_modules/next/dist/compiled/react-dom/cjs/react-dom-client.development.js:4426
[  189732ms] [TIMESTAMP] OuterLayoutRouter @ webpack-internal:///(app-pages-browser)/./node_modules/next/dist/compiled/react-dom/cjs/react-dom-client.development.js:4426
[  189733ms] [TIMESTAMP] SegmentStateProvider @ webpack-internal:///(app-pages-browser)/./node_modules/next/dist/compiled/react-dom/cjs/react-dom-client.development.js:4426
[  189733ms] [TIMESTAMP] RenderFromTemplateContext @ webpack-internal:///(app-pages-browser)/./node_modules/next/dist/compiled/react-dom/cjs/react-dom-client.development.js:4426
[  189733ms] [TIMESTAMP] ScrollAndMaybeFocusHandler @ webpack-internal:///(app-pages-browser)/./node_modules/next/dist/compiled/react-dom/cjs/react-dom-client.development.js:4426
[  189734ms] [TIMESTAMP] InnerScrollAndFocusHandlerOld @ webpack-internal:///(app-pages-browser)/./node_modules/next/dist/compiled/react-dom/cjs/react-dom-client.development.js:4426
[  189734ms] [TIMESTAMP] ErrorBoundary @ webpack-internal:///(app-pages-browser)/./node_modules/next/dist/compiled/react-dom/cjs/react-dom-client.development.js:4426
[  189734ms] [TIMESTAMP] LoadingBoundary @ webpack-internal:///(app-pages-browser)/./node_modules/next/dist/compiled/react-dom/cjs/react-dom-client.development.js:4426
[  189743ms] [TIMESTAMP] HTTPAccessFallbackBoundary @ webpack-internal:///(app-pages-browser)/./node_modules/next/dist/compiled/react-dom/cjs/react-dom-client.development.js:4426
[  189747ms] [TIMESTAMP] RedirectBoundary @ webpack-internal:///(app-pages-browser)/./node_modules/next/dist/compiled/react-dom/cjs/react-dom-client.development.js:4426
[  189747ms] [TIMESTAMP] RedirectErrorBoundary @ webpack-internal:///(app-pages-browser)/./node_modules/next/dist/compiled/react-dom/cjs/react-dom-client.development.js:4426
[  189749ms] [TIMESTAMP] InnerLayoutRouter @ webpack-internal:///(app-pages-browser)/./node_modules/next/dist/compiled/react-dom/cjs/react-dom-client.development.js:4426
[  189750ms] [TIMESTAMP] SegmentViewNode @ webpack-internal:///(app-pages-browser)/./node_modules/next/dist/compiled/react-dom/cjs/react-dom-client.development.js:4426
[  189750ms] [TIMESTAMP] SegmentTrieNode @ webpack-internal:///(app-pages-browser)/./node_modules/next/dist/compiled/react-dom/cjs/react-dom-client.development.js:4426
[  189751ms] [TIMESTAMP] ClientPageRoot @ webpack-internal:///(app-pages-browser)/./node_modules/next/dist/compiled/react-dom/cjs/react-dom-client.development.js:4426
[  189751ms] [TIMESTAMP] AttendanceDashboardPage @ webpack-internal:///(app-pages-browser)/./node_modules/next/dist/compiled/react-dom/cjs/react-dom-client.development.js:4426
[  189780ms] [TIMESTAMP] DashboardLayout @ webpack-internal:///(app-pages-browser)/./node_modules/next/dist/compiled/react-dom/cjs/react-dom-client.development.js:4426
[  189781ms] [TIMESTAMP] HTCallProvider @ webpack-internal:///(app-pages-browser)/./node_modules/next/dist/compiled/react-dom/cjs/react-dom-client.development.js:4426
[  189781ms] [TIMESTAMP] ScrollRestorer @ webpack-internal:///(app-pages-browser)/./node_modules/next/dist/compiled/react-dom/cjs/react-dom-client.development.js:4426
[  189781ms] [TIMESTAMP] Sidebar @ webpack-internal:///(app-pages-browser)/./node_modules/next/dist/compiled/react-dom/cjs/react-dom-client.development.js:4426
[  189781ms] [TIMESTAMP] SidebarContent @ webpack-internal:///(app-pages-browser)/./node_modules/next/dist/compiled/react-dom/cjs/react-dom-client.development.js:4426
[  189781ms] [TIMESTAMP] SidebarContent @ webpack-internal:///(app-pages-browser)/./node_modules/next/dist/compiled/react-dom/cjs/react-dom-client.development.js:4426
[  189783ms] [TIMESTAMP] Sidebar @ webpack-internal:///(app-pages-browser)/./node_modules/next/dist/compiled/react-dom/cjs/react-dom-client.development.js:4554
[  189783ms] [TIMESTAMP] DeliveryAlertListener @ webpack-internal:///(app-pages-browser)/./node_modules/next/dist/compiled/react-dom/cjs/react-dom-client.development.js:4426
[  189783ms] [TIMESTAMP] DeliveryAlertListener @ webpack-internal:///(app-pages-browser)/./node_modules/next/dist/compiled/react-dom/cjs/react-dom-client.development.js:4554
[  189783ms] [TIMESTAMP] MissionSoundNotifier @ webpack-internal:///(app-pages-browser)/./node_modules/next/dist/compiled/react-dom/cjs/react-dom-client.development.js:4426
[  189783ms] [TIMESTAMP] SellerReminderNotifier @ webpack-internal:///(app-pages-browser)/./node_modules/next/dist/compiled/react-dom/cjs/react-dom-client.development.js:4426
[  189783ms] [TIMESTAMP] SellerReminderNotifier @ webpack-internal:///(app-pages-browser)/./node_modules/next/dist/compiled/react-dom/cjs/react-dom-client.development.js:4554
[  189784ms] [TIMESTAMP] BirthdayBanner @ webpack-internal:///(app-pages-browser)/./node_modules/next/dist/compiled/react-dom/cjs/react-dom-client.development.js:4426
[  189784ms] [TIMESTAMP] BirthdayBanner @ webpack-internal:///(app-pages-browser)/./node_modules/next/dist/compiled/react-dom/cjs/react-dom-client.development.js:4554
[  189784ms] [TIMESTAMP] MonthSelector @ webpack-internal:///(app-pages-browser)/./node_modules/next/dist/compiled/react-dom/cjs/react-dom-client.development.js:4426
[  189784ms] [TIMESTAMP] CalendarDays @ webpack-internal:///(app-pages-browser)/./node_modules/next/dist/compiled/react-dom/cjs/react-dom-client.development.js:4426
[  189784ms] [TIMESTAMP] ForwardRef @ webpack-internal:///(app-pages-browser)/./node_modules/next/dist/compiled/react-dom/cjs/react-dom-client.development.js:4426
[  189784ms] [TIMESTAMP] JSXStyle @ webpack-internal:///(app-pages-browser)/./node_modules/next/dist/compiled/react-dom/cjs/react-dom-client.development.js:4426
[  189784ms] [TIMESTAMP] ConfirmDialog @ webpack-internal:///(app-pages-browser)/./node_modules/next/dist/compiled/react-dom/cjs/react-dom-client.development.js:4426
[  189784ms] [TIMESTAMP] ConfirmDialog @ webpack-internal:///(app-pages-browser)/./node_modules/next/dist/compiled/react-dom/cjs/react-dom-client.development.js:4554
[  189784ms] [TIMESTAMP] DashboardLayout @ webpack-internal:///(app-pages-browser)/./node_modules/next/dist/compiled/react-dom/cjs/react-dom-client.development.js:4554
[  189812ms] [TIMESTAMP] AttendanceDashboardPage @ webpack-internal:///(app-pages-browser)/./node_modules/next/dist/compiled/react-dom/cjs/react-dom-client.development.js:4554
[  189815ms] [TIMESTAMP] __next_outlet_boundary__ @ webpack-internal:///(app-pages-browser)/./node_modules/next/dist/compiled/react-dom/cjs/react-dom-client.development.js:4426
[  189815ms] [TIMESTAMP] SegmentViewStateNode @ webpack-internal:///(app-pages-browser)/./node_modules/next/dist/compiled/react-dom/cjs/react-dom-client.development.js:4426
[  189815ms] [TIMESTAMP] SegmentViewNode @ webpack-internal:///(app-pages-browser)/./node_modules/next/dist/compiled/react-dom/cjs/react-dom-client.development.js:4426
[  189816ms] [TIMESTAMP] SegmentTrieNode @ webpack-internal:///(app-pages-browser)/./node_modules/next/dist/compiled/react-dom/cjs/react-dom-client.development.js:4426
[  189816ms] [TIMESTAMP] SegmentViewStateNode @ webpack-internal:///(app-pages-browser)/./node_modules/next/dist/compiled/react-dom/cjs/react-dom-client.development.js:4426
[  189816ms] [TIMESTAMP] MissionQuestTracker @ webpack-internal:///(app-pages-browser)/./node_modules/next/dist/compiled/react-dom/cjs/react-dom-client.development.js:4426
[  189816ms] [TIMESTAMP] SegmentViewStateNode @ webpack-internal:///(app-pages-browser)/./node_modules/next/dist/compiled/react-dom/cjs/react-dom-client.development.js:4426
[  189816ms] [TIMESTAMP] Sidebar @ webpack-internal:///(app-pages-browser)/./node_modules/next/dist/compiled/react-dom/cjs/react-dom-client.development.js:4554
[  189816ms] [TIMESTAMP] DeliveryAlertListener @ webpack-internal:///(app-pages-browser)/./node_modules/next/dist/compiled/react-dom/cjs/react-dom-client.development.js:4554
[  189816ms] [TIMESTAMP] DashboardLayout @ webpack-internal:///(app-pages-browser)/./node_modules/next/dist/compiled/react-dom/cjs/react-dom-client.development.js:4554
[  189831ms] [TIMESTAMP] AttendanceDashboardPage @ webpack-internal:///(app-pages-browser)/./node_modules/next/dist/compiled/react-dom/cjs/react-dom-client.development.js:4554
[  189832ms] [TIMESTAMP] SegmentTrieNode @ webpack-internal:///(app-pages-browser)/./node_modules/next/dist/compiled/react-dom/cjs/react-dom-client.development.js:4554
[  189832ms] [TIMESTAMP] ScrollRestorer @ webpack-internal:///(app-pages-browser)/./node_modules/next/dist/compiled/react-dom/cjs/react-dom-client.development.js:4554
[  189833ms] [TIMESTAMP] Sidebar @ webpack-internal:///(app-pages-browser)/./node_modules/next/dist/compiled/react-dom/cjs/react-dom-client.development.js:4554
[  189833ms] [TIMESTAMP] DeliveryAlertListener @ webpack-internal:///(app-pages-browser)/./node_modules/next/dist/compiled/react-dom/cjs/react-dom-client.development.js:4554
[  189833ms] [TIMESTAMP] SellerReminderNotifier @ webpack-internal:///(app-pages-browser)/./node_modules/next/dist/compiled/react-dom/cjs/react-dom-client.development.js:4554
[  189834ms] [TIMESTAMP] BirthdayBanner @ webpack-internal:///(app-pages-browser)/./node_modules/next/dist/compiled/react-dom/cjs/react-dom-client.development.js:4554
[  189834ms] [TIMESTAMP] HTCallProvider @ webpack-internal:///(app-pages-browser)/./node_modules/next/dist/compiled/react-dom/cjs/react-dom-client.development.js:4554
[  189834ms] [TIMESTAMP] DashboardLayout @ webpack-internal:///(app-pages-browser)/./node_modules/next/dist/compiled/react-dom/cjs/react-dom-client.development.js:4554
[  189846ms] [TIMESTAMP] AttendanceDashboardPage @ webpack-internal:///(app-pages-browser)/./node_modules/next/dist/compiled/react-dom/cjs/react-dom-client.development.js:4554
[  189849ms] [TIMESTAMP] Remaining Effects @ webpack-internal:///(app-pages-browser)/./node_modules/next/dist/compiled/react-dom/cjs/react-dom-client.development.js:19980
[  189881ms] [TIMESTAMP] Blocking Track @ webpack-internal:///(app-pages-browser)/./node_modules/next/dist/compiled/react-dom/cjs/react-dom-client.development.js:18271
[  189881ms] [TIMESTAMP] Transition Track @ webpack-internal:///(app-pages-browser)/./node_modules/next/dist/compiled/react-dom/cjs/react-dom-client.development.js:18279
[  189881ms] [TIMESTAMP] Suspense Track @ webpack-internal:///(app-pages-browser)/./node_modules/next/dist/compiled/react-dom/cjs/react-dom-client.development.js:18287
[  189882ms] [TIMESTAMP] Idle Track @ webpack-internal:///(app-pages-browser)/./node_modules/next/dist/compiled/react-dom/cjs/react-dom-client.development.js:18295
[  190148ms] [TIMESTAMP] Render @ webpack-internal:///(app-pages-browser)/./node_modules/next/dist/compiled/react-dom/cjs/react-dom-client.development.js:19292
[  190153ms] [TIMESTAMP] a @ webpack-internal:///(app-pages-browser)/./node_modules/next/dist/compiled/react-dom/cjs/react-dom-client.development.js:4554
[  190156ms] [TIMESTAMP] a @ webpack-internal:///(app-pages-browser)/./node_modules/next/dist/compiled/react-dom/cjs/react-dom-client.development.js:4554
[  190157ms] [TIMESTAMP] a @ webpack-internal:///(app-pages-browser)/./node_modules/next/dist/compiled/react-dom/cjs/react-dom-client.development.js:4554
[  190161ms] [TIMESTAMP] a @ webpack-internal:///(app-pages-browser)/./node_modules/next/dist/compiled/react-dom/cjs/react-dom-client.development.js:4554
[  190161ms] [TIMESTAMP] a @ webpack-internal:///(app-pages-browser)/./node_modules/next/dist/compiled/react-dom/cjs/react-dom-client.development.js:4554
[  190162ms] [TIMESTAMP] a @ webpack-internal:///(app-pages-browser)/./node_modules/next/dist/compiled/react-dom/cjs/react-dom-client.development.js:4554
[  190162ms] [TIMESTAMP] a @ webpack-internal:///(app-pages-browser)/./node_modules/next/dist/compiled/react-dom/cjs/react-dom-client.development.js:4554
[  190166ms] [TIMESTAMP] a @ webpack-internal:///(app-pages-browser)/./node_modules/next/dist/compiled/react-dom/cjs/react-dom-client.development.js:4554
[  190166ms] [TIMESTAMP] a @ webpack-internal:///(app-pages-browser)/./node_modules/next/dist/compiled/react-dom/cjs/react-dom-client.development.js:4554
[  190168ms] [TIMESTAMP] a @ webpack-internal:///(app-pages-browser)/./node_modules/next/dist/compiled/react-dom/cjs/react-dom-client.development.js:4554
[  190169ms] [TIMESTAMP] a @ webpack-internal:///(app-pages-browser)/./node_modules/next/dist/compiled/react-dom/cjs/react-dom-client.development.js:4554
[  190172ms] [TIMESTAMP] Commit @ webpack-internal:///(app-pages-browser)/./node_modules/next/dist/compiled/react-dom/cjs/react-dom-client.development.js:4724
[  190248ms] [TIMESTAMP] Waiting for Paint @ webpack-internal:///(app-pages-browser)/./node_modules/next/dist/compiled/react-dom/cjs/react-dom-client.development.js:19929
[  190249ms] [TIMESTAMP] AttendanceDashboardPage @ webpack-internal:///(app-pages-browser)/./node_modules/next/dist/compiled/react-dom/cjs/react-dom-client.development.js:4426
[  190250ms] [TIMESTAMP] ScrollRestorer @ webpack-internal:///(app-pages-browser)/./node_modules/next/dist/compiled/react-dom/cjs/react-dom-client.development.js:4406
[  190251ms] [TIMESTAMP] Sidebar @ webpack-internal:///(app-pages-browser)/./node_modules/next/dist/compiled/react-dom/cjs/react-dom-client.development.js:4406
[  190255ms] [TIMESTAMP] RoleBadges @ webpack-internal:///(app-pages-browser)/./node_modules/next/dist/compiled/react-dom/cjs/react-dom-client.development.js:4426
[  190255ms] [TIMESTAMP] NavItem @ webpack-internal:///(app-pages-browser)/./node_modules/next/dist/compiled/react-dom/cjs/react-dom-client.development.js:4426
[  190255ms] [TIMESTAMP] LinkComponent @ webpack-internal:///(app-pages-browser)/./node_modules/next/dist/compiled/react-dom/cjs/react-dom-client.development.js:4426
[  190259ms] [TIMESTAMP] NavItem @ webpack-internal:///(app-pages-browser)/./node_modules/next/dist/compiled/react-dom/cjs/react-dom-client.development.js:4426
[  190260ms] [TIMESTAMP] LinkComponent @ webpack-internal:///(app-pages-browser)/./node_modules/next/dist/compiled/react-dom/cjs/react-dom-client.development.js:4426
[  190260ms] [TIMESTAMP] NavItem @ webpack-internal:///(app-pages-browser)/./node_modules/next/dist/compiled/react-dom/cjs/react-dom-client.development.js:4426
[  190260ms] [TIMESTAMP] LinkComponent @ webpack-internal:///(app-pages-browser)/./node_modules/next/dist/compiled/react-dom/cjs/react-dom-client.development.js:4426
[  190261ms] [TIMESTAMP] NavItem @ webpack-internal:///(app-pages-browser)/./node_modules/next/dist/compiled/react-dom/cjs/react-dom-client.development.js:4426
[  190261ms] [TIMESTAMP] LinkComponent @ webpack-internal:///(app-pages-browser)/./node_modules/next/dist/compiled/react-dom/cjs/react-dom-client.development.js:4426
[  190263ms] [TIMESTAMP] NavItem @ webpack-internal:///(app-pages-browser)/./node_modules/next/dist/compiled/react-dom/cjs/react-dom-client.development.js:4426
[  190263ms] [TIMESTAMP] LinkComponent @ webpack-internal:///(app-pages-browser)/./node_modules/next/dist/compiled/react-dom/cjs/react-dom-client.development.js:4426
[  190265ms] [TIMESTAMP] NavItem @ webpack-internal:///(app-pages-browser)/./node_modules/next/dist/compiled/react-dom/cjs/react-dom-client.development.js:4426
[  190266ms] [TIMESTAMP] LinkComponent @ webpack-internal:///(app-pages-browser)/./node_modules/next/dist/compiled/react-dom/cjs/react-dom-client.development.js:4426
[  190269ms] [TIMESTAMP] NavItem @ webpack-internal:///(app-pages-browser)/./node_modules/next/dist/compiled/react-dom/cjs/react-dom-client.development.js:4426
[  190274ms] [TIMESTAMP] LinkComponent @ webpack-internal:///(app-pages-browser)/./node_modules/next/dist/compiled/react-dom/cjs/react-dom-client.development.js:4426
[  190276ms] [TIMESTAMP] NavItem @ webpack-internal:///(app-pages-browser)/./node_modules/next/dist/compiled/react-dom/cjs/react-dom-client.development.js:4426
[  190277ms] [TIMESTAMP] LinkComponent @ webpack-internal:///(app-pages-browser)/./node_modules/next/dist/compiled/react-dom/cjs/react-dom-client.development.js:4426
[  190280ms] [TIMESTAMP] NavItem @ webpack-internal:///(app-pages-browser)/./node_modules/next/dist/compiled/react-dom/cjs/react-dom-client.development.js:4426
[  190281ms] [TIMESTAMP] LinkComponent @ webpack-internal:///(app-pages-browser)/./node_modules/next/dist/compiled/react-dom/cjs/react-dom-client.development.js:4426
[  190281ms] [TIMESTAMP] NavItem @ webpack-internal:///(app-pages-browser)/./node_modules/next/dist/compiled/react-dom/cjs/react-dom-client.development.js:4426
[  190281ms] [TIMESTAMP] LinkComponent @ webpack-internal:///(app-pages-browser)/./node_modules/next/dist/compiled/react-dom/cjs/react-dom-client.development.js:4426
[  190281ms] [TIMESTAMP] NavItem @ webpack-internal:///(app-pages-browser)/./node_modules/next/dist/compiled/react-dom/cjs/react-dom-client.development.js:4426
[  190281ms] [TIMESTAMP] LinkComponent @ webpack-internal:///(app-pages-browser)/./node_modules/next/dist/compiled/react-dom/cjs/react-dom-client.development.js:4426
[  190282ms] [TIMESTAMP] NavItem @ webpack-internal:///(app-pages-browser)/./node_modules/next/dist/compiled/react-dom/cjs/react-dom-client.development.js:4426
[  190282ms] [TIMESTAMP] LinkComponent @ webpack-internal:///(app-pages-browser)/./node_modules/next/dist/compiled/react-dom/cjs/react-dom-client.development.js:4426
[  190287ms] [TIMESTAMP] NavItem @ webpack-internal:///(app-pages-browser)/./node_modules/next/dist/compiled/react-dom/cjs/react-dom-client.development.js:4426
[  190288ms] [TIMESTAMP] LinkComponent @ webpack-internal:///(app-pages-browser)/./node_modules/next/dist/compiled/react-dom/cjs/react-dom-client.development.js:4426
[  190288ms] [TIMESTAMP] NavItem @ webpack-internal:///(app-pages-browser)/./node_modules/next/dist/compiled/react-dom/cjs/react-dom-client.development.js:4426
[  190288ms] [TIMESTAMP] LinkComponent @ webpack-internal:///(app-pages-browser)/./node_modules/next/dist/compiled/react-dom/cjs/react-dom-client.development.js:4426
[  190288ms] [TIMESTAMP] NavItem @ webpack-internal:///(app-pages-browser)/./node_modules/next/dist/compiled/react-dom/cjs/react-dom-client.development.js:4426
[  190288ms] [TIMESTAMP] LinkComponent @ webpack-internal:///(app-pages-browser)/./node_modules/next/dist/compiled/react-dom/cjs/react-dom-client.development.js:4426
[  190289ms] [TIMESTAMP] NavItem @ webpack-internal:///(app-pages-browser)/./node_modules/next/dist/compiled/react-dom/cjs/react-dom-client.development.js:4426
[  190290ms] [TIMESTAMP] LinkComponent @ webpack-internal:///(app-pages-browser)/./node_modules/next/dist/compiled/react-dom/cjs/react-dom-client.development.js:4426
[  190290ms] [TIMESTAMP] NavItem @ webpack-internal:///(app-pages-browser)/./node_modules/next/dist/compiled/react-dom/cjs/react-dom-client.development.js:4426
[  190290ms] [TIMESTAMP] LinkComponent @ webpack-internal:///(app-pages-browser)/./node_modules/next/dist/compiled/react-dom/cjs/react-dom-client.development.js:4426
[  190290ms] [TIMESTAMP] NavItem @ webpack-internal:///(app-pages-browser)/./node_modules/next/dist/compiled/react-dom/cjs/react-dom-client.development.js:4426
[  190293ms] [TIMESTAMP] LinkComponent @ webpack-internal:///(app-pages-browser)/./node_modules/next/dist/compiled/react-dom/cjs/react-dom-client.development.js:4426
[  190293ms] [TIMESTAMP] NavItem @ webpack-internal:///(app-pages-browser)/./node_modules/next/dist/compiled/react-dom/cjs/react-dom-client.development.js:4426
[  190293ms] [TIMESTAMP] LinkComponent @ webpack-internal:///(app-pages-browser)/./node_modules/next/dist/compiled/react-dom/cjs/react-dom-client.development.js:4426
[  190293ms] [TIMESTAMP] NavItem @ webpack-internal:///(app-pages-browser)/./node_modules/next/dist/compiled/react-dom/cjs/react-dom-client.development.js:4426
[  190293ms] [TIMESTAMP] LinkComponent @ webpack-internal:///(app-pages-browser)/./node_modules/next/dist/compiled/react-dom/cjs/react-dom-client.development.js:4426
[  190293ms] [TIMESTAMP] NavItem @ webpack-internal:///(app-pages-browser)/./node_modules/next/dist/compiled/react-dom/cjs/react-dom-client.development.js:4426
[  190295ms] [TIMESTAMP] LinkComponent @ webpack-internal:///(app-pages-browser)/./node_modules/next/dist/compiled/react-dom/cjs/react-dom-client.development.js:4426
[  190295ms] [TIMESTAMP] NavItem @ webpack-internal:///(app-pages-browser)/./node_modules/next/dist/compiled/react-dom/cjs/react-dom-client.development.js:4426
[  190296ms] [TIMESTAMP] LinkComponent @ webpack-internal:///(app-pages-browser)/./node_modules/next/dist/compiled/react-dom/cjs/react-dom-client.development.js:4426
[  190296ms] [TIMESTAMP] NavItem @ webpack-internal:///(app-pages-browser)/./node_modules/next/dist/compiled/react-dom/cjs/react-dom-client.development.js:4426
[  190298ms] [TIMESTAMP] LinkComponent @ webpack-internal:///(app-pages-browser)/./node_modules/next/dist/compiled/react-dom/cjs/react-dom-client.development.js:4426
[  190300ms] [TIMESTAMP] NavItem @ webpack-internal:///(app-pages-browser)/./node_modules/next/dist/compiled/react-dom/cjs/react-dom-client.development.js:4426
[  190300ms] [TIMESTAMP] LinkComponent @ webpack-internal:///(app-pages-browser)/./node_modules/next/dist/compiled/react-dom/cjs/react-dom-client.development.js:4426
[  190301ms] [TIMESTAMP] NavItem @ webpack-internal:///(app-pages-browser)/./node_modules/next/dist/compiled/react-dom/cjs/react-dom-client.development.js:4426
[  190301ms] [TIMESTAMP] LinkComponent @ webpack-internal:///(app-pages-browser)/./node_modules/next/dist/compiled/react-dom/cjs/react-dom-client.development.js:4426
[  190305ms] [TIMESTAMP] NavItem @ webpack-internal:///(app-pages-browser)/./node_modules/next/dist/compiled/react-dom/cjs/react-dom-client.development.js:4426
[  190305ms] [TIMESTAMP] LinkComponent @ webpack-internal:///(app-pages-browser)/./node_modules/next/dist/compiled/react-dom/cjs/react-dom-client.development.js:4426
[  190306ms] [TIMESTAMP] NavItem @ webpack-internal:///(app-pages-browser)/./node_modules/next/dist/compiled/react-dom/cjs/react-dom-client.development.js:4426
[  190306ms] [TIMESTAMP] LinkComponent @ webpack-internal:///(app-pages-browser)/./node_modules/next/dist/compiled/react-dom/cjs/react-dom-client.development.js:4426
[  190306ms] [TIMESTAMP] NavItem @ webpack-internal:///(app-pages-browser)/./node_modules/next/dist/compiled/react-dom/cjs/react-dom-client.development.js:4426
[  190306ms] [TIMESTAMP] LinkComponent @ webpack-internal:///(app-pages-browser)/./node_modules/next/dist/compiled/react-dom/cjs/react-dom-client.development.js:4426
[  190306ms] [TIMESTAMP] NavItem @ webpack-internal:///(app-pages-browser)/./node_modules/next/dist/compiled/react-dom/cjs/react-dom-client.development.js:4426
[  190307ms] [TIMESTAMP] LinkComponent @ webpack-internal:///(app-pages-browser)/./node_modules/next/dist/compiled/react-dom/cjs/react-dom-client.development.js:4426
[  190307ms] [TIMESTAMP] NavItem @ webpack-internal:///(app-pages-browser)/./node_modules/next/dist/compiled/react-dom/cjs/react-dom-client.development.js:4426
[  190307ms] [TIMESTAMP] LinkComponent @ webpack-internal:///(app-pages-browser)/./node_modules/next/dist/compiled/react-dom/cjs/react-dom-client.development.js:4426
[  190307ms] [TIMESTAMP] NavItem @ webpack-internal:///(app-pages-browser)/./node_modules/next/dist/compiled/react-dom/cjs/react-dom-client.development.js:4426
[  190309ms] [TIMESTAMP] LinkComponent @ webpack-internal:///(app-pages-browser)/./node_modules/next/dist/compiled/react-dom/cjs/react-dom-client.development.js:4426
[  190309ms] [TIMESTAMP] NavItem @ webpack-internal:///(app-pages-browser)/./node_modules/next/dist/compiled/react-dom/cjs/react-dom-client.development.js:4426
[  190309ms] [TIMESTAMP] LinkComponent @ webpack-internal:///(app-pages-browser)/./node_modules/next/dist/compiled/react-dom/cjs/react-dom-client.development.js:4426
[  190310ms] [TIMESTAMP] NavItem @ webpack-internal:///(app-pages-browser)/./node_modules/next/dist/compiled/react-dom/cjs/react-dom-client.development.js:4426
[  190310ms] [TIMESTAMP] LinkComponent @ webpack-internal:///(app-pages-browser)/./node_modules/next/dist/compiled/react-dom/cjs/react-dom-client.development.js:4426
[  190310ms] [TIMESTAMP] NavItem @ webpack-internal:///(app-pages-browser)/./node_modules/next/dist/compiled/react-dom/cjs/react-dom-client.development.js:4426
[  190310ms] [TIMESTAMP] LinkComponent @ webpack-internal:///(app-pages-browser)/./node_modules/next/dist/compiled/react-dom/cjs/react-dom-client.development.js:4426
[  190311ms] [TIMESTAMP] NavItem @ webpack-internal:///(app-pages-browser)/./node_modules/next/dist/compiled/react-dom/cjs/react-dom-client.development.js:4426
[  190311ms] [TIMESTAMP] LinkComponent @ webpack-internal:///(app-pages-browser)/./node_modules/next/dist/compiled/react-dom/cjs/react-dom-client.development.js:4426
[  190311ms] [TIMESTAMP] NavItem @ webpack-internal:///(app-pages-browser)/./node_modules/next/dist/compiled/react-dom/cjs/react-dom-client.development.js:4426
[  190311ms] [TIMESTAMP] LinkComponent @ webpack-internal:///(app-pages-browser)/./node_modules/next/dist/compiled/react-dom/cjs/react-dom-client.development.js:4426
[  190311ms] [TIMESTAMP] NavItem @ webpack-internal:///(app-pages-browser)/./node_modules/next/dist/compiled/react-dom/cjs/react-dom-client.development.js:4426
[  190312ms] [TIMESTAMP] LinkComponent @ webpack-internal:///(app-pages-browser)/./node_modules/next/dist/compiled/react-dom/cjs/react-dom-client.development.js:4426
[  190312ms] [TIMESTAMP] NavItem @ webpack-internal:///(app-pages-browser)/./node_modules/next/dist/compiled/react-dom/cjs/react-dom-client.development.js:4426
[  190312ms] [TIMESTAMP] LinkComponent @ webpack-internal:///(app-pages-browser)/./node_modules/next/dist/compiled/react-dom/cjs/react-dom-client.development.js:4426
[  190312ms] [TIMESTAMP] NavItem @ webpack-internal:///(app-pages-browser)/./node_modules/next/dist/compiled/react-dom/cjs/react-dom-client.development.js:4426
[  190312ms] [TIMESTAMP] LinkComponent @ webpack-internal:///(app-pages-browser)/./node_modules/next/dist/compiled/react-dom/cjs/react-dom-client.development.js:4426
[  190312ms] [TIMESTAMP] NavItem @ webpack-internal:///(app-pages-browser)/./node_modules/next/dist/compiled/react-dom/cjs/react-dom-client.development.js:4426
[  190312ms] [TIMESTAMP] LinkComponent @ webpack-internal:///(app-pages-browser)/./node_modules/next/dist/compiled/react-dom/cjs/react-dom-client.development.js:4426
[  190312ms] [TIMESTAMP] NavItem @ webpack-internal:///(app-pages-browser)/./node_modules/next/dist/compiled/react-dom/cjs/react-dom-client.development.js:4426
[  190312ms] [TIMESTAMP] LinkComponent @ webpack-internal:///(app-pages-browser)/./node_modules/next/dist/compiled/react-dom/cjs/react-dom-client.development.js:4426
[  190312ms] [TIMESTAMP] NavItem @ webpack-internal:///(app-pages-browser)/./node_modules/next/dist/compiled/react-dom/cjs/react-dom-client.development.js:4426
[  190312ms] [TIMESTAMP] LinkComponent @ webpack-internal:///(app-pages-browser)/./node_modules/next/dist/compiled/react-dom/cjs/react-dom-client.development.js:4426
[  190320ms] [TIMESTAMP] NavItem @ webpack-internal:///(app-pages-browser)/./node_modules/next/dist/compiled/react-dom/cjs/react-dom-client.development.js:4426
[  190321ms] [TIMESTAMP] LinkComponent @ webpack-internal:///(app-pages-browser)/./node_modules/next/dist/compiled/react-dom/cjs/react-dom-client.development.js:4426
[  190321ms] [TIMESTAMP] NavItem @ webpack-internal:///(app-pages-browser)/./node_modules/next/dist/compiled/react-dom/cjs/react-dom-client.development.js:4426
[  190321ms] [TIMESTAMP] LinkComponent @ webpack-internal:///(app-pages-browser)/./node_modules/next/dist/compiled/react-dom/cjs/react-dom-client.development.js:4426
[  190321ms] [TIMESTAMP] RoleBadges @ webpack-internal:///(app-pages-browser)/./node_modules/next/dist/compiled/react-dom/cjs/react-dom-client.development.js:4426
[  190321ms] [TIMESTAMP] NavItem @ webpack-internal:///(app-pages-browser)/./node_modules/next/dist/compiled/react-dom/cjs/react-dom-client.development.js:4426
[  190321ms] [TIMESTAMP] LinkComponent @ webpack-internal:///(app-pages-browser)/./node_modules/next/dist/compiled/react-dom/cjs/react-dom-client.development.js:4426
[  190321ms] [TIMESTAMP] NavItem @ webpack-internal:///(app-pages-browser)/./node_modules/next/dist/compiled/react-dom/cjs/react-dom-client.development.js:4426
[  190321ms] [TIMESTAMP] LinkComponent @ webpack-internal:///(app-pages-browser)/./node_modules/next/dist/compiled/react-dom/cjs/react-dom-client.development.js:4426
[  190322ms] [TIMESTAMP] NavItem @ webpack-internal:///(app-pages-browser)/./node_modules/next/dist/compiled/react-dom/cjs/react-dom-client.development.js:4426
[  190322ms] [TIMESTAMP] NavItem @ webpack-internal:///(app-pages-browser)/./node_modules/next/dist/compiled/react-dom/cjs/react-dom-client.development.js:4426
[  190322ms] [TIMESTAMP] LinkComponent @ webpack-internal:///(app-pages-browser)/./node_modules/next/dist/compiled/react-dom/cjs/react-dom-client.development.js:4426
[  190322ms] [TIMESTAMP] NavItem @ webpack-internal:///(app-pages-browser)/./node_modules/next/dist/compiled/react-dom/cjs/react-dom-client.development.js:4426
[  190322ms] [TIMESTAMP] LinkComponent @ webpack-internal:///(app-pages-browser)/./node_modules/next/dist/compiled/react-dom/cjs/react-dom-client.development.js:4426
[  190322ms] [TIMESTAMP] NavItem @ webpack-internal:///(app-pages-browser)/./node_modules/next/dist/compiled/react-dom/cjs/react-dom-client.development.js:4426
[  190323ms] [TIMESTAMP] LinkComponent @ webpack-internal:///(app-pages-browser)/./node_modules/next/dist/compiled/react-dom/cjs/react-dom-client.development.js:4426
[  190323ms] [TIMESTAMP] NavItem @ webpack-internal:///(app-pages-browser)/./node_modules/next/dist/compiled/react-dom/cjs/react-dom-client.development.js:4426
[  190323ms] [TIMESTAMP] LinkComponent @ webpack-internal:///(app-pages-browser)/./node_modules/next/dist/compiled/react-dom/cjs/react-dom-client.development.js:4426
[  190323ms] [TIMESTAMP] NavItem @ webpack-internal:///(app-pages-browser)/./node_modules/next/dist/compiled/react-dom/cjs/react-dom-client.development.js:4426
[  190324ms] [TIMESTAMP] LinkComponent @ webpack-internal:///(app-pages-browser)/./node_modules/next/dist/compiled/react-dom/cjs/react-dom-client.development.js:4426
[  190327ms] [TIMESTAMP] NavItem @ webpack-internal:///(app-pages-browser)/./node_modules/next/dist/compiled/react-dom/cjs/react-dom-client.development.js:4426
[  190327ms] [TIMESTAMP] LinkComponent @ webpack-internal:///(app-pages-browser)/./node_modules/next/dist/compiled/react-dom/cjs/react-dom-client.development.js:4426
[  190327ms] [TIMESTAMP] NavItem @ webpack-internal:///(app-pages-browser)/./node_modules/next/dist/compiled/react-dom/cjs/react-dom-client.development.js:4426
[  190327ms] [TIMESTAMP] LinkComponent @ webpack-internal:///(app-pages-browser)/./node_modules/next/dist/compiled/react-dom/cjs/react-dom-client.development.js:4426
[  190327ms] [TIMESTAMP] NavItem @ webpack-internal:///(app-pages-browser)/./node_modules/next/dist/compiled/react-dom/cjs/react-dom-client.development.js:4426
[  190327ms] [TIMESTAMP] LinkComponent @ webpack-internal:///(app-pages-browser)/./node_modules/next/dist/compiled/react-dom/cjs/react-dom-client.development.js:4426
[  190327ms] [TIMESTAMP] NavItem @ webpack-internal:///(app-pages-browser)/./node_modules/next/dist/compiled/react-dom/cjs/react-dom-client.development.js:4426
[  190327ms] [TIMESTAMP] LinkComponent @ webpack-internal:///(app-pages-browser)/./node_modules/next/dist/compiled/react-dom/cjs/react-dom-client.development.js:4426
[  190327ms] [TIMESTAMP] NavItem @ webpack-internal:///(app-pages-browser)/./node_modules/next/dist/compiled/react-dom/cjs/react-dom-client.development.js:4426
[  190327ms] [TIMESTAMP] LinkComponent @ webpack-internal:///(app-pages-browser)/./node_modules/next/dist/compiled/react-dom/cjs/react-dom-client.development.js:4426
[  190327ms] [TIMESTAMP] NavItem @ webpack-internal:///(app-pages-browser)/./node_modules/next/dist/compiled/react-dom/cjs/react-dom-client.development.js:4426
[  190327ms] [TIMESTAMP] NavItem @ webpack-internal:///(app-pages-browser)/./node_modules/next/dist/compiled/react-dom/cjs/react-dom-client.development.js:4426
[  190328ms] [TIMESTAMP] LinkComponent @ webpack-internal:///(app-pages-browser)/./node_modules/next/dist/compiled/react-dom/cjs/react-dom-client.development.js:4426
[  190328ms] [TIMESTAMP] NavItem @ webpack-internal:///(app-pages-browser)/./node_modules/next/dist/compiled/react-dom/cjs/react-dom-client.development.js:4426
[  190328ms] [TIMESTAMP] LinkComponent @ webpack-internal:///(app-pages-browser)/./node_modules/next/dist/compiled/react-dom/cjs/react-dom-client.development.js:4426
[  190328ms] [TIMESTAMP] NavItem @ webpack-internal:///(app-pages-browser)/./node_modules/next/dist/compiled/react-dom/cjs/react-dom-client.development.js:4426
[  190328ms] [TIMESTAMP] LinkComponent @ webpack-internal:///(app-pages-browser)/./node_modules/next/dist/compiled/react-dom/cjs/react-dom-client.development.js:4426
[  190328ms] [TIMESTAMP] NavItem @ webpack-internal:///(app-pages-browser)/./node_modules/next/dist/compiled/react-dom/cjs/react-dom-client.development.js:4426
[  190328ms] [TIMESTAMP] LinkComponent @ webpack-internal:///(app-pages-browser)/./node_modules/next/dist/compiled/react-dom/cjs/react-dom-client.development.js:4426
[  190328ms] [TIMESTAMP] NavItem @ webpack-internal:///(app-pages-browser)/./node_modules/next/dist/compiled/react-dom/cjs/react-dom-client.development.js:4426
[  190328ms] [TIMESTAMP] LinkComponent @ webpack-internal:///(app-pages-browser)/./node_modules/next/dist/compiled/react-dom/cjs/react-dom-client.development.js:4426
[  190328ms] [TIMESTAMP] NavItem @ webpack-internal:///(app-pages-browser)/./node_modules/next/dist/compiled/react-dom/cjs/react-dom-client.development.js:4426
[  190328ms] [TIMESTAMP] LinkComponent @ webpack-internal:///(app-pages-browser)/./node_modules/next/dist/compiled/react-dom/cjs/react-dom-client.development.js:4426
[  190328ms] [TIMESTAMP] NavItem @ webpack-internal:///(app-pages-browser)/./node_modules/next/dist/compiled/react-dom/cjs/react-dom-client.development.js:4426
[  190328ms] [TIMESTAMP] LinkComponent @ webpack-internal:///(app-pages-browser)/./node_modules/next/dist/compiled/react-dom/cjs/react-dom-client.development.js:4426
[  190328ms] [TIMESTAMP] NavItem @ webpack-internal:///(app-pages-browser)/./node_modules/next/dist/compiled/react-dom/cjs/react-dom-client.development.js:4426
[  190328ms] [TIMESTAMP] LinkComponent @ webpack-internal:///(app-pages-browser)/./node_modules/next/dist/compiled/react-dom/cjs/react-dom-client.development.js:4426
[  190333ms] [TIMESTAMP] NavItem @ webpack-internal:///(app-pages-browser)/./node_modules/next/dist/compiled/react-dom/cjs/react-dom-client.development.js:4426
[  190334ms] [TIMESTAMP] NavItem @ webpack-internal:///(app-pages-browser)/./node_modules/next/dist/compiled/react-dom/cjs/react-dom-client.development.js:4426
[  190338ms] [TIMESTAMP] LinkComponent @ webpack-internal:///(app-pages-browser)/./node_modules/next/dist/compiled/react-dom/cjs/react-dom-client.development.js:4426
[  190339ms] [TIMESTAMP] NavItem @ webpack-internal:///(app-pages-browser)/./node_modules/next/dist/compiled/react-dom/cjs/react-dom-client.development.js:4426
[  190340ms] [TIMESTAMP] LinkComponent @ webpack-internal:///(app-pages-browser)/./node_modules/next/dist/compiled/react-dom/cjs/react-dom-client.development.js:4426
[  190340ms] [TIMESTAMP] NavItem @ webpack-internal:///(app-pages-browser)/./node_modules/next/dist/compiled/react-dom/cjs/react-dom-client.development.js:4426
[  190341ms] [TIMESTAMP] LinkComponent @ webpack-internal:///(app-pages-browser)/./node_modules/next/dist/compiled/react-dom/cjs/react-dom-client.development.js:4426
[  190341ms] [TIMESTAMP] NavItem @ webpack-internal:///(app-pages-browser)/./node_modules/next/dist/compiled/react-dom/cjs/react-dom-client.development.js:4426
[  190341ms] [TIMESTAMP] LinkComponent @ webpack-internal:///(app-pages-browser)/./node_modules/next/dist/compiled/react-dom/cjs/react-dom-client.development.js:4426
[  190341ms] [TIMESTAMP] NavItem @ webpack-internal:///(app-pages-browser)/./node_modules/next/dist/compiled/react-dom/cjs/react-dom-client.development.js:4426
[  190343ms] [TIMESTAMP] LinkComponent @ webpack-internal:///(app-pages-browser)/./node_modules/next/dist/compiled/react-dom/cjs/react-dom-client.development.js:4426
[  190343ms] [TIMESTAMP] NavItem @ webpack-internal:///(app-pages-browser)/./node_modules/next/dist/compiled/react-dom/cjs/react-dom-client.development.js:4426
[  190343ms] [TIMESTAMP] LinkComponent @ webpack-internal:///(app-pages-browser)/./node_modules/next/dist/compiled/react-dom/cjs/react-dom-client.development.js:4426
[  190344ms] [TIMESTAMP] NavItem @ webpack-internal:///(app-pages-browser)/./node_modules/next/dist/compiled/react-dom/cjs/react-dom-client.development.js:4426
[  190344ms] [TIMESTAMP] LinkComponent @ webpack-internal:///(app-pages-browser)/./node_modules/next/dist/compiled/react-dom/cjs/react-dom-client.development.js:4426
[  190344ms] [TIMESTAMP] NavItem @ webpack-internal:///(app-pages-browser)/./node_modules/next/dist/compiled/react-dom/cjs/react-dom-client.development.js:4426
[  190344ms] [TIMESTAMP] LinkComponent @ webpack-internal:///(app-pages-browser)/./node_modules/next/dist/compiled/react-dom/cjs/react-dom-client.development.js:4426
[  190344ms] [TIMESTAMP] NavItem @ webpack-internal:///(app-pages-browser)/./node_modules/next/dist/compiled/react-dom/cjs/react-dom-client.development.js:4426
[  190344ms] [TIMESTAMP] LinkComponent @ webpack-internal:///(app-pages-browser)/./node_modules/next/dist/compiled/react-dom/cjs/react-dom-client.development.js:4426
[  190344ms] [TIMESTAMP] NavItem @ webpack-internal:///(app-pages-browser)/./node_modules/next/dist/compiled/react-dom/cjs/react-dom-client.development.js:4426
[  190344ms] [TIMESTAMP] LinkComponent @ webpack-internal:///(app-pages-browser)/./node_modules/next/dist/compiled/react-dom/cjs/react-dom-client.development.js:4426
[  190344ms] [TIMESTAMP] NavItem @ webpack-internal:///(app-pages-browser)/./node_modules/next/dist/compiled/react-dom/cjs/react-dom-client.development.js:4426
[  190344ms] [TIMESTAMP] LinkComponent @ webpack-internal:///(app-pages-browser)/./node_modules/next/dist/compiled/react-dom/cjs/react-dom-client.development.js:4426
[  190344ms] [TIMESTAMP] NavItem @ webpack-internal:///(app-pages-browser)/./node_modules/next/dist/compiled/react-dom/cjs/react-dom-client.development.js:4426
[  190344ms] [TIMESTAMP] LinkComponent @ webpack-internal:///(app-pages-browser)/./node_modules/next/dist/compiled/react-dom/cjs/react-dom-client.development.js:4426
[  190344ms] [TIMESTAMP] NavItem @ webpack-internal:///(app-pages-browser)/./node_modules/next/dist/compiled/react-dom/cjs/react-dom-client.development.js:4426
[  190344ms] [TIMESTAMP] LinkComponent @ webpack-internal:///(app-pages-browser)/./node_modules/next/dist/compiled/react-dom/cjs/react-dom-client.development.js:4426
[  190344ms] [TIMESTAMP] NavItem @ webpack-internal:///(app-pages-browser)/./node_modules/next/dist/compiled/react-dom/cjs/react-dom-client.development.js:4426
[  190344ms] [TIMESTAMP] LinkComponent @ webpack-internal:///(app-pages-browser)/./node_modules/next/dist/compiled/react-dom/cjs/react-dom-client.development.js:4426
[  190344ms] [TIMESTAMP] NavItem @ webpack-internal:///(app-pages-browser)/./node_modules/next/dist/compiled/react-dom/cjs/react-dom-client.development.js:4426
[  190345ms] [TIMESTAMP] NavItem @ webpack-internal:///(app-pages-browser)/./node_modules/next/dist/compiled/react-dom/cjs/react-dom-client.development.js:4426
[  190345ms] [TIMESTAMP] LinkComponent @ webpack-internal:///(app-pages-browser)/./node_modules/next/dist/compiled/react-dom/cjs/react-dom-client.development.js:4426
[  190345ms] [TIMESTAMP] NavItem @ webpack-internal:///(app-pages-browser)/./node_modules/next/dist/compiled/react-dom/cjs/react-dom-client.development.js:4426
[  190346ms] [TIMESTAMP] NavItem @ webpack-internal:///(app-pages-browser)/./node_modules/next/dist/compiled/react-dom/cjs/react-dom-client.development.js:4426
[  190346ms] [TIMESTAMP] NavItem @ webpack-internal:///(app-pages-browser)/./node_modules/next/dist/compiled/react-dom/cjs/react-dom-client.development.js:4426
[  190346ms] [TIMESTAMP] LinkComponent @ webpack-internal:///(app-pages-browser)/./node_modules/next/dist/compiled/react-dom/cjs/react-dom-client.development.js:4426
[  190346ms] [TIMESTAMP] NavItem @ webpack-internal:///(app-pages-browser)/./node_modules/next/dist/compiled/react-dom/cjs/react-dom-client.development.js:4426
[  190350ms] [TIMESTAMP] LinkComponent @ webpack-internal:///(app-pages-browser)/./node_modules/next/dist/compiled/react-dom/cjs/react-dom-client.development.js:4426
[  190350ms] [TIMESTAMP] NavItem @ webpack-internal:///(app-pages-browser)/./node_modules/next/dist/compiled/react-dom/cjs/react-dom-client.development.js:4426
[  190352ms] [TIMESTAMP] Sidebar @ webpack-internal:///(app-pages-browser)/./node_modules/next/dist/compiled/react-dom/cjs/react-dom-client.development.js:4554
[  190352ms] [TIMESTAMP] DeliveryAlertListener @ webpack-internal:///(app-pages-browser)/./node_modules/next/dist/compiled/react-dom/cjs/react-dom-client.development.js:4406
[  190352ms] [TIMESTAMP] MissionSoundNotifier @ webpack-internal:///(app-pages-browser)/./node_modules/next/dist/compiled/react-dom/cjs/react-dom-client.development.js:4406
[  190352ms] [TIMESTAMP] SellerReminderNotifier @ webpack-internal:///(app-pages-browser)/./node_modules/next/dist/compiled/react-dom/cjs/react-dom-client.development.js:4406
[  190352ms] [TIMESTAMP] BirthdayBanner @ webpack-internal:///(app-pages-browser)/./node_modules/next/dist/compiled/react-dom/cjs/react-dom-client.development.js:4406
[  190356ms] [TIMESTAMP] CalendarDays @ webpack-internal:///(app-pages-browser)/./node_modules/next/dist/compiled/react-dom/cjs/react-dom-client.development.js:4406
[  190357ms] [TIMESTAMP] ForwardRef @ webpack-internal:///(app-pages-browser)/./node_modules/next/dist/compiled/react-dom/cjs/react-dom-client.development.js:4406
[  190359ms] [TIMESTAMP] JSXStyle @ webpack-internal:///(app-pages-browser)/./node_modules/next/dist/compiled/react-dom/cjs/react-dom-client.development.js:4406
[  190360ms] [TIMESTAMP] ConfirmDialog @ webpack-internal:///(app-pages-browser)/./node_modules/next/dist/compiled/react-dom/cjs/react-dom-client.development.js:4406
[  190360ms] [TIMESTAMP] a @ webpack-internal:///(app-pages-browser)/./node_modules/next/dist/compiled/react-dom/cjs/react-dom-client.development.js:4554
[  190361ms] [TIMESTAMP] a @ webpack-internal:///(app-pages-browser)/./node_modules/next/dist/compiled/react-dom/cjs/react-dom-client.development.js:4554
[  190361ms] [TIMESTAMP] a @ webpack-internal:///(app-pages-browser)/./node_modules/next/dist/compiled/react-dom/cjs/react-dom-client.development.js:4554
[  190362ms] [TIMESTAMP] a @ webpack-internal:///(app-pages-browser)/./node_modules/next/dist/compiled/react-dom/cjs/react-dom-client.development.js:4554
[  190362ms] [TIMESTAMP] a @ webpack-internal:///(app-pages-browser)/./node_modules/next/dist/compiled/react-dom/cjs/react-dom-client.development.js:4554
[  190365ms] [TIMESTAMP] a @ webpack-internal:///(app-pages-browser)/./node_modules/next/dist/compiled/react-dom/cjs/react-dom-client.development.js:4554
[  190367ms] [TIMESTAMP] a @ webpack-internal:///(app-pages-browser)/./node_modules/next/dist/compiled/react-dom/cjs/react-dom-client.development.js:4554
[  190370ms] [TIMESTAMP] a @ webpack-internal:///(app-pages-browser)/./node_modules/next/dist/compiled/react-dom/cjs/react-dom-client.development.js:4554
[  190371ms] [TIMESTAMP] a @ webpack-internal:///(app-pages-browser)/./node_modules/next/dist/compiled/react-dom/cjs/react-dom-client.development.js:4554
[  190372ms] [TIMESTAMP] LinkComponent @ webpack-internal:///(app-pages-browser)/./node_modules/next/dist/compiled/react-dom/cjs/react-dom-client.development.js:4554
[  190374ms] [TIMESTAMP] Remaining Effects @ webpack-internal:///(app-pages-browser)/./node_modules/next/dist/compiled/react-dom/cjs/react-dom-client.development.js:19980
[  190465ms] [TIMESTAMP] Blocking Track @ webpack-internal:///(app-pages-browser)/./node_modules/next/dist/compiled/react-dom/cjs/react-dom-client.development.js:18271
[  190465ms] [TIMESTAMP] Transition Track @ webpack-internal:///(app-pages-browser)/./node_modules/next/dist/compiled/react-dom/cjs/react-dom-client.development.js:18279
[  190465ms] [TIMESTAMP] Suspense Track @ webpack-internal:///(app-pages-browser)/./node_modules/next/dist/compiled/react-dom/cjs/react-dom-client.development.js:18287
[  190466ms] [TIMESTAMP] Idle Track @ webpack-internal:///(app-pages-browser)/./node_modules/next/dist/compiled/react-dom/cjs/react-dom-client.development.js:18295
[  190572ms] [TIMESTAMP] Render @ webpack-internal:///(app-pages-browser)/./node_modules/next/dist/compiled/react-dom/cjs/react-dom-client.development.js:19292
[  190580ms] [TIMESTAMP] Commit @ webpack-internal:///(app-pages-browser)/./node_modules/next/dist/compiled/react-dom/cjs/react-dom-client.development.js:4724
[  190613ms] [TIMESTAMP] Waiting for Paint @ webpack-internal:///(app-pages-browser)/./node_modules/next/dist/compiled/react-dom/cjs/react-dom-client.development.js:19929
[  190613ms] [TIMESTAMP] Sidebar @ webpack-internal:///(app-pages-browser)/./node_modules/next/dist/compiled/react-dom/cjs/react-dom-client.development.js:4426
[  190613ms] [TIMESTAMP] RoleBadges @ webpack-internal:///(app-pages-browser)/./node_modules/next/dist/compiled/react-dom/cjs/react-dom-client.development.js:4406
[  190616ms] [TIMESTAMP] RoleBadges @ webpack-internal:///(app-pages-browser)/./node_modules/next/dist/compiled/react-dom/cjs/react-dom-client.development.js:4406
[  190616ms] [TIMESTAMP] NavItem @ webpack-internal:///(app-pages-browser)/./node_modules/next/dist/compiled/react-dom/cjs/react-dom-client.development.js:4406
[  190618ms] [TIMESTAMP] NavItem @ webpack-internal:///(app-pages-browser)/./node_modules/next/dist/compiled/react-dom/cjs/react-dom-client.development.js:4406
[  190620ms] [TIMESTAMP] NavItem @ webpack-internal:///(app-pages-browser)/./node_modules/next/dist/compiled/react-dom/cjs/react-dom-client.development.js:4406
[  190620ms] [TIMESTAMP] NavItem @ webpack-internal:///(app-pages-browser)/./node_modules/next/dist/compiled/react-dom/cjs/react-dom-client.development.js:4406
[  190620ms] [TIMESTAMP] NavItem @ webpack-internal:///(app-pages-browser)/./node_modules/next/dist/compiled/react-dom/cjs/react-dom-client.development.js:4406
[  190623ms] [TIMESTAMP] NavItem @ webpack-internal:///(app-pages-browser)/./node_modules/next/dist/compiled/react-dom/cjs/react-dom-client.development.js:4406
[  190624ms] [TIMESTAMP] NavItem @ webpack-internal:///(app-pages-browser)/./node_modules/next/dist/compiled/react-dom/cjs/react-dom-client.development.js:4406
[  190624ms] [TIMESTAMP] NavItem @ webpack-internal:///(app-pages-browser)/./node_modules/next/dist/compiled/react-dom/cjs/react-dom-client.development.js:4406
[  190624ms] [TIMESTAMP] NavItem @ webpack-internal:///(app-pages-browser)/./node_modules/next/dist/compiled/react-dom/cjs/react-dom-client.development.js:4406
[  190625ms] [TIMESTAMP] NavItem @ webpack-internal:///(app-pages-browser)/./node_modules/next/dist/compiled/react-dom/cjs/react-dom-client.development.js:4406
[  190625ms] [TIMESTAMP] NavItem @ webpack-internal:///(app-pages-browser)/./node_modules/next/dist/compiled/react-dom/cjs/react-dom-client.development.js:4406
[  190629ms] [TIMESTAMP] NavItem @ webpack-internal:///(app-pages-browser)/./node_modules/next/dist/compiled/react-dom/cjs/react-dom-client.development.js:4406
[  190629ms] [TIMESTAMP] NavItem @ webpack-internal:///(app-pages-browser)/./node_modules/next/dist/compiled/react-dom/cjs/react-dom-client.development.js:4406
[  190629ms] [TIMESTAMP] NavItem @ webpack-internal:///(app-pages-browser)/./node_modules/next/dist/compiled/react-dom/cjs/react-dom-client.development.js:4406
[  190630ms] [TIMESTAMP] NavItem @ webpack-internal:///(app-pages-browser)/./node_modules/next/dist/compiled/react-dom/cjs/react-dom-client.development.js:4406
[  190630ms] [TIMESTAMP] NavItem @ webpack-internal:///(app-pages-browser)/./node_modules/next/dist/compiled/react-dom/cjs/react-dom-client.development.js:4406
[  190631ms] [TIMESTAMP] NavItem @ webpack-internal:///(app-pages-browser)/./node_modules/next/dist/compiled/react-dom/cjs/react-dom-client.development.js:4406
[  190631ms] [TIMESTAMP] NavItem @ webpack-internal:///(app-pages-browser)/./node_modules/next/dist/compiled/react-dom/cjs/react-dom-client.development.js:4406
[  190631ms] [TIMESTAMP] NavItem @ webpack-internal:///(app-pages-browser)/./node_modules/next/dist/compiled/react-dom/cjs/react-dom-client.development.js:4406
[  190632ms] [TIMESTAMP] NavItem @ webpack-internal:///(app-pages-browser)/./node_modules/next/dist/compiled/react-dom/cjs/react-dom-client.development.js:4406
[  190632ms] [TIMESTAMP] NavItem @ webpack-internal:///(app-pages-browser)/./node_modules/next/dist/compiled/react-dom/cjs/react-dom-client.development.js:4406
[  190632ms] [TIMESTAMP] NavItem @ webpack-internal:///(app-pages-browser)/./node_modules/next/dist/compiled/react-dom/cjs/react-dom-client.development.js:4406
[  190633ms] [TIMESTAMP] NavItem @ webpack-internal:///(app-pages-browser)/./node_modules/next/dist/compiled/react-dom/cjs/react-dom-client.development.js:4406
[  190633ms] [TIMESTAMP] NavItem @ webpack-internal:///(app-pages-browser)/./node_modules/next/dist/compiled/react-dom/cjs/react-dom-client.development.js:4406
[  190635ms] [TIMESTAMP] NavItem @ webpack-internal:///(app-pages-browser)/./node_modules/next/dist/compiled/react-dom/cjs/react-dom-client.development.js:4406
[  190636ms] [TIMESTAMP] NavItem @ webpack-internal:///(app-pages-browser)/./node_modules/next/dist/compiled/react-dom/cjs/react-dom-client.development.js:4406
[  190638ms] [TIMESTAMP] NavItem @ webpack-internal:///(app-pages-browser)/./node_modules/next/dist/compiled/react-dom/cjs/react-dom-client.development.js:4406
[  190639ms] [TIMESTAMP] NavItem @ webpack-internal:///(app-pages-browser)/./node_modules/next/dist/compiled/react-dom/cjs/react-dom-client.development.js:4406
[  190639ms] [TIMESTAMP] NavItem @ webpack-internal:///(app-pages-browser)/./node_modules/next/dist/compiled/react-dom/cjs/react-dom-client.development.js:4406
[  190639ms] [TIMESTAMP] NavItem @ webpack-internal:///(app-pages-browser)/./node_modules/next/dist/compiled/react-dom/cjs/react-dom-client.development.js:4406
[  190639ms] [TIMESTAMP] NavItem @ webpack-internal:///(app-pages-browser)/./node_modules/next/dist/compiled/react-dom/cjs/react-dom-client.development.js:4406
[  190639ms] [TIMESTAMP] NavItem @ webpack-internal:///(app-pages-browser)/./node_modules/next/dist/compiled/react-dom/cjs/react-dom-client.development.js:4406
[  190640ms] [TIMESTAMP] NavItem @ webpack-internal:///(app-pages-browser)/./node_modules/next/dist/compiled/react-dom/cjs/react-dom-client.development.js:4406
[  190640ms] [TIMESTAMP] NavItem @ webpack-internal:///(app-pages-browser)/./node_modules/next/dist/compiled/react-dom/cjs/react-dom-client.development.js:4406
[  190640ms] [TIMESTAMP] NavItem @ webpack-internal:///(app-pages-browser)/./node_modules/next/dist/compiled/react-dom/cjs/react-dom-client.development.js:4406
[  190640ms] [TIMESTAMP] NavItem @ webpack-internal:///(app-pages-browser)/./node_modules/next/dist/compiled/react-dom/cjs/react-dom-client.development.js:4406
[  190640ms] [TIMESTAMP] NavItem @ webpack-internal:///(app-pages-browser)/./node_modules/next/dist/compiled/react-dom/cjs/react-dom-client.development.js:4406
[  190640ms] [TIMESTAMP] NavItem @ webpack-internal:///(app-pages-browser)/./node_modules/next/dist/compiled/react-dom/cjs/react-dom-client.development.js:4406
[  190643ms] [TIMESTAMP] NavItem @ webpack-internal:///(app-pages-browser)/./node_modules/next/dist/compiled/react-dom/cjs/react-dom-client.development.js:4406
[  190643ms] [TIMESTAMP] NavItem @ webpack-internal:///(app-pages-browser)/./node_modules/next/dist/compiled/react-dom/cjs/react-dom-client.development.js:4406
[  190643ms] [TIMESTAMP] NavItem @ webpack-internal:///(app-pages-browser)/./node_modules/next/dist/compiled/react-dom/cjs/react-dom-client.development.js:4406
[  190643ms] [TIMESTAMP] NavItem @ webpack-internal:///(app-pages-browser)/./node_modules/next/dist/compiled/react-dom/cjs/react-dom-client.development.js:4406
[  190643ms] [TIMESTAMP] NavItem @ webpack-internal:///(app-pages-browser)/./node_modules/next/dist/compiled/react-dom/cjs/react-dom-client.development.js:4406
[  190643ms] [TIMESTAMP] NavItem @ webpack-internal:///(app-pages-browser)/./node_modules/next/dist/compiled/react-dom/cjs/react-dom-client.development.js:4406
[  190643ms] [TIMESTAMP] Remaining Effects @ webpack-internal:///(app-pages-browser)/./node_modules/next/dist/compiled/react-dom/cjs/react-dom-client.development.js:19980
[  190649ms] [TIMESTAMP] Blocking Track @ webpack-internal:///(app-pages-browser)/./node_modules/next/dist/compiled/react-dom/cjs/react-dom-client.development.js:18271
[  190650ms] [TIMESTAMP] Transition Track @ webpack-internal:///(app-pages-browser)/./node_modules/next/dist/compiled/react-dom/cjs/react-dom-client.development.js:18279
[  190650ms] [TIMESTAMP] Suspense Track @ webpack-internal:///(app-pages-browser)/./node_modules/next/dist/compiled/react-dom/cjs/react-dom-client.development.js:18287
[  190651ms] [TIMESTAMP] Idle Track @ webpack-internal:///(app-pages-browser)/./node_modules/next/dist/compiled/react-dom/cjs/react-dom-client.development.js:18295
[  190733ms] [TIMESTAMP] Render @ webpack-internal:///(app-pages-browser)/./node_modules/next/dist/compiled/react-dom/cjs/react-dom-client.development.js:19292
[  190746ms] [TIMESTAMP] Commit @ webpack-internal:///(app-pages-browser)/./node_modules/next/dist/compiled/react-dom/cjs/react-dom-client.development.js:4724
[  190782ms] [TIMESTAMP] Waiting for Paint @ webpack-internal:///(app-pages-browser)/./node_modules/next/dist/compiled/react-dom/cjs/react-dom-client.development.js:19929
[  190782ms] [TIMESTAMP] Sidebar @ webpack-internal:///(app-pages-browser)/./node_modules/next/dist/compiled/react-dom/cjs/react-dom-client.development.js:4426
[  190794ms] [TIMESTAMP] NavItem @ webpack-internal:///(app-pages-browser)/./node_modules/next/dist/compiled/react-dom/cjs/react-dom-client.development.js:4406
[  190795ms] [TIMESTAMP] NavItem @ webpack-internal:///(app-pages-browser)/./node_modules/next/dist/compiled/react-dom/cjs/react-dom-client.development.js:4406
[  190795ms] [TIMESTAMP] NavItem @ webpack-internal:///(app-pages-browser)/./node_modules/next/dist/compiled/react-dom/cjs/react-dom-client.development.js:4406
[  190796ms] [TIMESTAMP] NavItem @ webpack-internal:///(app-pages-browser)/./node_modules/next/dist/compiled/react-dom/cjs/react-dom-client.development.js:4406
[  190796ms] [TIMESTAMP] NavItem @ webpack-internal:///(app-pages-browser)/./node_modules/next/dist/compiled/react-dom/cjs/react-dom-client.development.js:4406
[  190797ms] [TIMESTAMP] NavItem @ webpack-internal:///(app-pages-browser)/./node_modules/next/dist/compiled/react-dom/cjs/react-dom-client.development.js:4406
[  190798ms] [TIMESTAMP] NavItem @ webpack-internal:///(app-pages-browser)/./node_modules/next/dist/compiled/react-dom/cjs/react-dom-client.development.js:4406
[  190798ms] [TIMESTAMP] NavItem @ webpack-internal:///(app-pages-browser)/./node_modules/next/dist/compiled/react-dom/cjs/react-dom-client.development.js:4406
[  190799ms] [TIMESTAMP] NavItem @ webpack-internal:///(app-pages-browser)/./node_modules/next/dist/compiled/react-dom/cjs/react-dom-client.development.js:4406
[  190800ms] [TIMESTAMP] NavItem @ webpack-internal:///(app-pages-browser)/./node_modules/next/dist/compiled/react-dom/cjs/react-dom-client.development.js:4406
[  190800ms] [TIMESTAMP] NavItem @ webpack-internal:///(app-pages-browser)/./node_modules/next/dist/compiled/react-dom/cjs/react-dom-client.development.js:4406
[  190801ms] [TIMESTAMP] NavItem @ webpack-internal:///(app-pages-browser)/./node_modules/next/dist/compiled/react-dom/cjs/react-dom-client.development.js:4406
[  190804ms] [TIMESTAMP] NavItem @ webpack-internal:///(app-pages-browser)/./node_modules/next/dist/compiled/react-dom/cjs/react-dom-client.development.js:4406
[  190805ms] [TIMESTAMP] NavItem @ webpack-internal:///(app-pages-browser)/./node_modules/next/dist/compiled/react-dom/cjs/react-dom-client.development.js:4406
[  190806ms] [TIMESTAMP] NavItem @ webpack-internal:///(app-pages-browser)/./node_modules/next/dist/compiled/react-dom/cjs/react-dom-client.development.js:4406
[  190809ms] [TIMESTAMP] NavItem @ webpack-internal:///(app-pages-browser)/./node_modules/next/dist/compiled/react-dom/cjs/react-dom-client.development.js:4406
[  190809ms] [TIMESTAMP] NavItem @ webpack-internal:///(app-pages-browser)/./node_modules/next/dist/compiled/react-dom/cjs/react-dom-client.development.js:4406
[  190809ms] [TIMESTAMP] NavItem @ webpack-internal:///(app-pages-browser)/./node_modules/next/dist/compiled/react-dom/cjs/react-dom-client.development.js:4406
[  190809ms] [TIMESTAMP] NavItem @ webpack-internal:///(app-pages-browser)/./node_modules/next/dist/compiled/react-dom/cjs/react-dom-client.development.js:4406
[  190810ms] [TIMESTAMP] NavItem @ webpack-internal:///(app-pages-browser)/./node_modules/next/dist/compiled/react-dom/cjs/react-dom-client.development.js:4406
[  190810ms] [TIMESTAMP] NavItem @ webpack-internal:///(app-pages-browser)/./node_modules/next/dist/compiled/react-dom/cjs/react-dom-client.development.js:4406
[  190810ms] [TIMESTAMP] NavItem @ webpack-internal:///(app-pages-browser)/./node_modules/next/dist/compiled/react-dom/cjs/react-dom-client.development.js:4406
[  190810ms] [TIMESTAMP] NavItem @ webpack-internal:///(app-pages-browser)/./node_modules/next/dist/compiled/react-dom/cjs/react-dom-client.development.js:4406
[  190812ms] [TIMESTAMP] NavItem @ webpack-internal:///(app-pages-browser)/./node_modules/next/dist/compiled/react-dom/cjs/react-dom-client.development.js:4406
[  190812ms] [TIMESTAMP] NavItem @ webpack-internal:///(app-pages-browser)/./node_modules/next/dist/compiled/react-dom/cjs/react-dom-client.development.js:4406
[  190813ms] [TIMESTAMP] NavItem @ webpack-internal:///(app-pages-browser)/./node_modules/next/dist/compiled/react-dom/cjs/react-dom-client.development.js:4406
[  190813ms] [TIMESTAMP] NavItem @ webpack-internal:///(app-pages-browser)/./node_modules/next/dist/compiled/react-dom/cjs/react-dom-client.development.js:4406
[  190813ms] [TIMESTAMP] NavItem @ webpack-internal:///(app-pages-browser)/./node_modules/next/dist/compiled/react-dom/cjs/react-dom-client.development.js:4406
[  190814ms] [TIMESTAMP] NavItem @ webpack-internal:///(app-pages-browser)/./node_modules/next/dist/compiled/react-dom/cjs/react-dom-client.development.js:4406
[  190814ms] [TIMESTAMP] NavItem @ webpack-internal:///(app-pages-browser)/./node_modules/next/dist/compiled/react-dom/cjs/react-dom-client.development.js:4406
[  190814ms] [TIMESTAMP] NavItem @ webpack-internal:///(app-pages-browser)/./node_modules/next/dist/compiled/react-dom/cjs/react-dom-client.development.js:4406
[  190814ms] [TIMESTAMP] NavItem @ webpack-internal:///(app-pages-browser)/./node_modules/next/dist/compiled/react-dom/cjs/react-dom-client.development.js:4406
[  190814ms] [TIMESTAMP] NavItem @ webpack-internal:///(app-pages-browser)/./node_modules/next/dist/compiled/react-dom/cjs/react-dom-client.development.js:4406
[  190814ms] [TIMESTAMP] NavItem @ webpack-internal:///(app-pages-browser)/./node_modules/next/dist/compiled/react-dom/cjs/react-dom-client.development.js:4406
[  190815ms] [TIMESTAMP] NavItem @ webpack-internal:///(app-pages-browser)/./node_modules/next/dist/compiled/react-dom/cjs/react-dom-client.development.js:4406
[  190815ms] [TIMESTAMP] NavItem @ webpack-internal:///(app-pages-browser)/./node_modules/next/dist/compiled/react-dom/cjs/react-dom-client.development.js:4406
[  190815ms] [TIMESTAMP] NavItem @ webpack-internal:///(app-pages-browser)/./node_modules/next/dist/compiled/react-dom/cjs/react-dom-client.development.js:4406
[  190815ms] [TIMESTAMP] NavItem @ webpack-internal:///(app-pages-browser)/./node_modules/next/dist/compiled/react-dom/cjs/react-dom-client.development.js:4406
[  190816ms] [TIMESTAMP] NavItem @ webpack-internal:///(app-pages-browser)/./node_modules/next/dist/compiled/react-dom/cjs/react-dom-client.development.js:4406
[  190816ms] [TIMESTAMP] NavItem @ webpack-internal:///(app-pages-browser)/./node_modules/next/dist/compiled/react-dom/cjs/react-dom-client.development.js:4406
[  190817ms] [TIMESTAMP] NavItem @ webpack-internal:///(app-pages-browser)/./node_modules/next/dist/compiled/react-dom/cjs/react-dom-client.development.js:4406
[  190817ms] [TIMESTAMP] NavItem @ webpack-internal:///(app-pages-browser)/./node_modules/next/dist/compiled/react-dom/cjs/react-dom-client.development.js:4406
[  190817ms] [TIMESTAMP] NavItem @ webpack-internal:///(app-pages-browser)/./node_modules/next/dist/compiled/react-dom/cjs/react-dom-client.development.js:4406
[  190821ms] [TIMESTAMP] NavItem @ webpack-internal:///(app-pages-browser)/./node_modules/next/dist/compiled/react-dom/cjs/react-dom-client.development.js:4406
[  190822ms] [TIMESTAMP] DeliveryAlertListener @ webpack-internal:///(app-pages-browser)/./node_modules/next/dist/compiled/react-dom/cjs/react-dom-client.development.js:4426
[  190824ms] [TIMESTAMP] DeliveryAlertListener @ webpack-internal:///(app-pages-browser)/./node_modules/next/dist/compiled/react-dom/cjs/react-dom-client.development.js:4554
[  190826ms] [TIMESTAMP] Remaining Effects @ webpack-internal:///(app-pages-browser)/./node_modules/next/dist/compiled/react-dom/cjs/react-dom-client.development.js:19980
[  190828ms] [TIMESTAMP] Blocking Track @ webpack-internal:///(app-pages-browser)/./node_modules/next/dist/compiled/react-dom/cjs/react-dom-client.development.js:18271
[  190828ms] [TIMESTAMP] Transition Track @ webpack-internal:///(app-pages-browser)/./node_modules/next/dist/compiled/react-dom/cjs/react-dom-client.development.js:18279
[  190828ms] [TIMESTAMP] Suspense Track @ webpack-internal:///(app-pages-browser)/./node_modules/next/dist/compiled/react-dom/cjs/react-dom-client.development.js:18287
[  190828ms] [TIMESTAMP] Idle Track @ webpack-internal:///(app-pages-browser)/./node_modules/next/dist/compiled/react-dom/cjs/react-dom-client.development.js:18295
[  190912ms] [TIMESTAMP] Render @ webpack-internal:///(app-pages-browser)/./node_modules/next/dist/compiled/react-dom/cjs/react-dom-client.development.js:19292
[  190922ms] [TIMESTAMP] Commit @ webpack-internal:///(app-pages-browser)/./node_modules/next/dist/compiled/react-dom/cjs/react-dom-client.development.js:4724
[  190962ms] [TIMESTAMP] Waiting for Paint @ webpack-internal:///(app-pages-browser)/./node_modules/next/dist/compiled/react-dom/cjs/react-dom-client.development.js:19929
[  190963ms] [TIMESTAMP] AttendanceDashboardPage @ webpack-internal:///(app-pages-browser)/./node_modules/next/dist/compiled/react-dom/cjs/react-dom-client.development.js:4426
[  190964ms] [TIMESTAMP] ScrollRestorer @ webpack-internal:///(app-pages-browser)/./node_modules/next/dist/compiled/react-dom/cjs/react-dom-client.development.js:4406
[  190964ms] [TIMESTAMP] Sidebar @ webpack-internal:///(app-pages-browser)/./node_modules/next/dist/compiled/react-dom/cjs/react-dom-client.development.js:4406
[  190966ms] [TIMESTAMP] NavItem @ webpack-internal:///(app-pages-browser)/./node_modules/next/dist/compiled/react-dom/cjs/react-dom-client.development.js:4406
[  190966ms] [TIMESTAMP] NavItem @ webpack-internal:///(app-pages-browser)/./node_modules/next/dist/compiled/react-dom/cjs/react-dom-client.development.js:4406
[  190967ms] [TIMESTAMP] NavItem @ webpack-internal:///(app-pages-browser)/./node_modules/next/dist/compiled/react-dom/cjs/react-dom-client.development.js:4406
[  190968ms] [TIMESTAMP] NavItem @ webpack-internal:///(app-pages-browser)/./node_modules/next/dist/compiled/react-dom/cjs/react-dom-client.development.js:4406
[  190968ms] [TIMESTAMP] NavItem @ webpack-internal:///(app-pages-browser)/./node_modules/next/dist/compiled/react-dom/cjs/react-dom-client.development.js:4406
[  190968ms] [TIMESTAMP] NavItem @ webpack-internal:///(app-pages-browser)/./node_modules/next/dist/compiled/react-dom/cjs/react-dom-client.development.js:4406
[  190971ms] [TIMESTAMP] NavItem @ webpack-internal:///(app-pages-browser)/./node_modules/next/dist/compiled/react-dom/cjs/react-dom-client.development.js:4406
[  190972ms] [TIMESTAMP] NavItem @ webpack-internal:///(app-pages-browser)/./node_modules/next/dist/compiled/react-dom/cjs/react-dom-client.development.js:4406
[  190972ms] [TIMESTAMP] NavItem @ webpack-internal:///(app-pages-browser)/./node_modules/next/dist/compiled/react-dom/cjs/react-dom-client.development.js:4406
[  190972ms] [TIMESTAMP] NavItem @ webpack-internal:///(app-pages-browser)/./node_modules/next/dist/compiled/react-dom/cjs/react-dom-client.development.js:4406
[  190972ms] [TIMESTAMP] NavItem @ webpack-internal:///(app-pages-browser)/./node_modules/next/dist/compiled/react-dom/cjs/react-dom-client.development.js:4406
[  190972ms] [TIMESTAMP] NavItem @ webpack-internal:///(app-pages-browser)/./node_modules/next/dist/compiled/react-dom/cjs/react-dom-client.development.js:4406
[  190974ms] [TIMESTAMP] NavItem @ webpack-internal:///(app-pages-browser)/./node_modules/next/dist/compiled/react-dom/cjs/react-dom-client.development.js:4406
[  190975ms] [TIMESTAMP] NavItem @ webpack-internal:///(app-pages-browser)/./node_modules/next/dist/compiled/react-dom/cjs/react-dom-client.development.js:4406
[  190975ms] [TIMESTAMP] NavItem @ webpack-internal:///(app-pages-browser)/./node_modules/next/dist/compiled/react-dom/cjs/react-dom-client.development.js:4406
[  190979ms] [TIMESTAMP] NavItem @ webpack-internal:///(app-pages-browser)/./node_modules/next/dist/compiled/react-dom/cjs/react-dom-client.development.js:4406
[  190979ms] [TIMESTAMP] NavItem @ webpack-internal:///(app-pages-browser)/./node_modules/next/dist/compiled/react-dom/cjs/react-dom-client.development.js:4406
[  190981ms] [TIMESTAMP] NavItem @ webpack-internal:///(app-pages-browser)/./node_modules/next/dist/compiled/react-dom/cjs/react-dom-client.development.js:4406
[  190983ms] [TIMESTAMP] NavItem @ webpack-internal:///(app-pages-browser)/./node_modules/next/dist/compiled/react-dom/cjs/react-dom-client.development.js:4406
[  190983ms] [TIMESTAMP] NavItem @ webpack-internal:///(app-pages-browser)/./node_modules/next/dist/compiled/react-dom/cjs/react-dom-client.development.js:4406
[  190983ms] [TIMESTAMP] NavItem @ webpack-internal:///(app-pages-browser)/./node_modules/next/dist/compiled/react-dom/cjs/react-dom-client.development.js:4406
[  190983ms] [TIMESTAMP] NavItem @ webpack-internal:///(app-pages-browser)/./node_modules/next/dist/compiled/react-dom/cjs/react-dom-client.development.js:4406
[  190984ms] [TIMESTAMP] NavItem @ webpack-internal:///(app-pages-browser)/./node_modules/next/dist/compiled/react-dom/cjs/react-dom-client.development.js:4406
[  190984ms] [TIMESTAMP] NavItem @ webpack-internal:///(app-pages-browser)/./node_modules/next/dist/compiled/react-dom/cjs/react-dom-client.development.js:4406
[  190984ms] [TIMESTAMP] NavItem @ webpack-internal:///(app-pages-browser)/./node_modules/next/dist/compiled/react-dom/cjs/react-dom-client.development.js:4406
[  190984ms] [TIMESTAMP] NavItem @ webpack-internal:///(app-pages-browser)/./node_modules/next/dist/compiled/react-dom/cjs/react-dom-client.development.js:4406
[  190990ms] [TIMESTAMP] NavItem @ webpack-internal:///(app-pages-browser)/./node_modules/next/dist/compiled/react-dom/cjs/react-dom-client.development.js:4406
[  190991ms] [TIMESTAMP] NavItem @ webpack-internal:///(app-pages-browser)/./node_modules/next/dist/compiled/react-dom/cjs/react-dom-client.development.js:4406
[  190991ms] [TIMESTAMP] NavItem @ webpack-internal:///(app-pages-browser)/./node_modules/next/dist/compiled/react-dom/cjs/react-dom-client.development.js:4406
[  190992ms] [TIMESTAMP] NavItem @ webpack-internal:///(app-pages-browser)/./node_modules/next/dist/compiled/react-dom/cjs/react-dom-client.development.js:4406
[  190992ms] [TIMESTAMP] NavItem @ webpack-internal:///(app-pages-browser)/./node_modules/next/dist/compiled/react-dom/cjs/react-dom-client.development.js:4406
[  190994ms] [TIMESTAMP] NavItem @ webpack-internal:///(app-pages-browser)/./node_modules/next/dist/compiled/react-dom/cjs/react-dom-client.development.js:4406
[  190994ms] [TIMESTAMP] NavItem @ webpack-internal:///(app-pages-browser)/./node_modules/next/dist/compiled/react-dom/cjs/react-dom-client.development.js:4406
[  190995ms] [TIMESTAMP] NavItem @ webpack-internal:///(app-pages-browser)/./node_modules/next/dist/compiled/react-dom/cjs/react-dom-client.development.js:4406
[  190995ms] [TIMESTAMP] NavItem @ webpack-internal:///(app-pages-browser)/./node_modules/next/dist/compiled/react-dom/cjs/react-dom-client.development.js:4406
[  190995ms] [TIMESTAMP] NavItem @ webpack-internal:///(app-pages-browser)/./node_modules/next/dist/compiled/react-dom/cjs/react-dom-client.development.js:4406
[  190995ms] [TIMESTAMP] NavItem @ webpack-internal:///(app-pages-browser)/./node_modules/next/dist/compiled/react-dom/cjs/react-dom-client.development.js:4406
[  190995ms] [TIMESTAMP] NavItem @ webpack-internal:///(app-pages-browser)/./node_modules/next/dist/compiled/react-dom/cjs/react-dom-client.development.js:4406
[  190995ms] [TIMESTAMP] NavItem @ webpack-internal:///(app-pages-browser)/./node_modules/next/dist/compiled/react-dom/cjs/react-dom-client.development.js:4406
[  190995ms] [TIMESTAMP] NavItem @ webpack-internal:///(app-pages-browser)/./node_modules/next/dist/compiled/react-dom/cjs/react-dom-client.development.js:4406
[  190995ms] [TIMESTAMP] NavItem @ webpack-internal:///(app-pages-browser)/./node_modules/next/dist/compiled/react-dom/cjs/react-dom-client.development.js:4406
[  190995ms] [TIMESTAMP] NavItem @ webpack-internal:///(app-pages-browser)/./node_modules/next/dist/compiled/react-dom/cjs/react-dom-client.development.js:4406
[  190995ms] [TIMESTAMP] NavItem @ webpack-internal:///(app-pages-browser)/./node_modules/next/dist/compiled/react-dom/cjs/react-dom-client.development.js:4406
[  190996ms] [TIMESTAMP] NavItem @ webpack-internal:///(app-pages-browser)/./node_modules/next/dist/compiled/react-dom/cjs/react-dom-client.development.js:4406
[  190997ms] [TIMESTAMP] DeliveryAlertListener @ webpack-internal:///(app-pages-browser)/./node_modules/next/dist/compiled/react-dom/cjs/react-dom-client.development.js:4406
[  190997ms] [TIMESTAMP] MissionSoundNotifier @ webpack-internal:///(app-pages-browser)/./node_modules/next/dist/compiled/react-dom/cjs/react-dom-client.development.js:4554
[  191006ms] [TIMESTAMP] SellerReminderNotifier @ webpack-internal:///(app-pages-browser)/./node_modules/next/dist/compiled/react-dom/cjs/react-dom-client.development.js:4554
[  191009ms] [TIMESTAMP] BirthdayBanner @ webpack-internal:///(app-pages-browser)/./node_modules/next/dist/compiled/react-dom/cjs/react-dom-client.development.js:4406
[  191010ms] [TIMESTAMP] CalendarDays @ webpack-internal:///(app-pages-browser)/./node_modules/next/dist/compiled/react-dom/cjs/react-dom-client.development.js:4406
[  191010ms] [TIMESTAMP] ForwardRef @ webpack-internal:///(app-pages-browser)/./node_modules/next/dist/compiled/react-dom/cjs/react-dom-client.development.js:4406
[  191010ms] [TIMESTAMP] JSXStyle @ webpack-internal:///(app-pages-browser)/./node_modules/next/dist/compiled/react-dom/cjs/react-dom-client.development.js:4406
[  191011ms] [TIMESTAMP] ConfirmDialog @ webpack-internal:///(app-pages-browser)/./node_modules/next/dist/compiled/react-dom/cjs/react-dom-client.development.js:4406
[  191013ms] [TIMESTAMP] AttendanceDashboardPage @ webpack-internal:///(app-pages-browser)/./node_modules/next/dist/compiled/react-dom/cjs/react-dom-client.development.js:4554
[  191013ms] [TIMESTAMP] Remaining Effects @ webpack-internal:///(app-pages-browser)/./node_modules/next/dist/compiled/react-dom/cjs/react-dom-client.development.js:19980
[  191017ms] [TIMESTAMP] Blocking Track @ webpack-internal:///(app-pages-browser)/./node_modules/next/dist/compiled/react-dom/cjs/react-dom-client.development.js:18271
[  191017ms] [TIMESTAMP] Transition Track @ webpack-internal:///(app-pages-browser)/./node_modules/next/dist/compiled/react-dom/cjs/react-dom-client.development.js:18279
[  191021ms] [TIMESTAMP] Suspense Track @ webpack-internal:///(app-pages-browser)/./node_modules/next/dist/compiled/react-dom/cjs/react-dom-client.development.js:18287
[  191021ms] [TIMESTAMP] Idle Track @ webpack-internal:///(app-pages-browser)/./node_modules/next/dist/compiled/react-dom/cjs/react-dom-client.development.js:18295
[  191090ms] [TIMESTAMP] Render @ webpack-internal:///(app-pages-browser)/./node_modules/next/dist/compiled/react-dom/cjs/react-dom-client.development.js:19292
[  191101ms] [TIMESTAMP] Commit @ webpack-internal:///(app-pages-browser)/./node_modules/next/dist/compiled/react-dom/cjs/react-dom-client.development.js:4724
[  191114ms] [TIMESTAMP] Waiting for Paint @ webpack-internal:///(app-pages-browser)/./node_modules/next/dist/compiled/react-dom/cjs/react-dom-client.development.js:19929
[  191114ms] [TIMESTAMP] AttendanceDashboardPage @ webpack-internal:///(app-pages-browser)/./node_modules/next/dist/compiled/react-dom/cjs/react-dom-client.development.js:4426
[  191115ms] [TIMESTAMP] ScrollRestorer @ webpack-internal:///(app-pages-browser)/./node_modules/next/dist/compiled/react-dom/cjs/react-dom-client.development.js:4406
[  191115ms] [TIMESTAMP] Sidebar @ webpack-internal:///(app-pages-browser)/./node_modules/next/dist/compiled/react-dom/cjs/react-dom-client.development.js:4406
[  191117ms] [TIMESTAMP] NavItem @ webpack-internal:///(app-pages-browser)/./node_modules/next/dist/compiled/react-dom/cjs/react-dom-client.development.js:4406
[  191118ms] [TIMESTAMP] NavItem @ webpack-internal:///(app-pages-browser)/./node_modules/next/dist/compiled/react-dom/cjs/react-dom-client.development.js:4406
[  191118ms] [TIMESTAMP] NavItem @ webpack-internal:///(app-pages-browser)/./node_modules/next/dist/compiled/react-dom/cjs/react-dom-client.development.js:4406
[  191118ms] [TIMESTAMP] NavItem @ webpack-internal:///(app-pages-browser)/./node_modules/next/dist/compiled/react-dom/cjs/react-dom-client.development.js:4406
[  191119ms] [TIMESTAMP] NavItem @ webpack-internal:///(app-pages-browser)/./node_modules/next/dist/compiled/react-dom/cjs/react-dom-client.development.js:4406
[  191122ms] [TIMESTAMP] NavItem @ webpack-internal:///(app-pages-browser)/./node_modules/next/dist/compiled/react-dom/cjs/react-dom-client.development.js:4406
[  191122ms] [TIMESTAMP] NavItem @ webpack-internal:///(app-pages-browser)/./node_modules/next/dist/compiled/react-dom/cjs/react-dom-client.development.js:4406
[  191122ms] [TIMESTAMP] NavItem @ webpack-internal:///(app-pages-browser)/./node_modules/next/dist/compiled/react-dom/cjs/react-dom-client.development.js:4406
[  191125ms] [TIMESTAMP] NavItem @ webpack-internal:///(app-pages-browser)/./node_modules/next/dist/compiled/react-dom/cjs/react-dom-client.development.js:4406
[  191125ms] [TIMESTAMP] NavItem @ webpack-internal:///(app-pages-browser)/./node_modules/next/dist/compiled/react-dom/cjs/react-dom-client.development.js:4406
[  191125ms] [TIMESTAMP] NavItem @ webpack-internal:///(app-pages-browser)/./node_modules/next/dist/compiled/react-dom/cjs/react-dom-client.development.js:4406
[  191126ms] [TIMESTAMP] NavItem @ webpack-internal:///(app-pages-browser)/./node_modules/next/dist/compiled/react-dom/cjs/react-dom-client.development.js:4406
[  191126ms] [TIMESTAMP] NavItem @ webpack-internal:///(app-pages-browser)/./node_modules/next/dist/compiled/react-dom/cjs/react-dom-client.development.js:4406
[  191127ms] [TIMESTAMP] NavItem @ webpack-internal:///(app-pages-browser)/./node_modules/next/dist/compiled/react-dom/cjs/react-dom-client.development.js:4406
[  191127ms] [TIMESTAMP] NavItem @ webpack-internal:///(app-pages-browser)/./node_modules/next/dist/compiled/react-dom/cjs/react-dom-client.development.js:4406
[  191127ms] [TIMESTAMP] NavItem @ webpack-internal:///(app-pages-browser)/./node_modules/next/dist/compiled/react-dom/cjs/react-dom-client.development.js:4406
[  191127ms] [TIMESTAMP] NavItem @ webpack-internal:///(app-pages-browser)/./node_modules/next/dist/compiled/react-dom/cjs/react-dom-client.development.js:4406
[  191127ms] [TIMESTAMP] NavItem @ webpack-internal:///(app-pages-browser)/./node_modules/next/dist/compiled/react-dom/cjs/react-dom-client.development.js:4406
[  191127ms] [TIMESTAMP] NavItem @ webpack-internal:///(app-pages-browser)/./node_modules/next/dist/compiled/react-dom/cjs/react-dom-client.development.js:4406
[  191128ms] [TIMESTAMP] NavItem @ webpack-internal:///(app-pages-browser)/./node_modules/next/dist/compiled/react-dom/cjs/react-dom-client.development.js:4406
[  191128ms] [TIMESTAMP] NavItem @ webpack-internal:///(app-pages-browser)/./node_modules/next/dist/compiled/react-dom/cjs/react-dom-client.development.js:4406
[  191128ms] [TIMESTAMP] NavItem @ webpack-internal:///(app-pages-browser)/./node_modules/next/dist/compiled/react-dom/cjs/react-dom-client.development.js:4406
[  191128ms] [TIMESTAMP] NavItem @ webpack-internal:///(app-pages-browser)/./node_modules/next/dist/compiled/react-dom/cjs/react-dom-client.development.js:4406
[  191128ms] [TIMESTAMP] NavItem @ webpack-internal:///(app-pages-browser)/./node_modules/next/dist/compiled/react-dom/cjs/react-dom-client.development.js:4406
[  191128ms] [TIMESTAMP] NavItem @ webpack-internal:///(app-pages-browser)/./node_modules/next/dist/compiled/react-dom/cjs/react-dom-client.development.js:4406
[  191129ms] [TIMESTAMP] NavItem @ webpack-internal:///(app-pages-browser)/./node_modules/next/dist/compiled/react-dom/cjs/react-dom-client.development.js:4406
[  191129ms] [TIMESTAMP] NavItem @ webpack-internal:///(app-pages-browser)/./node_modules/next/dist/compiled/react-dom/cjs/react-dom-client.development.js:4406
[  191129ms] [TIMESTAMP] NavItem @ webpack-internal:///(app-pages-browser)/./node_modules/next/dist/compiled/react-dom/cjs/react-dom-client.development.js:4406
[  191130ms] [TIMESTAMP] NavItem @ webpack-internal:///(app-pages-browser)/./node_modules/next/dist/compiled/react-dom/cjs/react-dom-client.development.js:4406
[  191130ms] [TIMESTAMP] NavItem @ webpack-internal:///(app-pages-browser)/./node_modules/next/dist/compiled/react-dom/cjs/react-dom-client.development.js:4406
[  191130ms] [TIMESTAMP] NavItem @ webpack-internal:///(app-pages-browser)/./node_modules/next/dist/compiled/react-dom/cjs/react-dom-client.development.js:4406
[  191130ms] [TIMESTAMP] NavItem @ webpack-internal:///(app-pages-browser)/./node_modules/next/dist/compiled/react-dom/cjs/react-dom-client.development.js:4406
[  191130ms] [TIMESTAMP] NavItem @ webpack-internal:///(app-pages-browser)/./node_modules/next/dist/compiled/react-dom/cjs/react-dom-client.development.js:4406
[  191130ms] [TIMESTAMP] NavItem @ webpack-internal:///(app-pages-browser)/./node_modules/next/dist/compiled/react-dom/cjs/react-dom-client.development.js:4406
[  191130ms] [TIMESTAMP] NavItem @ webpack-internal:///(app-pages-browser)/./node_modules/next/dist/compiled/react-dom/cjs/react-dom-client.development.js:4406
[  191132ms] [TIMESTAMP] NavItem @ webpack-internal:///(app-pages-browser)/./node_modules/next/dist/compiled/react-dom/cjs/react-dom-client.development.js:4406
[  191132ms] [TIMESTAMP] NavItem @ webpack-internal:///(app-pages-browser)/./node_modules/next/dist/compiled/react-dom/cjs/react-dom-client.development.js:4406
[  191132ms] [TIMESTAMP] NavItem @ webpack-internal:///(app-pages-browser)/./node_modules/next/dist/compiled/react-dom/cjs/react-dom-client.development.js:4406
[  191132ms] [TIMESTAMP] NavItem @ webpack-internal:///(app-pages-browser)/./node_modules/next/dist/compiled/react-dom/cjs/react-dom-client.development.js:4406
[  191133ms] [TIMESTAMP] NavItem @ webpack-internal:///(app-pages-browser)/./node_modules/next/dist/compiled/react-dom/cjs/react-dom-client.development.js:4406
[  191133ms] [TIMESTAMP] NavItem @ webpack-internal:///(app-pages-browser)/./node_modules/next/dist/compiled/react-dom/cjs/react-dom-client.development.js:4406
[  191133ms] [TIMESTAMP] NavItem @ webpack-internal:///(app-pages-browser)/./node_modules/next/dist/compiled/react-dom/cjs/react-dom-client.development.js:4406
[  191133ms] [TIMESTAMP] NavItem @ webpack-internal:///(app-pages-browser)/./node_modules/next/dist/compiled/react-dom/cjs/react-dom-client.development.js:4406
[  191134ms] [TIMESTAMP] NavItem @ webpack-internal:///(app-pages-browser)/./node_modules/next/dist/compiled/react-dom/cjs/react-dom-client.development.js:4406
[  191134ms] [TIMESTAMP] DeliveryAlertListener @ webpack-internal:///(app-pages-browser)/./node_modules/next/dist/compiled/react-dom/cjs/react-dom-client.development.js:4406
[  191134ms] [TIMESTAMP] MissionSoundNotifier @ webpack-internal:///(app-pages-browser)/./node_modules/next/dist/compiled/react-dom/cjs/react-dom-client.development.js:4406
[  191134ms] [TIMESTAMP] SellerReminderNotifier @ webpack-internal:///(app-pages-browser)/./node_modules/next/dist/compiled/react-dom/cjs/react-dom-client.development.js:4406
[  191134ms] [TIMESTAMP] BirthdayBanner @ webpack-internal:///(app-pages-browser)/./node_modules/next/dist/compiled/react-dom/cjs/react-dom-client.development.js:4406
[  191134ms] [TIMESTAMP] CalendarDays @ webpack-internal:///(app-pages-browser)/./node_modules/next/dist/compiled/react-dom/cjs/react-dom-client.development.js:4406
[  191134ms] [TIMESTAMP] ForwardRef @ webpack-internal:///(app-pages-browser)/./node_modules/next/dist/compiled/react-dom/cjs/react-dom-client.development.js:4406
[  191134ms] [TIMESTAMP] JSXStyle @ webpack-internal:///(app-pages-browser)/./node_modules/next/dist/compiled/react-dom/cjs/react-dom-client.development.js:4406
[  191134ms] [TIMESTAMP] ConfirmDialog @ webpack-internal:///(app-pages-browser)/./node_modules/next/dist/compiled/react-dom/cjs/react-dom-client.development.js:4406
[  191134ms] [TIMESTAMP] Remaining Effects @ webpack-internal:///(app-pages-browser)/./node_modules/next/dist/compiled/react-dom/cjs/react-dom-client.development.js:19980
[  191147ms] [TIMESTAMP] Blocking Track @ webpack-internal:///(app-pages-browser)/./node_modules/next/dist/compiled/react-dom/cjs/react-dom-client.development.js:18271
[  191147ms] [TIMESTAMP] Transition Track @ webpack-internal:///(app-pages-browser)/./node_modules/next/dist/compiled/react-dom/cjs/react-dom-client.development.js:18279
[  191148ms] [TIMESTAMP] Suspense Track @ webpack-internal:///(app-pages-browser)/./node_modules/next/dist/compiled/react-dom/cjs/react-dom-client.development.js:18287
[  191148ms] [TIMESTAMP] Idle Track @ webpack-internal:///(app-pages-browser)/./node_modules/next/dist/compiled/react-dom/cjs/react-dom-client.development.js:18295
[  191216ms] [TIMESTAMP] Render @ webpack-internal:///(app-pages-browser)/./node_modules/next/dist/compiled/react-dom/cjs/react-dom-client.development.js:19292
[  191226ms] [TIMESTAMP] Commit @ webpack-internal:///(app-pages-browser)/./node_modules/next/dist/compiled/react-dom/cjs/react-dom-client.development.js:4724
[  191244ms] [TIMESTAMP] Waiting for Paint @ webpack-internal:///(app-pages-browser)/./node_modules/next/dist/compiled/react-dom/cjs/react-dom-client.development.js:19929
[  191245ms] [TIMESTAMP] AttendanceDashboardPage @ webpack-internal:///(app-pages-browser)/./node_modules/next/dist/compiled/react-dom/cjs/react-dom-client.development.js:4426
[  191245ms] [TIMESTAMP] ScrollRestorer @ webpack-internal:///(app-pages-browser)/./node_modules/next/dist/compiled/react-dom/cjs/react-dom-client.development.js:4406
[  191245ms] [TIMESTAMP] Sidebar @ webpack-internal:///(app-pages-browser)/./node_modules/next/dist/compiled/react-dom/cjs/react-dom-client.development.js:4406
[  191246ms] [TIMESTAMP] NavItem @ webpack-internal:///(app-pages-browser)/./node_modules/next/dist/compiled/react-dom/cjs/react-dom-client.development.js:4406
[  191246ms] [TIMESTAMP] NavItem @ webpack-internal:///(app-pages-browser)/./node_modules/next/dist/compiled/react-dom/cjs/react-dom-client.development.js:4406
[  191246ms] [TIMESTAMP] NavItem @ webpack-internal:///(app-pages-browser)/./node_modules/next/dist/compiled/react-dom/cjs/react-dom-client.development.js:4406
[  191246ms] [TIMESTAMP] NavItem @ webpack-internal:///(app-pages-browser)/./node_modules/next/dist/compiled/react-dom/cjs/react-dom-client.development.js:4406
[  191247ms] [TIMESTAMP] NavItem @ webpack-internal:///(app-pages-browser)/./node_modules/next/dist/compiled/react-dom/cjs/react-dom-client.development.js:4406
[  191248ms] [TIMESTAMP] NavItem @ webpack-internal:///(app-pages-browser)/./node_modules/next/dist/compiled/react-dom/cjs/react-dom-client.development.js:4406
[  191248ms] [TIMESTAMP] NavItem @ webpack-internal:///(app-pages-browser)/./node_modules/next/dist/compiled/react-dom/cjs/react-dom-client.development.js:4406
[  191248ms] [TIMESTAMP] NavItem @ webpack-internal:///(app-pages-browser)/./node_modules/next/dist/compiled/react-dom/cjs/react-dom-client.development.js:4406
[  191250ms] [TIMESTAMP] NavItem @ webpack-internal:///(app-pages-browser)/./node_modules/next/dist/compiled/react-dom/cjs/react-dom-client.development.js:4406
[  191251ms] [TIMESTAMP] NavItem @ webpack-internal:///(app-pages-browser)/./node_modules/next/dist/compiled/react-dom/cjs/react-dom-client.development.js:4406
[  191251ms] [TIMESTAMP] NavItem @ webpack-internal:///(app-pages-browser)/./node_modules/next/dist/compiled/react-dom/cjs/react-dom-client.development.js:4406
[  191251ms] [TIMESTAMP] NavItem @ webpack-internal:///(app-pages-browser)/./node_modules/next/dist/compiled/react-dom/cjs/react-dom-client.development.js:4406
[  191254ms] [TIMESTAMP] NavItem @ webpack-internal:///(app-pages-browser)/./node_modules/next/dist/compiled/react-dom/cjs/react-dom-client.development.js:4406
[  191254ms] [TIMESTAMP] NavItem @ webpack-internal:///(app-pages-browser)/./node_modules/next/dist/compiled/react-dom/cjs/react-dom-client.development.js:4406
[  191254ms] [TIMESTAMP] NavItem @ webpack-internal:///(app-pages-browser)/./node_modules/next/dist/compiled/react-dom/cjs/react-dom-client.development.js:4406
[  191254ms] [TIMESTAMP] NavItem @ webpack-internal:///(app-pages-browser)/./node_modules/next/dist/compiled/react-dom/cjs/react-dom-client.development.js:4406
[  191254ms] [TIMESTAMP] NavItem @ webpack-internal:///(app-pages-browser)/./node_modules/next/dist/compiled/react-dom/cjs/react-dom-client.development.js:4406
[  191255ms] [TIMESTAMP] NavItem @ webpack-internal:///(app-pages-browser)/./node_modules/next/dist/compiled/react-dom/cjs/react-dom-client.development.js:4406
[  191255ms] [TIMESTAMP] NavItem @ webpack-internal:///(app-pages-browser)/./node_modules/next/dist/compiled/react-dom/cjs/react-dom-client.development.js:4406
[  191255ms] [TIMESTAMP] NavItem @ webpack-internal:///(app-pages-browser)/./node_modules/next/dist/compiled/react-dom/cjs/react-dom-client.development.js:4406
[  191257ms] [TIMESTAMP] NavItem @ webpack-internal:///(app-pages-browser)/./node_modules/next/dist/compiled/react-dom/cjs/react-dom-client.development.js:4406
[  191257ms] [TIMESTAMP] NavItem @ webpack-internal:///(app-pages-browser)/./node_modules/next/dist/compiled/react-dom/cjs/react-dom-client.development.js:4406
[  191258ms] [TIMESTAMP] NavItem @ webpack-internal:///(app-pages-browser)/./node_modules/next/dist/compiled/react-dom/cjs/react-dom-client.development.js:4406
[  191258ms] [TIMESTAMP] NavItem @ webpack-internal:///(app-pages-browser)/./node_modules/next/dist/compiled/react-dom/cjs/react-dom-client.development.js:4406
[  191258ms] [TIMESTAMP] NavItem @ webpack-internal:///(app-pages-browser)/./node_modules/next/dist/compiled/react-dom/cjs/react-dom-client.development.js:4406
[  191258ms] [TIMESTAMP] NavItem @ webpack-internal:///(app-pages-browser)/./node_modules/next/dist/compiled/react-dom/cjs/react-dom-client.development.js:4406
[  191258ms] [TIMESTAMP] NavItem @ webpack-internal:///(app-pages-browser)/./node_modules/next/dist/compiled/react-dom/cjs/react-dom-client.development.js:4406
[  191258ms] [TIMESTAMP] NavItem @ webpack-internal:///(app-pages-browser)/./node_modules/next/dist/compiled/react-dom/cjs/react-dom-client.development.js:4406
[  191259ms] [TIMESTAMP] NavItem @ webpack-internal:///(app-pages-browser)/./node_modules/next/dist/compiled/react-dom/cjs/react-dom-client.development.js:4406
[  191259ms] [TIMESTAMP] NavItem @ webpack-internal:///(app-pages-browser)/./node_modules/next/dist/compiled/react-dom/cjs/react-dom-client.development.js:4406
[  191259ms] [TIMESTAMP] NavItem @ webpack-internal:///(app-pages-browser)/./node_modules/next/dist/compiled/react-dom/cjs/react-dom-client.development.js:4406
[  191259ms] [TIMESTAMP] NavItem @ webpack-internal:///(app-pages-browser)/./node_modules/next/dist/compiled/react-dom/cjs/react-dom-client.development.js:4406
[  191260ms] [TIMESTAMP] NavItem @ webpack-internal:///(app-pages-browser)/./node_modules/next/dist/compiled/react-dom/cjs/react-dom-client.development.js:4406
[  191260ms] [TIMESTAMP] NavItem @ webpack-internal:///(app-pages-browser)/./node_modules/next/dist/compiled/react-dom/cjs/react-dom-client.development.js:4406
[  191260ms] [TIMESTAMP] NavItem @ webpack-internal:///(app-pages-browser)/./node_modules/next/dist/compiled/react-dom/cjs/react-dom-client.development.js:4406
[  191260ms] [TIMESTAMP] NavItem @ webpack-internal:///(app-pages-browser)/./node_modules/next/dist/compiled/react-dom/cjs/react-dom-client.development.js:4406
[  191260ms] [TIMESTAMP] NavItem @ webpack-internal:///(app-pages-browser)/./node_modules/next/dist/compiled/react-dom/cjs/react-dom-client.development.js:4406
[  191260ms] [TIMESTAMP] NavItem @ webpack-internal:///(app-pages-browser)/./node_modules/next/dist/compiled/react-dom/cjs/react-dom-client.development.js:4406
[  191260ms] [TIMESTAMP] NavItem @ webpack-internal:///(app-pages-browser)/./node_modules/next/dist/compiled/react-dom/cjs/react-dom-client.development.js:4406
[  191260ms] [TIMESTAMP] NavItem @ webpack-internal:///(app-pages-browser)/./node_modules/next/dist/compiled/react-dom/cjs/react-dom-client.development.js:4406
[  191261ms] [TIMESTAMP] NavItem @ webpack-internal:///(app-pages-browser)/./node_modules/next/dist/compiled/react-dom/cjs/react-dom-client.development.js:4406
[  191261ms] [TIMESTAMP] NavItem @ webpack-internal:///(app-pages-browser)/./node_modules/next/dist/compiled/react-dom/cjs/react-dom-client.development.js:4406
[  191261ms] [TIMESTAMP] NavItem @ webpack-internal:///(app-pages-browser)/./node_modules/next/dist/compiled/react-dom/cjs/react-dom-client.development.js:4406
[  191261ms] [TIMESTAMP] NavItem @ webpack-internal:///(app-pages-browser)/./node_modules/next/dist/compiled/react-dom/cjs/react-dom-client.development.js:4406
[  191261ms] [TIMESTAMP] DeliveryAlertListener @ webpack-internal:///(app-pages-browser)/./node_modules/next/dist/compiled/react-dom/cjs/react-dom-client.development.js:4406
[  191261ms] [TIMESTAMP] MissionSoundNotifier @ webpack-internal:///(app-pages-browser)/./node_modules/next/dist/compiled/react-dom/cjs/react-dom-client.development.js:4406
[  191261ms] [TIMESTAMP] SellerReminderNotifier @ webpack-internal:///(app-pages-browser)/./node_modules/next/dist/compiled/react-dom/cjs/react-dom-client.development.js:4406
[  191262ms] [TIMESTAMP] BirthdayBanner @ webpack-internal:///(app-pages-browser)/./node_modules/next/dist/compiled/react-dom/cjs/react-dom-client.development.js:4406
[  191262ms] [TIMESTAMP] CalendarDays @ webpack-internal:///(app-pages-browser)/./node_modules/next/dist/compiled/react-dom/cjs/react-dom-client.development.js:4406
[  191262ms] [TIMESTAMP] ForwardRef @ webpack-internal:///(app-pages-browser)/./node_modules/next/dist/compiled/react-dom/cjs/react-dom-client.development.js:4406
[  191262ms] [TIMESTAMP] JSXStyle @ webpack-internal:///(app-pages-browser)/./node_modules/next/dist/compiled/react-dom/cjs/react-dom-client.development.js:4406
[  191262ms] [TIMESTAMP] ConfirmDialog @ webpack-internal:///(app-pages-browser)/./node_modules/next/dist/compiled/react-dom/cjs/react-dom-client.development.js:4406
[  191266ms] [TIMESTAMP] HTCallProvider @ webpack-internal:///(app-pages-browser)/./node_modules/next/dist/compiled/react-dom/cjs/react-dom-client.development.js:4554
[  191266ms] [TIMESTAMP] AttendanceDashboardPage @ webpack-internal:///(app-pages-browser)/./node_modules/next/dist/compiled/react-dom/cjs/react-dom-client.development.js:4554
[  191266ms] [TIMESTAMP] Remaining Effects @ webpack-internal:///(app-pages-browser)/./node_modules/next/dist/compiled/react-dom/cjs/react-dom-client.development.js:19980
[  191267ms] [TIMESTAMP] Blocking Track @ webpack-internal:///(app-pages-browser)/./node_modules/next/dist/compiled/react-dom/cjs/react-dom-client.development.js:18271
[  191267ms] [TIMESTAMP] Transition Track @ webpack-internal:///(app-pages-browser)/./node_modules/next/dist/compiled/react-dom/cjs/react-dom-client.development.js:18279
[  191267ms] [TIMESTAMP] Suspense Track @ webpack-internal:///(app-pages-browser)/./node_modules/next/dist/compiled/react-dom/cjs/react-dom-client.development.js:18287
[  191267ms] [TIMESTAMP] Idle Track @ webpack-internal:///(app-pages-browser)/./node_modules/next/dist/compiled/react-dom/cjs/react-dom-client.development.js:18295
[  191315ms] [TIMESTAMP] Render @ webpack-internal:///(app-pages-browser)/./node_modules/next/dist/compiled/react-dom/cjs/react-dom-client.development.js:19292
[  191323ms] [TIMESTAMP] Commit @ webpack-internal:///(app-pages-browser)/./node_modules/next/dist/compiled/react-dom/cjs/react-dom-client.development.js:4724
[  191328ms] [TIMESTAMP] Waiting for Paint @ webpack-internal:///(app-pages-browser)/./node_modules/next/dist/compiled/react-dom/cjs/react-dom-client.development.js:19929
[  191329ms] [TIMESTAMP] AttendanceDashboardPage @ webpack-internal:///(app-pages-browser)/./node_modules/next/dist/compiled/react-dom/cjs/react-dom-client.development.js:4426
[  191330ms] [TIMESTAMP] ScrollRestorer @ webpack-internal:///(app-pages-browser)/./node_modules/next/dist/compiled/react-dom/cjs/react-dom-client.development.js:4406
[  191330ms] [TIMESTAMP] Sidebar @ webpack-internal:///(app-pages-browser)/./node_modules/next/dist/compiled/react-dom/cjs/react-dom-client.development.js:4406
[  191331ms] [TIMESTAMP] NavItem @ webpack-internal:///(app-pages-browser)/./node_modules/next/dist/compiled/react-dom/cjs/react-dom-client.development.js:4406
[  191332ms] [TIMESTAMP] NavItem @ webpack-internal:///(app-pages-browser)/./node_modules/next/dist/compiled/react-dom/cjs/react-dom-client.development.js:4406
[  191333ms] [TIMESTAMP] NavItem @ webpack-internal:///(app-pages-browser)/./node_modules/next/dist/compiled/react-dom/cjs/react-dom-client.development.js:4406
[  191333ms] [TIMESTAMP] NavItem @ webpack-internal:///(app-pages-browser)/./node_modules/next/dist/compiled/react-dom/cjs/react-dom-client.development.js:4406
[  191333ms] [TIMESTAMP] NavItem @ webpack-internal:///(app-pages-browser)/./node_modules/next/dist/compiled/react-dom/cjs/react-dom-client.development.js:4406
[  191333ms] [TIMESTAMP] NavItem @ webpack-internal:///(app-pages-browser)/./node_modules/next/dist/compiled/react-dom/cjs/react-dom-client.development.js:4406
[  191333ms] [TIMESTAMP] NavItem @ webpack-internal:///(app-pages-browser)/./node_modules/next/dist/compiled/react-dom/cjs/react-dom-client.development.js:4406
[  191334ms] [TIMESTAMP] NavItem @ webpack-internal:///(app-pages-browser)/./node_modules/next/dist/compiled/react-dom/cjs/react-dom-client.development.js:4406
[  191334ms] [TIMESTAMP] NavItem @ webpack-internal:///(app-pages-browser)/./node_modules/next/dist/compiled/react-dom/cjs/react-dom-client.development.js:4406
[  191336ms] [TIMESTAMP] NavItem @ webpack-internal:///(app-pages-browser)/./node_modules/next/dist/compiled/react-dom/cjs/react-dom-client.development.js:4406
[  191338ms] [TIMESTAMP] NavItem @ webpack-internal:///(app-pages-browser)/./node_modules/next/dist/compiled/react-dom/cjs/react-dom-client.development.js:4406
[  191339ms] [TIMESTAMP] NavItem @ webpack-internal:///(app-pages-browser)/./node_modules/next/dist/compiled/react-dom/cjs/react-dom-client.development.js:4406
[  191339ms] [TIMESTAMP] NavItem @ webpack-internal:///(app-pages-browser)/./node_modules/next/dist/compiled/react-dom/cjs/react-dom-client.development.js:4406
[  191339ms] [TIMESTAMP] NavItem @ webpack-internal:///(app-pages-browser)/./node_modules/next/dist/compiled/react-dom/cjs/react-dom-client.development.js:4406
[  191341ms] [TIMESTAMP] NavItem @ webpack-internal:///(app-pages-browser)/./node_modules/next/dist/compiled/react-dom/cjs/react-dom-client.development.js:4406
[  191342ms] [TIMESTAMP] NavItem @ webpack-internal:///(app-pages-browser)/./node_modules/next/dist/compiled/react-dom/cjs/react-dom-client.development.js:4406
[  191342ms] [TIMESTAMP] NavItem @ webpack-internal:///(app-pages-browser)/./node_modules/next/dist/compiled/react-dom/cjs/react-dom-client.development.js:4406
[  191342ms] [TIMESTAMP] NavItem @ webpack-internal:///(app-pages-browser)/./node_modules/next/dist/compiled/react-dom/cjs/react-dom-client.development.js:4406
[  191342ms] [TIMESTAMP] NavItem @ webpack-internal:///(app-pages-browser)/./node_modules/next/dist/compiled/react-dom/cjs/react-dom-client.development.js:4406
[  191342ms] [TIMESTAMP] NavItem @ webpack-internal:///(app-pages-browser)/./node_modules/next/dist/compiled/react-dom/cjs/react-dom-client.development.js:4406
[  191343ms] [TIMESTAMP] NavItem @ webpack-internal:///(app-pages-browser)/./node_modules/next/dist/compiled/react-dom/cjs/react-dom-client.development.js:4406
[  191343ms] [TIMESTAMP] NavItem @ webpack-internal:///(app-pages-browser)/./node_modules/next/dist/compiled/react-dom/cjs/react-dom-client.development.js:4406
[  191343ms] [TIMESTAMP] NavItem @ webpack-internal:///(app-pages-browser)/./node_modules/next/dist/compiled/react-dom/cjs/react-dom-client.development.js:4406
[  191343ms] [TIMESTAMP] NavItem @ webpack-internal:///(app-pages-browser)/./node_modules/next/dist/compiled/react-dom/cjs/react-dom-client.development.js:4406
[  191343ms] [TIMESTAMP] DeliveryAlertListener @ webpack-internal:///(app-pages-browser)/./node_modules/next/dist/compiled/react-dom/cjs/react-dom-client.development.js:4406
[  191345ms] [TIMESTAMP] MissionSoundNotifier @ webpack-internal:///(app-pages-browser)/./node_modules/next/dist/compiled/react-dom/cjs/react-dom-client.development.js:4406
[  191345ms] [TIMESTAMP] SellerReminderNotifier @ webpack-internal:///(app-pages-browser)/./node_modules/next/dist/compiled/react-dom/cjs/react-dom-client.development.js:4406
[  191345ms] [TIMESTAMP] BirthdayBanner @ webpack-internal:///(app-pages-browser)/./node_modules/next/dist/compiled/react-dom/cjs/react-dom-client.development.js:4406
[  191345ms] [TIMESTAMP] CalendarDays @ webpack-internal:///(app-pages-browser)/./node_modules/next/dist/compiled/react-dom/cjs/react-dom-client.development.js:4406
[  191345ms] [TIMESTAMP] ForwardRef @ webpack-internal:///(app-pages-browser)/./node_modules/next/dist/compiled/react-dom/cjs/react-dom-client.development.js:4406
[  191345ms] [TIMESTAMP] JSXStyle @ webpack-internal:///(app-pages-browser)/./node_modules/next/dist/compiled/react-dom/cjs/react-dom-client.development.js:4406
[  191345ms] [TIMESTAMP] ConfirmDialog @ webpack-internal:///(app-pages-browser)/./node_modules/next/dist/compiled/react-dom/cjs/react-dom-client.development.js:4406
[  191345ms] [TIMESTAMP] AttendanceDashboardPage @ webpack-internal:///(app-pages-browser)/./node_modules/next/dist/compiled/react-dom/cjs/react-dom-client.development.js:4554
[  191351ms] [TIMESTAMP] Remaining Effects @ webpack-internal:///(app-pages-browser)/./node_modules/next/dist/compiled/react-dom/cjs/react-dom-client.development.js:19980
[  191355ms] [TIMESTAMP] Blocking Track @ webpack-internal:///(app-pages-browser)/./node_modules/next/dist/compiled/react-dom/cjs/react-dom-client.development.js:18271
[  191356ms] [TIMESTAMP] Transition Track @ webpack-internal:///(app-pages-browser)/./node_modules/next/dist/compiled/react-dom/cjs/react-dom-client.development.js:18279
[  191356ms] [TIMESTAMP] Suspense Track @ webpack-internal:///(app-pages-browser)/./node_modules/next/dist/compiled/react-dom/cjs/react-dom-client.development.js:18287
[  191356ms] [TIMESTAMP] Idle Track @ webpack-internal:///(app-pages-browser)/./node_modules/next/dist/compiled/react-dom/cjs/react-dom-client.development.js:18295
[  191358ms] [TIMESTAMP] Blocking Track @ webpack-internal:///(app-pages-browser)/./node_modules/next/dist/compiled/react-dom/cjs/react-dom-client.development.js:18271
[  191358ms] [TIMESTAMP] Transition Track @ webpack-internal:///(app-pages-browser)/./node_modules/next/dist/compiled/react-dom/cjs/react-dom-client.development.js:18279
[  191358ms] [TIMESTAMP] Suspense Track @ webpack-internal:///(app-pages-browser)/./node_modules/next/dist/compiled/react-dom/cjs/react-dom-client.development.js:18287
[  191359ms] [TIMESTAMP] Idle Track @ webpack-internal:///(app-pages-browser)/./node_modules/next/dist/compiled/react-dom/cjs/react-dom-client.development.js:18295
[  191359ms] [TIMESTAMP] Render @ webpack-internal:///(app-pages-browser)/./node_modules/next/dist/compiled/react-dom/cjs/react-dom-client.development.js:19292
[  191362ms] [TIMESTAMP] Waiting for Paint @ webpack-internal:///(app-pages-browser)/./node_modules/next/dist/compiled/react-dom/cjs/react-dom-client.development.js:19929
[  191362ms] [TIMESTAMP] Blocking Track @ webpack-internal:///(app-pages-browser)/./node_modules/next/dist/compiled/react-dom/cjs/react-dom-client.development.js:18271
[  191362ms] [TIMESTAMP] Transition Track @ webpack-internal:///(app-pages-browser)/./node_modules/next/dist/compiled/react-dom/cjs/react-dom-client.development.js:18279
[  191362ms] [TIMESTAMP] Suspense Track @ webpack-internal:///(app-pages-browser)/./node_modules/next/dist/compiled/react-dom/cjs/react-dom-client.development.js:18287
[  191362ms] [TIMESTAMP] Idle Track @ webpack-internal:///(app-pages-browser)/./node_modules/next/dist/compiled/react-dom/cjs/react-dom-client.development.js:18295
[  191362ms] [TIMESTAMP] Render @ webpack-internal:///(app-pages-browser)/./node_modules/next/dist/compiled/react-dom/cjs/react-dom-client.development.js:19292
[  191410ms] [TIMESTAMP] Blocking Track @ webpack-internal:///(app-pages-browser)/./node_modules/next/dist/compiled/react-dom/cjs/react-dom-client.development.js:18271
[  191411ms] [TIMESTAMP] Transition Track @ webpack-internal:///(app-pages-browser)/./node_modules/next/dist/compiled/react-dom/cjs/react-dom-client.development.js:18279
[  191411ms] [TIMESTAMP] Suspense Track @ webpack-internal:///(app-pages-browser)/./node_modules/next/dist/compiled/react-dom/cjs/react-dom-client.development.js:18287
[  191411ms] [TIMESTAMP] Idle Track @ webpack-internal:///(app-pages-browser)/./node_modules/next/dist/compiled/react-dom/cjs/react-dom-client.development.js:18295
[  191411ms] [TIMESTAMP] Event: message @ webpack-internal:///(app-pages-browser)/./node_modules/next/dist/compiled/react-dom/cjs/react-dom-client.development.js:18414
[  191429ms] [TIMESTAMP] Blocking Track @ webpack-internal:///(app-pages-browser)/./node_modules/next/dist/compiled/react-dom/cjs/react-dom-client.development.js:18271
[  191429ms] [TIMESTAMP] Transition Track @ webpack-internal:///(app-pages-browser)/./node_modules/next/dist/compiled/react-dom/cjs/react-dom-client.development.js:18279
[  191429ms] [TIMESTAMP] Suspense Track @ webpack-internal:///(app-pages-browser)/./node_modules/next/dist/compiled/react-dom/cjs/react-dom-client.development.js:18287
[  191430ms] [TIMESTAMP] Idle Track @ webpack-internal:///(app-pages-browser)/./node_modules/next/dist/compiled/react-dom/cjs/react-dom-client.development.js:18295
[  191462ms] [TIMESTAMP] Render @ webpack-internal:///(app-pages-browser)/./node_modules/next/dist/compiled/react-dom/cjs/react-dom-client.development.js:19292
[  191469ms] [TIMESTAMP] Commit @ webpack-internal:///(app-pages-browser)/./node_modules/next/dist/compiled/react-dom/cjs/react-dom-client.development.js:4724
[  191476ms] [TIMESTAMP] Waiting for Paint @ webpack-internal:///(app-pages-browser)/./node_modules/next/dist/compiled/react-dom/cjs/react-dom-client.development.js:19929
[  191477ms] [TIMESTAMP] AttendanceDashboardPage @ webpack-internal:///(app-pages-browser)/./node_modules/next/dist/compiled/react-dom/cjs/react-dom-client.development.js:4426
[  191477ms] [TIMESTAMP] ScrollRestorer @ webpack-internal:///(app-pages-browser)/./node_modules/next/dist/compiled/react-dom/cjs/react-dom-client.development.js:4406
[  191477ms] [TIMESTAMP] Sidebar @ webpack-internal:///(app-pages-browser)/./node_modules/next/dist/compiled/react-dom/cjs/react-dom-client.development.js:4406
[  191479ms] [TIMESTAMP] NavItem @ webpack-internal:///(app-pages-browser)/./node_modules/next/dist/compiled/react-dom/cjs/react-dom-client.development.js:4406
[  191479ms] [TIMESTAMP] NavItem @ webpack-internal:///(app-pages-browser)/./node_modules/next/dist/compiled/react-dom/cjs/react-dom-client.development.js:4406
[  191479ms] [TIMESTAMP] NavItem @ webpack-internal:///(app-pages-browser)/./node_modules/next/dist/compiled/react-dom/cjs/react-dom-client.development.js:4406
[  191479ms] [TIMESTAMP] NavItem @ webpack-internal:///(app-pages-browser)/./node_modules/next/dist/compiled/react-dom/cjs/react-dom-client.development.js:4406
[  191480ms] [TIMESTAMP] NavItem @ webpack-internal:///(app-pages-browser)/./node_modules/next/dist/compiled/react-dom/cjs/react-dom-client.development.js:4406
[  191480ms] [TIMESTAMP] NavItem @ webpack-internal:///(app-pages-browser)/./node_modules/next/dist/compiled/react-dom/cjs/react-dom-client.development.js:4406
[  191480ms] [TIMESTAMP] NavItem @ webpack-internal:///(app-pages-browser)/./node_modules/next/dist/compiled/react-dom/cjs/react-dom-client.development.js:4406
[  191481ms] [TIMESTAMP] NavItem @ webpack-internal:///(app-pages-browser)/./node_modules/next/dist/compiled/react-dom/cjs/react-dom-client.development.js:4406
[  191482ms] [TIMESTAMP] NavItem @ webpack-internal:///(app-pages-browser)/./node_modules/next/dist/compiled/react-dom/cjs/react-dom-client.development.js:4406
[  191482ms] [TIMESTAMP] NavItem @ webpack-internal:///(app-pages-browser)/./node_modules/next/dist/compiled/react-dom/cjs/react-dom-client.development.js:4406
[  191482ms] [TIMESTAMP] NavItem @ webpack-internal:///(app-pages-browser)/./node_modules/next/dist/compiled/react-dom/cjs/react-dom-client.development.js:4406
[  191482ms] [TIMESTAMP] NavItem @ webpack-internal:///(app-pages-browser)/./node_modules/next/dist/compiled/react-dom/cjs/react-dom-client.development.js:4406
[  191483ms] [TIMESTAMP] NavItem @ webpack-internal:///(app-pages-browser)/./node_modules/next/dist/compiled/react-dom/cjs/react-dom-client.development.js:4406
[  191484ms] [TIMESTAMP] NavItem @ webpack-internal:///(app-pages-browser)/./node_modules/next/dist/compiled/react-dom/cjs/react-dom-client.development.js:4406
[  191484ms] [TIMESTAMP] NavItem @ webpack-internal:///(app-pages-browser)/./node_modules/next/dist/compiled/react-dom/cjs/react-dom-client.development.js:4406
[  191485ms] [TIMESTAMP] NavItem @ webpack-internal:///(app-pages-browser)/./node_modules/next/dist/compiled/react-dom/cjs/react-dom-client.development.js:4406
[  191485ms] [TIMESTAMP] NavItem @ webpack-internal:///(app-pages-browser)/./node_modules/next/dist/compiled/react-dom/cjs/react-dom-client.development.js:4406
[  191486ms] [TIMESTAMP] NavItem @ webpack-internal:///(app-pages-browser)/./node_modules/next/dist/compiled/react-dom/cjs/react-dom-client.development.js:4406
[  191486ms] [TIMESTAMP] NavItem @ webpack-internal:///(app-pages-browser)/./node_modules/next/dist/compiled/react-dom/cjs/react-dom-client.development.js:4406
[  191487ms] [TIMESTAMP] NavItem @ webpack-internal:///(app-pages-browser)/./node_modules/next/dist/compiled/react-dom/cjs/react-dom-client.development.js:4406
[  191487ms] [TIMESTAMP] NavItem @ webpack-internal:///(app-pages-browser)/./node_modules/next/dist/compiled/react-dom/cjs/react-dom-client.development.js:4406
[  191487ms] [TIMESTAMP] NavItem @ webpack-internal:///(app-pages-browser)/./node_modules/next/dist/compiled/react-dom/cjs/react-dom-client.development.js:4406
[  191490ms] [TIMESTAMP] NavItem @ webpack-internal:///(app-pages-browser)/./node_modules/next/dist/compiled/react-dom/cjs/react-dom-client.development.js:4406
[  191490ms] [TIMESTAMP] NavItem @ webpack-internal:///(app-pages-browser)/./node_modules/next/dist/compiled/react-dom/cjs/react-dom-client.development.js:4406
[  191491ms] [TIMESTAMP] NavItem @ webpack-internal:///(app-pages-browser)/./node_modules/next/dist/compiled/react-dom/cjs/react-dom-client.development.js:4406
[  191491ms] [TIMESTAMP] NavItem @ webpack-internal:///(app-pages-browser)/./node_modules/next/dist/compiled/react-dom/cjs/react-dom-client.development.js:4406
[  191491ms] [TIMESTAMP] NavItem @ webpack-internal:///(app-pages-browser)/./node_modules/next/dist/compiled/react-dom/cjs/react-dom-client.development.js:4406
[  191492ms] [TIMESTAMP] NavItem @ webpack-internal:///(app-pages-browser)/./node_modules/next/dist/compiled/react-dom/cjs/react-dom-client.development.js:4406
[  191492ms] [TIMESTAMP] NavItem @ webpack-internal:///(app-pages-browser)/./node_modules/next/dist/compiled/react-dom/cjs/react-dom-client.development.js:4406
[  191493ms] [TIMESTAMP] NavItem @ webpack-internal:///(app-pages-browser)/./node_modules/next/dist/compiled/react-dom/cjs/react-dom-client.development.js:4406
[  191493ms] [TIMESTAMP] NavItem @ webpack-internal:///(app-pages-browser)/./node_modules/next/dist/compiled/react-dom/cjs/react-dom-client.development.js:4406
[  191493ms] [TIMESTAMP] NavItem @ webpack-internal:///(app-pages-browser)/./node_modules/next/dist/compiled/react-dom/cjs/react-dom-client.development.js:4406
[  191493ms] [TIMESTAMP] NavItem @ webpack-internal:///(app-pages-browser)/./node_modules/next/dist/compiled/react-dom/cjs/react-dom-client.development.js:4406
[  191494ms] [TIMESTAMP] NavItem @ webpack-internal:///(app-pages-browser)/./node_modules/next/dist/compiled/react-dom/cjs/react-dom-client.development.js:4406
[  191494ms] [TIMESTAMP] NavItem @ webpack-internal:///(app-pages-browser)/./node_modules/next/dist/compiled/react-dom/cjs/react-dom-client.development.js:4406
[  191494ms] [TIMESTAMP] NavItem @ webpack-internal:///(app-pages-browser)/./node_modules/next/dist/compiled/react-dom/cjs/react-dom-client.development.js:4406
[  191494ms] [TIMESTAMP] DeliveryAlertListener @ webpack-internal:///(app-pages-browser)/./node_modules/next/dist/compiled/react-dom/cjs/react-dom-client.development.js:4406
[  191494ms] [TIMESTAMP] MissionSoundNotifier @ webpack-internal:///(app-pages-browser)/./node_modules/next/dist/compiled/react-dom/cjs/react-dom-client.development.js:4406
[  191494ms] [TIMESTAMP] SellerReminderNotifier @ webpack-internal:///(app-pages-browser)/./node_modules/next/dist/compiled/react-dom/cjs/react-dom-client.development.js:4406
[  191494ms] [TIMESTAMP] BirthdayBanner @ webpack-internal:///(app-pages-browser)/./node_modules/next/dist/compiled/react-dom/cjs/react-dom-client.development.js:4406
[  191494ms] [TIMESTAMP] CalendarDays @ webpack-internal:///(app-pages-browser)/./node_modules/next/dist/compiled/react-dom/cjs/react-dom-client.development.js:4406
[  191494ms] [TIMESTAMP] ForwardRef @ webpack-internal:///(app-pages-browser)/./node_modules/next/dist/compiled/react-dom/cjs/react-dom-client.development.js:4406
[  191494ms] [TIMESTAMP] JSXStyle @ webpack-internal:///(app-pages-browser)/./node_modules/next/dist/compiled/react-dom/cjs/react-dom-client.development.js:4406
[  191494ms] [TIMESTAMP] ConfirmDialog @ webpack-internal:///(app-pages-browser)/./node_modules/next/dist/compiled/react-dom/cjs/react-dom-client.development.js:4406
[  191494ms] [TIMESTAMP] Remaining Effects @ webpack-internal:///(app-pages-browser)/./node_modules/next/dist/compiled/react-dom/cjs/react-dom-client.development.js:19980
[  191507ms] [TIMESTAMP] Blocking Track @ webpack-internal:///(app-pages-browser)/./node_modules/next/dist/compiled/react-dom/cjs/react-dom-client.development.js:18271
[  191508ms] [TIMESTAMP] Transition Track @ webpack-internal:///(app-pages-browser)/./node_modules/next/dist/compiled/react-dom/cjs/react-dom-client.development.js:18279
[  191508ms] [TIMESTAMP] Suspense Track @ webpack-internal:///(app-pages-browser)/./node_modules/next/dist/compiled/react-dom/cjs/react-dom-client.development.js:18287
[  191508ms] [TIMESTAMP] Idle Track @ webpack-internal:///(app-pages-browser)/./node_modules/next/dist/compiled/react-dom/cjs/react-dom-client.development.js:18295
[  191527ms] [TIMESTAMP] Blocking Track @ webpack-internal:///(app-pages-browser)/./node_modules/next/dist/compiled/react-dom/cjs/react-dom-client.development.js:18271
[  191527ms] [TIMESTAMP] Transition Track @ webpack-internal:///(app-pages-browser)/./node_modules/next/dist/compiled/react-dom/cjs/react-dom-client.development.js:18279
[  191528ms] [TIMESTAMP] Suspense Track @ webpack-internal:///(app-pages-browser)/./node_modules/next/dist/compiled/react-dom/cjs/react-dom-client.development.js:18287
[  191528ms] [TIMESTAMP] Idle Track @ webpack-internal:///(app-pages-browser)/./node_modules/next/dist/compiled/react-dom/cjs/react-dom-client.development.js:18295
[  191548ms] [TIMESTAMP] Blocking Track @ webpack-internal:///(app-pages-browser)/./node_modules/next/dist/compiled/react-dom/cjs/react-dom-client.development.js:18271
[  191549ms] [TIMESTAMP] Transition Track @ webpack-internal:///(app-pages-browser)/./node_modules/next/dist/compiled/react-dom/cjs/react-dom-client.development.js:18279
[  191549ms] [TIMESTAMP] Suspense Track @ webpack-internal:///(app-pages-browser)/./node_modules/next/dist/compiled/react-dom/cjs/react-dom-client.development.js:18287
[  191549ms] [TIMESTAMP] Idle Track @ webpack-internal:///(app-pages-browser)/./node_modules/next/dist/compiled/react-dom/cjs/react-dom-client.development.js:18295
[  191608ms] [TIMESTAMP] Render @ webpack-internal:///(app-pages-browser)/./node_modules/next/dist/compiled/react-dom/cjs/react-dom-client.development.js:19292
[  191616ms] [TIMESTAMP] Commit @ webpack-internal:///(app-pages-browser)/./node_modules/next/dist/compiled/react-dom/cjs/react-dom-client.development.js:4724
[  191617ms] [TIMESTAMP] Waiting for Paint @ webpack-internal:///(app-pages-browser)/./node_modules/next/dist/compiled/react-dom/cjs/react-dom-client.development.js:19929
[  191618ms] [TIMESTAMP] Sidebar @ webpack-internal:///(app-pages-browser)/./node_modules/next/dist/compiled/react-dom/cjs/react-dom-client.development.js:4426
[  191623ms] [TIMESTAMP] NavItem @ webpack-internal:///(app-pages-browser)/./node_modules/next/dist/compiled/react-dom/cjs/react-dom-client.development.js:4406
[  191623ms] [TIMESTAMP] NavItem @ webpack-internal:///(app-pages-browser)/./node_modules/next/dist/compiled/react-dom/cjs/react-dom-client.development.js:4406
[  191624ms] [TIMESTAMP] NavItem @ webpack-internal:///(app-pages-browser)/./node_modules/next/dist/compiled/react-dom/cjs/react-dom-client.development.js:4406
[  191624ms] [TIMESTAMP] NavItem @ webpack-internal:///(app-pages-browser)/./node_modules/next/dist/compiled/react-dom/cjs/react-dom-client.development.js:4406
[  191625ms] [TIMESTAMP] NavItem @ webpack-internal:///(app-pages-browser)/./node_modules/next/dist/compiled/react-dom/cjs/react-dom-client.development.js:4406
[  191625ms] [TIMESTAMP] NavItem @ webpack-internal:///(app-pages-browser)/./node_modules/next/dist/compiled/react-dom/cjs/react-dom-client.development.js:4406
[  191626ms] [TIMESTAMP] NavItem @ webpack-internal:///(app-pages-browser)/./node_modules/next/dist/compiled/react-dom/cjs/react-dom-client.development.js:4406
[  191627ms] [TIMESTAMP] NavItem @ webpack-internal:///(app-pages-browser)/./node_modules/next/dist/compiled/react-dom/cjs/react-dom-client.development.js:4406
[  191627ms] [TIMESTAMP] NavItem @ webpack-internal:///(app-pages-browser)/./node_modules/next/dist/compiled/react-dom/cjs/react-dom-client.development.js:4406
[  191627ms] [TIMESTAMP] NavItem @ webpack-internal:///(app-pages-browser)/./node_modules/next/dist/compiled/react-dom/cjs/react-dom-client.development.js:4406
[  191627ms] [TIMESTAMP] NavItem @ webpack-internal:///(app-pages-browser)/./node_modules/next/dist/compiled/react-dom/cjs/react-dom-client.development.js:4406
[  191628ms] [TIMESTAMP] NavItem @ webpack-internal:///(app-pages-browser)/./node_modules/next/dist/compiled/react-dom/cjs/react-dom-client.development.js:4406
[  191629ms] [TIMESTAMP] NavItem @ webpack-internal:///(app-pages-browser)/./node_modules/next/dist/compiled/react-dom/cjs/react-dom-client.development.js:4406
[  191629ms] [TIMESTAMP] NavItem @ webpack-internal:///(app-pages-browser)/./node_modules/next/dist/compiled/react-dom/cjs/react-dom-client.development.js:4406
[  191630ms] [TIMESTAMP] NavItem @ webpack-internal:///(app-pages-browser)/./node_modules/next/dist/compiled/react-dom/cjs/react-dom-client.development.js:4406
[  191630ms] [TIMESTAMP] NavItem @ webpack-internal:///(app-pages-browser)/./node_modules/next/dist/compiled/react-dom/cjs/react-dom-client.development.js:4406
[  191630ms] [TIMESTAMP] NavItem @ webpack-internal:///(app-pages-browser)/./node_modules/next/dist/compiled/react-dom/cjs/react-dom-client.development.js:4406
[  191630ms] [TIMESTAMP] NavItem @ webpack-internal:///(app-pages-browser)/./node_modules/next/dist/compiled/react-dom/cjs/react-dom-client.development.js:4406
[  191630ms] [TIMESTAMP] NavItem @ webpack-internal:///(app-pages-browser)/./node_modules/next/dist/compiled/react-dom/cjs/react-dom-client.development.js:4406
[  191630ms] [TIMESTAMP] NavItem @ webpack-internal:///(app-pages-browser)/./node_modules/next/dist/compiled/react-dom/cjs/react-dom-client.development.js:4406
[  191631ms] [TIMESTAMP] NavItem @ webpack-internal:///(app-pages-browser)/./node_modules/next/dist/compiled/react-dom/cjs/react-dom-client.development.js:4406
[  191631ms] [TIMESTAMP] NavItem @ webpack-internal:///(app-pages-browser)/./node_modules/next/dist/compiled/react-dom/cjs/react-dom-client.development.js:4406
[  191631ms] [TIMESTAMP] NavItem @ webpack-internal:///(app-pages-browser)/./node_modules/next/dist/compiled/react-dom/cjs/react-dom-client.development.js:4406
[  191631ms] [TIMESTAMP] NavItem @ webpack-internal:///(app-pages-browser)/./node_modules/next/dist/compiled/react-dom/cjs/react-dom-client.development.js:4406
[  191632ms] [TIMESTAMP] NavItem @ webpack-internal:///(app-pages-browser)/./node_modules/next/dist/compiled/react-dom/cjs/react-dom-client.development.js:4406
[  191633ms] [TIMESTAMP] NavItem @ webpack-internal:///(app-pages-browser)/./node_modules/next/dist/compiled/react-dom/cjs/react-dom-client.development.js:4406
[  191633ms] [TIMESTAMP] NavItem @ webpack-internal:///(app-pages-browser)/./node_modules/next/dist/compiled/react-dom/cjs/react-dom-client.development.js:4406
[  191633ms] [TIMESTAMP] NavItem @ webpack-internal:///(app-pages-browser)/./node_modules/next/dist/compiled/react-dom/cjs/react-dom-client.development.js:4406
[  191633ms] [TIMESTAMP] NavItem @ webpack-internal:///(app-pages-browser)/./node_modules/next/dist/compiled/react-dom/cjs/react-dom-client.development.js:4406
[  191633ms] [TIMESTAMP] NavItem @ webpack-internal:///(app-pages-browser)/./node_modules/next/dist/compiled/react-dom/cjs/react-dom-client.development.js:4406
[  191634ms] [TIMESTAMP] NavItem @ webpack-internal:///(app-pages-browser)/./node_modules/next/dist/compiled/react-dom/cjs/react-dom-client.development.js:4406
[  191636ms] [TIMESTAMP] NavItem @ webpack-internal:///(app-pages-browser)/./node_modules/next/dist/compiled/react-dom/cjs/react-dom-client.development.js:4406
[  191636ms] [TIMESTAMP] NavItem @ webpack-internal:///(app-pages-browser)/./node_modules/next/dist/compiled/react-dom/cjs/react-dom-client.development.js:4406
[  191637ms] [TIMESTAMP] NavItem @ webpack-internal:///(app-pages-browser)/./node_modules/next/dist/compiled/react-dom/cjs/react-dom-client.development.js:4406
[  191638ms] [TIMESTAMP] NavItem @ webpack-internal:///(app-pages-browser)/./node_modules/next/dist/compiled/react-dom/cjs/react-dom-client.development.js:4406
[  191638ms] [TIMESTAMP] NavItem @ webpack-internal:///(app-pages-browser)/./node_modules/next/dist/compiled/react-dom/cjs/react-dom-client.development.js:4406
[  191638ms] [TIMESTAMP] NavItem @ webpack-internal:///(app-pages-browser)/./node_modules/next/dist/compiled/react-dom/cjs/react-dom-client.development.js:4406
[  191639ms] [TIMESTAMP] NavItem @ webpack-internal:///(app-pages-browser)/./node_modules/next/dist/compiled/react-dom/cjs/react-dom-client.development.js:4406
[  191639ms] [TIMESTAMP] NavItem @ webpack-internal:///(app-pages-browser)/./node_modules/next/dist/compiled/react-dom/cjs/react-dom-client.development.js:4406
[  191639ms] [TIMESTAMP] NavItem @ webpack-internal:///(app-pages-browser)/./node_modules/next/dist/compiled/react-dom/cjs/react-dom-client.development.js:4406
[  191640ms] [TIMESTAMP] NavItem @ webpack-internal:///(app-pages-browser)/./node_modules/next/dist/compiled/react-dom/cjs/react-dom-client.development.js:4406
[  191641ms] [TIMESTAMP] NavItem @ webpack-internal:///(app-pages-browser)/./node_modules/next/dist/compiled/react-dom/cjs/react-dom-client.development.js:4406
[  191641ms] [TIMESTAMP] NavItem @ webpack-internal:///(app-pages-browser)/./node_modules/next/dist/compiled/react-dom/cjs/react-dom-client.development.js:4406
[  191641ms] [TIMESTAMP] NavItem @ webpack-internal:///(app-pages-browser)/./node_modules/next/dist/compiled/react-dom/cjs/react-dom-client.development.js:4406
[  191641ms] [TIMESTAMP] Remaining Effects @ webpack-internal:///(app-pages-browser)/./node_modules/next/dist/compiled/react-dom/cjs/react-dom-client.development.js:19980
[  191643ms] [TIMESTAMP] Blocking Track @ webpack-internal:///(app-pages-browser)/./node_modules/next/dist/compiled/react-dom/cjs/react-dom-client.development.js:18271
[  191643ms] [TIMESTAMP] Transition Track @ webpack-internal:///(app-pages-browser)/./node_modules/next/dist/compiled/react-dom/cjs/react-dom-client.development.js:18279
[  191643ms] [TIMESTAMP] Suspense Track @ webpack-internal:///(app-pages-browser)/./node_modules/next/dist/compiled/react-dom/cjs/react-dom-client.development.js:18287
[  191643ms] [TIMESTAMP] Idle Track @ webpack-internal:///(app-pages-browser)/./node_modules/next/dist/compiled/react-dom/cjs/react-dom-client.development.js:18295
[  191697ms] [TIMESTAMP] Render @ webpack-internal:///(app-pages-browser)/./node_modules/next/dist/compiled/react-dom/cjs/react-dom-client.development.js:19292
[  191711ms] [TIMESTAMP] Commit @ webpack-internal:///(app-pages-browser)/./node_modules/next/dist/compiled/react-dom/cjs/react-dom-client.development.js:4724
[  191712ms] [TIMESTAMP] Waiting for Paint @ webpack-internal:///(app-pages-browser)/./node_modules/next/dist/compiled/react-dom/cjs/react-dom-client.development.js:19929
[  191712ms] [TIMESTAMP] AttendanceDashboardPage @ webpack-internal:///(app-pages-browser)/./node_modules/next/dist/compiled/react-dom/cjs/react-dom-client.development.js:4426
[  191712ms] [TIMESTAMP] ScrollRestorer @ webpack-internal:///(app-pages-browser)/./node_modules/next/dist/compiled/react-dom/cjs/react-dom-client.development.js:4406
[  191712ms] [TIMESTAMP] Sidebar @ webpack-internal:///(app-pages-browser)/./node_modules/next/dist/compiled/react-dom/cjs/react-dom-client.development.js:4406
[  191712ms] [TIMESTAMP] RoleBadges @ webpack-internal:///(app-pages-browser)/./node_modules/next/dist/compiled/react-dom/cjs/react-dom-client.development.js:4406
[  191716ms] [TIMESTAMP] NavItem @ webpack-internal:///(app-pages-browser)/./node_modules/next/dist/compiled/react-dom/cjs/react-dom-client.development.js:4406
[  191716ms] [TIMESTAMP] NavItem @ webpack-internal:///(app-pages-browser)/./node_modules/next/dist/compiled/react-dom/cjs/react-dom-client.development.js:4406
[  191717ms] [TIMESTAMP] NavItem @ webpack-internal:///(app-pages-browser)/./node_modules/next/dist/compiled/react-dom/cjs/react-dom-client.development.js:4406
[  191717ms] [TIMESTAMP] NavItem @ webpack-internal:///(app-pages-browser)/./node_modules/next/dist/compiled/react-dom/cjs/react-dom-client.development.js:4406
[  191718ms] [TIMESTAMP] NavItem @ webpack-internal:///(app-pages-browser)/./node_modules/next/dist/compiled/react-dom/cjs/react-dom-client.development.js:4406
[  191718ms] [TIMESTAMP] NavItem @ webpack-internal:///(app-pages-browser)/./node_modules/next/dist/compiled/react-dom/cjs/react-dom-client.development.js:4406
[  191722ms] [TIMESTAMP] NavItem @ webpack-internal:///(app-pages-browser)/./node_modules/next/dist/compiled/react-dom/cjs/react-dom-client.development.js:4406
[  191723ms] [TIMESTAMP] NavItem @ webpack-internal:///(app-pages-browser)/./node_modules/next/dist/compiled/react-dom/cjs/react-dom-client.development.js:4406
[  191723ms] [TIMESTAMP] NavItem @ webpack-internal:///(app-pages-browser)/./node_modules/next/dist/compiled/react-dom/cjs/react-dom-client.development.js:4406
[  191724ms] [TIMESTAMP] NavItem @ webpack-internal:///(app-pages-browser)/./node_modules/next/dist/compiled/react-dom/cjs/react-dom-client.development.js:4406
[  191724ms] [TIMESTAMP] NavItem @ webpack-internal:///(app-pages-browser)/./node_modules/next/dist/compiled/react-dom/cjs/react-dom-client.development.js:4406
[  191725ms] [TIMESTAMP] NavItem @ webpack-internal:///(app-pages-browser)/./node_modules/next/dist/compiled/react-dom/cjs/react-dom-client.development.js:4406
[  191726ms] [TIMESTAMP] NavItem @ webpack-internal:///(app-pages-browser)/./node_modules/next/dist/compiled/react-dom/cjs/react-dom-client.development.js:4406
[  191726ms] [TIMESTAMP] NavItem @ webpack-internal:///(app-pages-browser)/./node_modules/next/dist/compiled/react-dom/cjs/react-dom-client.development.js:4406
[  191726ms] [TIMESTAMP] NavItem @ webpack-internal:///(app-pages-browser)/./node_modules/next/dist/compiled/react-dom/cjs/react-dom-client.development.js:4406
[  191726ms] [TIMESTAMP] NavItem @ webpack-internal:///(app-pages-browser)/./node_modules/next/dist/compiled/react-dom/cjs/react-dom-client.development.js:4406
[  191726ms] [TIMESTAMP] NavItem @ webpack-internal:///(app-pages-browser)/./node_modules/next/dist/compiled/react-dom/cjs/react-dom-client.development.js:4406
[  191726ms] [TIMESTAMP] NavItem @ webpack-internal:///(app-pages-browser)/./node_modules/next/dist/compiled/react-dom/cjs/react-dom-client.development.js:4406
[  191726ms] [TIMESTAMP] NavItem @ webpack-internal:///(app-pages-browser)/./node_modules/next/dist/compiled/react-dom/cjs/react-dom-client.development.js:4406
[  191726ms] [TIMESTAMP] NavItem @ webpack-internal:///(app-pages-browser)/./node_modules/next/dist/compiled/react-dom/cjs/react-dom-client.development.js:4406
[  191726ms] [TIMESTAMP] NavItem @ webpack-internal:///(app-pages-browser)/./node_modules/next/dist/compiled/react-dom/cjs/react-dom-client.development.js:4406
[  191727ms] [TIMESTAMP] NavItem @ webpack-internal:///(app-pages-browser)/./node_modules/next/dist/compiled/react-dom/cjs/react-dom-client.development.js:4406
[  191727ms] [TIMESTAMP] NavItem @ webpack-internal:///(app-pages-browser)/./node_modules/next/dist/compiled/react-dom/cjs/react-dom-client.development.js:4406
[  191727ms] [TIMESTAMP] NavItem @ webpack-internal:///(app-pages-browser)/./node_modules/next/dist/compiled/react-dom/cjs/react-dom-client.development.js:4406
[  191727ms] [TIMESTAMP] NavItem @ webpack-internal:///(app-pages-browser)/./node_modules/next/dist/compiled/react-dom/cjs/react-dom-client.development.js:4406
[  191727ms] [TIMESTAMP] NavItem @ webpack-internal:///(app-pages-browser)/./node_modules/next/dist/compiled/react-dom/cjs/react-dom-client.development.js:4406
[  191727ms] [TIMESTAMP] NavItem @ webpack-internal:///(app-pages-browser)/./node_modules/next/dist/compiled/react-dom/cjs/react-dom-client.development.js:4406
[  191727ms] [TIMESTAMP] NavItem @ webpack-internal:///(app-pages-browser)/./node_modules/next/dist/compiled/react-dom/cjs/react-dom-client.development.js:4406
[  191727ms] [TIMESTAMP] NavItem @ webpack-internal:///(app-pages-browser)/./node_modules/next/dist/compiled/react-dom/cjs/react-dom-client.development.js:4406
[  191727ms] [TIMESTAMP] NavItem @ webpack-internal:///(app-pages-browser)/./node_modules/next/dist/compiled/react-dom/cjs/react-dom-client.development.js:4406
[  191727ms] [TIMESTAMP] NavItem @ webpack-internal:///(app-pages-browser)/./node_modules/next/dist/compiled/react-dom/cjs/react-dom-client.development.js:4406
[  191727ms] [TIMESTAMP] NavItem @ webpack-internal:///(app-pages-browser)/./node_modules/next/dist/compiled/react-dom/cjs/react-dom-client.development.js:4406
[  191727ms] [TIMESTAMP] NavItem @ webpack-internal:///(app-pages-browser)/./node_modules/next/dist/compiled/react-dom/cjs/react-dom-client.development.js:4406
[  191730ms] [TIMESTAMP] NavItem @ webpack-internal:///(app-pages-browser)/./node_modules/next/dist/compiled/react-dom/cjs/react-dom-client.development.js:4406
[  191731ms] [TIMESTAMP] NavItem @ webpack-internal:///(app-pages-browser)/./node_modules/next/dist/compiled/react-dom/cjs/react-dom-client.development.js:4406
[  191732ms] [TIMESTAMP] NavItem @ webpack-internal:///(app-pages-browser)/./node_modules/next/dist/compiled/react-dom/cjs/react-dom-client.development.js:4406
[  191732ms] [TIMESTAMP] DeliveryAlertListener @ webpack-internal:///(app-pages-browser)/./node_modules/next/dist/compiled/react-dom/cjs/react-dom-client.development.js:4406
[  191732ms] [TIMESTAMP] MissionSoundNotifier @ webpack-internal:///(app-pages-browser)/./node_modules/next/dist/compiled/react-dom/cjs/react-dom-client.development.js:4406
[  191732ms] [TIMESTAMP] SellerReminderNotifier @ webpack-internal:///(app-pages-browser)/./node_modules/next/dist/compiled/react-dom/cjs/react-dom-client.development.js:4406
[  191732ms] [TIMESTAMP] BirthdayBanner @ webpack-internal:///(app-pages-browser)/./node_modules/next/dist/compiled/react-dom/cjs/react-dom-client.development.js:4406
[  191732ms] [TIMESTAMP] CalendarDays @ webpack-internal:///(app-pages-browser)/./node_modules/next/dist/compiled/react-dom/cjs/react-dom-client.development.js:4406
[  191732ms] [TIMESTAMP] ForwardRef @ webpack-internal:///(app-pages-browser)/./node_modules/next/dist/compiled/react-dom/cjs/react-dom-client.development.js:4406
[  191732ms] [TIMESTAMP] JSXStyle @ webpack-internal:///(app-pages-browser)/./node_modules/next/dist/compiled/react-dom/cjs/react-dom-client.development.js:4406
[  191733ms] [TIMESTAMP] ConfirmDialog @ webpack-internal:///(app-pages-browser)/./node_modules/next/dist/compiled/react-dom/cjs/react-dom-client.development.js:4406
[  191733ms] [TIMESTAMP] Remaining Effects @ webpack-internal:///(app-pages-browser)/./node_modules/next/dist/compiled/react-dom/cjs/react-dom-client.development.js:19980
[  191883ms] [TIMESTAMP] Blocking Track @ webpack-internal:///(app-pages-browser)/./node_modules/next/dist/compiled/react-dom/cjs/react-dom-client.development.js:18271
[  191884ms] [TIMESTAMP] Transition Track @ webpack-internal:///(app-pages-browser)/./node_modules/next/dist/compiled/react-dom/cjs/react-dom-client.development.js:18279
[  191884ms] [TIMESTAMP] Suspense Track @ webpack-internal:///(app-pages-browser)/./node_modules/next/dist/compiled/react-dom/cjs/react-dom-client.development.js:18287
[  191884ms] [TIMESTAMP] Idle Track @ webpack-internal:///(app-pages-browser)/./node_modules/next/dist/compiled/react-dom/cjs/react-dom-client.development.js:18295
[  191916ms] [TIMESTAMP] Render @ webpack-internal:///(app-pages-browser)/./node_modules/next/dist/compiled/react-dom/cjs/react-dom-client.development.js:19292
[  191928ms] [TIMESTAMP] Commit @ webpack-internal:///(app-pages-browser)/./node_modules/next/dist/compiled/react-dom/cjs/react-dom-client.development.js:4724
[  191930ms] [TIMESTAMP] Waiting for Paint @ webpack-internal:///(app-pages-browser)/./node_modules/next/dist/compiled/react-dom/cjs/react-dom-client.development.js:19929
[  191930ms] [TIMESTAMP] AttendanceDashboardPage @ webpack-internal:///(app-pages-browser)/./node_modules/next/dist/compiled/react-dom/cjs/react-dom-client.development.js:4426
[  191931ms] [TIMESTAMP] ScrollRestorer @ webpack-internal:///(app-pages-browser)/./node_modules/next/dist/compiled/react-dom/cjs/react-dom-client.development.js:4406
[  191931ms] [TIMESTAMP] Sidebar @ webpack-internal:///(app-pages-browser)/./node_modules/next/dist/compiled/react-dom/cjs/react-dom-client.development.js:4406
[  191932ms] [TIMESTAMP] RoleBadges @ webpack-internal:///(app-pages-browser)/./node_modules/next/dist/compiled/react-dom/cjs/react-dom-client.development.js:4406
[  191933ms] [TIMESTAMP] NavItem @ webpack-internal:///(app-pages-browser)/./node_modules/next/dist/compiled/react-dom/cjs/react-dom-client.development.js:4406
[  191933ms] [TIMESTAMP] NavItem @ webpack-internal:///(app-pages-browser)/./node_modules/next/dist/compiled/react-dom/cjs/react-dom-client.development.js:4406
[  191938ms] [TIMESTAMP] NavItem @ webpack-internal:///(app-pages-browser)/./node_modules/next/dist/compiled/react-dom/cjs/react-dom-client.development.js:4406
[  191938ms] [TIMESTAMP] NavItem @ webpack-internal:///(app-pages-browser)/./node_modules/next/dist/compiled/react-dom/cjs/react-dom-client.development.js:4406
[  191939ms] [TIMESTAMP] NavItem @ webpack-internal:///(app-pages-browser)/./node_modules/next/dist/compiled/react-dom/cjs/react-dom-client.development.js:4406
[  191939ms] [TIMESTAMP] NavItem @ webpack-internal:///(app-pages-browser)/./node_modules/next/dist/compiled/react-dom/cjs/react-dom-client.development.js:4406
[  191939ms] [TIMESTAMP] NavItem @ webpack-internal:///(app-pages-browser)/./node_modules/next/dist/compiled/react-dom/cjs/react-dom-client.development.js:4406
[  191941ms] [TIMESTAMP] NavItem @ webpack-internal:///(app-pages-browser)/./node_modules/next/dist/compiled/react-dom/cjs/react-dom-client.development.js:4406
[  191941ms] [TIMESTAMP] NavItem @ webpack-internal:///(app-pages-browser)/./node_modules/next/dist/compiled/react-dom/cjs/react-dom-client.development.js:4406
[  191941ms] [TIMESTAMP] NavItem @ webpack-internal:///(app-pages-browser)/./node_modules/next/dist/compiled/react-dom/cjs/react-dom-client.development.js:4406
[  191941ms] [TIMESTAMP] NavItem @ webpack-internal:///(app-pages-browser)/./node_modules/next/dist/compiled/react-dom/cjs/react-dom-client.development.js:4406
[  191941ms] [TIMESTAMP] NavItem @ webpack-internal:///(app-pages-browser)/./node_modules/next/dist/compiled/react-dom/cjs/react-dom-client.development.js:4406
[  191941ms] [TIMESTAMP] NavItem @ webpack-internal:///(app-pages-browser)/./node_modules/next/dist/compiled/react-dom/cjs/react-dom-client.development.js:4406
[  191941ms] [TIMESTAMP] NavItem @ webpack-internal:///(app-pages-browser)/./node_modules/next/dist/compiled/react-dom/cjs/react-dom-client.development.js:4406
[  191941ms] [TIMESTAMP] NavItem @ webpack-internal:///(app-pages-browser)/./node_modules/next/dist/compiled/react-dom/cjs/react-dom-client.development.js:4406
[  191941ms] [TIMESTAMP] NavItem @ webpack-internal:///(app-pages-browser)/./node_modules/next/dist/compiled/react-dom/cjs/react-dom-client.development.js:4406
[  191942ms] [TIMESTAMP] NavItem @ webpack-internal:///(app-pages-browser)/./node_modules/next/dist/compiled/react-dom/cjs/react-dom-client.development.js:4406
[  191944ms] [TIMESTAMP] NavItem @ webpack-internal:///(app-pages-browser)/./node_modules/next/dist/compiled/react-dom/cjs/react-dom-client.development.js:4406
[  191944ms] [TIMESTAMP] NavItem @ webpack-internal:///(app-pages-browser)/./node_modules/next/dist/compiled/react-dom/cjs/react-dom-client.development.js:4406
[  191944ms] [TIMESTAMP] NavItem @ webpack-internal:///(app-pages-browser)/./node_modules/next/dist/compiled/react-dom/cjs/react-dom-client.development.js:4406
[  191944ms] [TIMESTAMP] NavItem @ webpack-internal:///(app-pages-browser)/./node_modules/next/dist/compiled/react-dom/cjs/react-dom-client.development.js:4406
[  191944ms] [TIMESTAMP] NavItem @ webpack-internal:///(app-pages-browser)/./node_modules/next/dist/compiled/react-dom/cjs/react-dom-client.development.js:4406
[  191945ms] [TIMESTAMP] NavItem @ webpack-internal:///(app-pages-browser)/./node_modules/next/dist/compiled/react-dom/cjs/react-dom-client.development.js:4406
[  191945ms] [TIMESTAMP] NavItem @ webpack-internal:///(app-pages-browser)/./node_modules/next/dist/compiled/react-dom/cjs/react-dom-client.development.js:4406
[  191945ms] [TIMESTAMP] NavItem @ webpack-internal:///(app-pages-browser)/./node_modules/next/dist/compiled/react-dom/cjs/react-dom-client.development.js:4406
[  191947ms] [TIMESTAMP] DeliveryAlertListener @ webpack-internal:///(app-pages-browser)/./node_modules/next/dist/compiled/react-dom/cjs/react-dom-client.development.js:4406
[  191947ms] [TIMESTAMP] MissionSoundNotifier @ webpack-internal:///(app-pages-browser)/./node_modules/next/dist/compiled/react-dom/cjs/react-dom-client.development.js:4406
[  191947ms] [TIMESTAMP] SellerReminderNotifier @ webpack-internal:///(app-pages-browser)/./node_modules/next/dist/compiled/react-dom/cjs/react-dom-client.development.js:4406
[  191947ms] [TIMESTAMP] BirthdayBanner @ webpack-internal:///(app-pages-browser)/./node_modules/next/dist/compiled/react-dom/cjs/react-dom-client.development.js:4406
[  191947ms] [TIMESTAMP] CalendarDays @ webpack-internal:///(app-pages-browser)/./node_modules/next/dist/compiled/react-dom/cjs/react-dom-client.development.js:4406
[  191947ms] [TIMESTAMP] ForwardRef @ webpack-internal:///(app-pages-browser)/./node_modules/next/dist/compiled/react-dom/cjs/react-dom-client.development.js:4406
[  191947ms] [TIMESTAMP] JSXStyle @ webpack-internal:///(app-pages-browser)/./node_modules/next/dist/compiled/react-dom/cjs/react-dom-client.development.js:4406
[  191947ms] [TIMESTAMP] ConfirmDialog @ webpack-internal:///(app-pages-browser)/./node_modules/next/dist/compiled/react-dom/cjs/react-dom-client.development.js:4406
[  191947ms] [TIMESTAMP] Remaining Effects @ webpack-internal:///(app-pages-browser)/./node_modules/next/dist/compiled/react-dom/cjs/react-dom-client.development.js:19980
[  191967ms] [TIMESTAMP] Blocking Track @ webpack-internal:///(app-pages-browser)/./node_modules/next/dist/compiled/react-dom/cjs/react-dom-client.development.js:18271
[  191968ms] [TIMESTAMP] Transition Track @ webpack-internal:///(app-pages-browser)/./node_modules/next/dist/compiled/react-dom/cjs/react-dom-client.development.js:18279
[  191969ms] [TIMESTAMP] Suspense Track @ webpack-internal:///(app-pages-browser)/./node_modules/next/dist/compiled/react-dom/cjs/react-dom-client.development.js:18287
[  191976ms] [TIMESTAMP] Idle Track @ webpack-internal:///(app-pages-browser)/./node_modules/next/dist/compiled/react-dom/cjs/react-dom-client.development.js:18295
[  191976ms] [TIMESTAMP] Event: message @ webpack-internal:///(app-pages-browser)/./node_modules/next/dist/compiled/react-dom/cjs/react-dom-client.development.js:18414
[  191977ms] [TIMESTAMP] Render @ webpack-internal:///(app-pages-browser)/./node_modules/next/dist/compiled/react-dom/cjs/react-dom-client.development.js:19292
[  191977ms] [TIMESTAMP] Commit @ webpack-internal:///(app-pages-browser)/./node_modules/next/dist/compiled/react-dom/cjs/react-dom-client.development.js:4724
[  191977ms] [TIMESTAMP] Waiting for Paint @ webpack-internal:///(app-pages-browser)/./node_modules/next/dist/compiled/react-dom/cjs/react-dom-client.development.js:19929
[  191977ms] [TIMESTAMP] HTCallProvider @ webpack-internal:///(app-pages-browser)/./node_modules/next/dist/compiled/react-dom/cjs/react-dom-client.development.js:4426
[  191977ms] [TIMESTAMP] Blocking Track @ webpack-internal:///(app-pages-browser)/./node_modules/next/dist/compiled/react-dom/cjs/react-dom-client.development.js:18271
[  191977ms] [TIMESTAMP] Transition Track @ webpack-internal:///(app-pages-browser)/./node_modules/next/dist/compiled/react-dom/cjs/react-dom-client.development.js:18279
[  191977ms] [TIMESTAMP] Suspense Track @ webpack-internal:///(app-pages-browser)/./node_modules/next/dist/compiled/react-dom/cjs/react-dom-client.development.js:18287
[  191977ms] [TIMESTAMP] Idle Track @ webpack-internal:///(app-pages-browser)/./node_modules/next/dist/compiled/react-dom/cjs/react-dom-client.development.js:18295
[  192029ms] [TIMESTAMP] Render @ webpack-internal:///(app-pages-browser)/./node_modules/next/dist/compiled/react-dom/cjs/react-dom-client.development.js:19292
[  192035ms] [TIMESTAMP] Commit @ webpack-internal:///(app-pages-browser)/./node_modules/next/dist/compiled/react-dom/cjs/react-dom-client.development.js:4724
[  192039ms] [TIMESTAMP] Waiting for Paint @ webpack-internal:///(app-pages-browser)/./node_modules/next/dist/compiled/react-dom/cjs/react-dom-client.development.js:19929
[  192039ms] [TIMESTAMP] AttendanceDashboardPage @ webpack-internal:///(app-pages-browser)/./node_modules/next/dist/compiled/react-dom/cjs/react-dom-client.development.js:4426
[  192040ms] [TIMESTAMP] ScrollRestorer @ webpack-internal:///(app-pages-browser)/./node_modules/next/dist/compiled/react-dom/cjs/react-dom-client.development.js:4406
[  192041ms] [TIMESTAMP] Sidebar @ webpack-internal:///(app-pages-browser)/./node_modules/next/dist/compiled/react-dom/cjs/react-dom-client.development.js:4406
[  192044ms] [TIMESTAMP] NavItem @ webpack-internal:///(app-pages-browser)/./node_modules/next/dist/compiled/react-dom/cjs/react-dom-client.development.js:4406
[  192044ms] [TIMESTAMP] NavItem @ webpack-internal:///(app-pages-browser)/./node_modules/next/dist/compiled/react-dom/cjs/react-dom-client.development.js:4406
[  192044ms] [TIMESTAMP] NavItem @ webpack-internal:///(app-pages-browser)/./node_modules/next/dist/compiled/react-dom/cjs/react-dom-client.development.js:4406
[  192045ms] [TIMESTAMP] NavItem @ webpack-internal:///(app-pages-browser)/./node_modules/next/dist/compiled/react-dom/cjs/react-dom-client.development.js:4406
[  192046ms] [TIMESTAMP] NavItem @ webpack-internal:///(app-pages-browser)/./node_modules/next/dist/compiled/react-dom/cjs/react-dom-client.development.js:4406
[  192046ms] [TIMESTAMP] NavItem @ webpack-internal:///(app-pages-browser)/./node_modules/next/dist/compiled/react-dom/cjs/react-dom-client.development.js:4406
[  192047ms] [TIMESTAMP] NavItem @ webpack-internal:///(app-pages-browser)/./node_modules/next/dist/compiled/react-dom/cjs/react-dom-client.development.js:4406
[  192047ms] [TIMESTAMP] NavItem @ webpack-internal:///(app-pages-browser)/./node_modules/next/dist/compiled/react-dom/cjs/react-dom-client.development.js:4406
[  192048ms] [TIMESTAMP] NavItem @ webpack-internal:///(app-pages-browser)/./node_modules/next/dist/compiled/react-dom/cjs/react-dom-client.development.js:4406
[  192049ms] [TIMESTAMP] NavItem @ webpack-internal:///(app-pages-browser)/./node_modules/next/dist/compiled/react-dom/cjs/react-dom-client.development.js:4406
[  192049ms] [TIMESTAMP] NavItem @ webpack-internal:///(app-pages-browser)/./node_modules/next/dist/compiled/react-dom/cjs/react-dom-client.development.js:4406
[  192050ms] [TIMESTAMP] NavItem @ webpack-internal:///(app-pages-browser)/./node_modules/next/dist/compiled/react-dom/cjs/react-dom-client.development.js:4406
[  192051ms] [TIMESTAMP] NavItem @ webpack-internal:///(app-pages-browser)/./node_modules/next/dist/compiled/react-dom/cjs/react-dom-client.development.js:4406
[  192053ms] [TIMESTAMP] NavItem @ webpack-internal:///(app-pages-browser)/./node_modules/next/dist/compiled/react-dom/cjs/react-dom-client.development.js:4406
[  192054ms] [TIMESTAMP] NavItem @ webpack-internal:///(app-pages-browser)/./node_modules/next/dist/compiled/react-dom/cjs/react-dom-client.development.js:4406
[  192054ms] [TIMESTAMP] NavItem @ webpack-internal:///(app-pages-browser)/./node_modules/next/dist/compiled/react-dom/cjs/react-dom-client.development.js:4406
[  192055ms] [TIMESTAMP] NavItem @ webpack-internal:///(app-pages-browser)/./node_modules/next/dist/compiled/react-dom/cjs/react-dom-client.development.js:4406
[  192055ms] [TIMESTAMP] NavItem @ webpack-internal:///(app-pages-browser)/./node_modules/next/dist/compiled/react-dom/cjs/react-dom-client.development.js:4406
[  192055ms] [TIMESTAMP] NavItem @ webpack-internal:///(app-pages-browser)/./node_modules/next/dist/compiled/react-dom/cjs/react-dom-client.development.js:4406
[  192055ms] [TIMESTAMP] NavItem @ webpack-internal:///(app-pages-browser)/./node_modules/next/dist/compiled/react-dom/cjs/react-dom-client.development.js:4406
[  192055ms] [TIMESTAMP] NavItem @ webpack-internal:///(app-pages-browser)/./node_modules/next/dist/compiled/react-dom/cjs/react-dom-client.development.js:4406
[  192055ms] [TIMESTAMP] NavItem @ webpack-internal:///(app-pages-browser)/./node_modules/next/dist/compiled/react-dom/cjs/react-dom-client.development.js:4406
[  192056ms] [TIMESTAMP] NavItem @ webpack-internal:///(app-pages-browser)/./node_modules/next/dist/compiled/react-dom/cjs/react-dom-client.development.js:4406
[  192056ms] [TIMESTAMP] NavItem @ webpack-internal:///(app-pages-browser)/./node_modules/next/dist/compiled/react-dom/cjs/react-dom-client.development.js:4406
[  192058ms] [TIMESTAMP] NavItem @ webpack-internal:///(app-pages-browser)/./node_modules/next/dist/compiled/react-dom/cjs/react-dom-client.development.js:4406
[  192059ms] [TIMESTAMP] NavItem @ webpack-internal:///(app-pages-browser)/./node_modules/next/dist/compiled/react-dom/cjs/react-dom-client.development.js:4406
[  192059ms] [TIMESTAMP] NavItem @ webpack-internal:///(app-pages-browser)/./node_modules/next/dist/compiled/react-dom/cjs/react-dom-client.development.js:4406
[  192059ms] [TIMESTAMP] NavItem @ webpack-internal:///(app-pages-browser)/./node_modules/next/dist/compiled/react-dom/cjs/react-dom-client.development.js:4406
[  192059ms] [TIMESTAMP] NavItem @ webpack-internal:///(app-pages-browser)/./node_modules/next/dist/compiled/react-dom/cjs/react-dom-client.development.js:4406
[  192059ms] [TIMESTAMP] NavItem @ webpack-internal:///(app-pages-browser)/./node_modules/next/dist/compiled/react-dom/cjs/react-dom-client.development.js:4406
[  192059ms] [TIMESTAMP] NavItem @ webpack-internal:///(app-pages-browser)/./node_modules/next/dist/compiled/react-dom/cjs/react-dom-client.development.js:4406
[  192059ms] [TIMESTAMP] NavItem @ webpack-internal:///(app-pages-browser)/./node_modules/next/dist/compiled/react-dom/cjs/react-dom-client.development.js:4406
[  192059ms] [TIMESTAMP] NavItem @ webpack-internal:///(app-pages-browser)/./node_modules/next/dist/compiled/react-dom/cjs/react-dom-client.development.js:4406
[  192059ms] [TIMESTAMP] NavItem @ webpack-internal:///(app-pages-browser)/./node_modules/next/dist/compiled/react-dom/cjs/react-dom-client.development.js:4406
[  192059ms] [TIMESTAMP] NavItem @ webpack-internal:///(app-pages-browser)/./node_modules/next/dist/compiled/react-dom/cjs/react-dom-client.development.js:4406
[  192059ms] [TIMESTAMP] NavItem @ webpack-internal:///(app-pages-browser)/./node_modules/next/dist/compiled/react-dom/cjs/react-dom-client.development.js:4406
[  192059ms] [TIMESTAMP] NavItem @ webpack-internal:///(app-pages-browser)/./node_modules/next/dist/compiled/react-dom/cjs/react-dom-client.development.js:4406
[  192059ms] [TIMESTAMP] NavItem @ webpack-internal:///(app-pages-browser)/./node_modules/next/dist/compiled/react-dom/cjs/react-dom-client.development.js:4406
[  192059ms] [TIMESTAMP] NavItem @ webpack-internal:///(app-pages-browser)/./node_modules/next/dist/compiled/react-dom/cjs/react-dom-client.development.js:4406
[  192059ms] [TIMESTAMP] NavItem @ webpack-internal:///(app-pages-browser)/./node_modules/next/dist/compiled/react-dom/cjs/react-dom-client.development.js:4406
[  192059ms] [TIMESTAMP] DeliveryAlertListener @ webpack-internal:///(app-pages-browser)/./node_modules/next/dist/compiled/react-dom/cjs/react-dom-client.development.js:4406
[  192059ms] [TIMESTAMP] MissionSoundNotifier @ webpack-internal:///(app-pages-browser)/./node_modules/next/dist/compiled/react-dom/cjs/react-dom-client.development.js:4406
[  192059ms] [TIMESTAMP] SellerReminderNotifier @ webpack-internal:///(app-pages-browser)/./node_modules/next/dist/compiled/react-dom/cjs/react-dom-client.development.js:4406
[  192059ms] [TIMESTAMP] BirthdayBanner @ webpack-internal:///(app-pages-browser)/./node_modules/next/dist/compiled/react-dom/cjs/react-dom-client.development.js:4406
[  192059ms] [TIMESTAMP] JSXStyle @ webpack-internal:///(app-pages-browser)/./node_modules/next/dist/compiled/react-dom/cjs/react-dom-client.development.js:4406
[  192059ms] [TIMESTAMP] ConfirmDialog @ webpack-internal:///(app-pages-browser)/./node_modules/next/dist/compiled/react-dom/cjs/react-dom-client.development.js:4406
[  192065ms] [TIMESTAMP] Remaining Effects @ webpack-internal:///(app-pages-browser)/./node_modules/next/dist/compiled/react-dom/cjs/react-dom-client.development.js:19980
[  192145ms] [TIMESTAMP] Blocking Track @ webpack-internal:///(app-pages-browser)/./node_modules/next/dist/compiled/react-dom/cjs/react-dom-client.development.js:18271
[  192146ms] [TIMESTAMP] Transition Track @ webpack-internal:///(app-pages-browser)/./node_modules/next/dist/compiled/react-dom/cjs/react-dom-client.development.js:18279
[  192146ms] [TIMESTAMP] Suspense Track @ webpack-internal:///(app-pages-browser)/./node_modules/next/dist/compiled/react-dom/cjs/react-dom-client.development.js:18287
[  192146ms] [TIMESTAMP] Idle Track @ webpack-internal:///(app-pages-browser)/./node_modules/next/dist/compiled/react-dom/cjs/react-dom-client.development.js:18295
[  192175ms] [TIMESTAMP] Render @ webpack-internal:///(app-pages-browser)/./node_modules/next/dist/compiled/react-dom/cjs/react-dom-client.development.js:19292
[  192182ms] [TIMESTAMP] Commit @ webpack-internal:///(app-pages-browser)/./node_modules/next/dist/compiled/react-dom/cjs/react-dom-client.development.js:4724
[  192183ms] [TIMESTAMP] Waiting for Paint @ webpack-internal:///(app-pages-browser)/./node_modules/next/dist/compiled/react-dom/cjs/react-dom-client.development.js:19929
[  192184ms] [TIMESTAMP] AttendanceDashboardPage @ webpack-internal:///(app-pages-browser)/./node_modules/next/dist/compiled/react-dom/cjs/react-dom-client.development.js:4426
[  192187ms] [TIMESTAMP] ScrollRestorer @ webpack-internal:///(app-pages-browser)/./node_modules/next/dist/compiled/react-dom/cjs/react-dom-client.development.js:4406
[  192189ms] [TIMESTAMP] Sidebar @ webpack-internal:///(app-pages-browser)/./node_modules/next/dist/compiled/react-dom/cjs/react-dom-client.development.js:4406
[  192192ms] [TIMESTAMP] NavItem @ webpack-internal:///(app-pages-browser)/./node_modules/next/dist/compiled/react-dom/cjs/react-dom-client.development.js:4406
[  192192ms] [TIMESTAMP] NavItem @ webpack-internal:///(app-pages-browser)/./node_modules/next/dist/compiled/react-dom/cjs/react-dom-client.development.js:4406
[  192192ms] [TIMESTAMP] NavItem @ webpack-internal:///(app-pages-browser)/./node_modules/next/dist/compiled/react-dom/cjs/react-dom-client.development.js:4406
[  192193ms] [TIMESTAMP] NavItem @ webpack-internal:///(app-pages-browser)/./node_modules/next/dist/compiled/react-dom/cjs/react-dom-client.development.js:4406
[  192193ms] [TIMESTAMP] NavItem @ webpack-internal:///(app-pages-browser)/./node_modules/next/dist/compiled/react-dom/cjs/react-dom-client.development.js:4406
[  192193ms] [TIMESTAMP] NavItem @ webpack-internal:///(app-pages-browser)/./node_modules/next/dist/compiled/react-dom/cjs/react-dom-client.development.js:4406
[  192194ms] [TIMESTAMP] NavItem @ webpack-internal:///(app-pages-browser)/./node_modules/next/dist/compiled/react-dom/cjs/react-dom-client.development.js:4406
[  192195ms] [TIMESTAMP] NavItem @ webpack-internal:///(app-pages-browser)/./node_modules/next/dist/compiled/react-dom/cjs/react-dom-client.development.js:4406
[  192196ms] [TIMESTAMP] NavItem @ webpack-internal:///(app-pages-browser)/./node_modules/next/dist/compiled/react-dom/cjs/react-dom-client.development.js:4406
[  192198ms] [TIMESTAMP] NavItem @ webpack-internal:///(app-pages-browser)/./node_modules/next/dist/compiled/react-dom/cjs/react-dom-client.development.js:4406
[  192199ms] [TIMESTAMP] NavItem @ webpack-internal:///(app-pages-browser)/./node_modules/next/dist/compiled/react-dom/cjs/react-dom-client.development.js:4406
[  192200ms] [TIMESTAMP] NavItem @ webpack-internal:///(app-pages-browser)/./node_modules/next/dist/compiled/react-dom/cjs/react-dom-client.development.js:4406
[  192201ms] [TIMESTAMP] NavItem @ webpack-internal:///(app-pages-browser)/./node_modules/next/dist/compiled/react-dom/cjs/react-dom-client.development.js:4406
[  192201ms] [TIMESTAMP] NavItem @ webpack-internal:///(app-pages-browser)/./node_modules/next/dist/compiled/react-dom/cjs/react-dom-client.development.js:4406
[  192201ms] [TIMESTAMP] NavItem @ webpack-internal:///(app-pages-browser)/./node_modules/next/dist/compiled/react-dom/cjs/react-dom-client.development.js:4406
[  192205ms] [TIMESTAMP] NavItem @ webpack-internal:///(app-pages-browser)/./node_modules/next/dist/compiled/react-dom/cjs/react-dom-client.development.js:4406
[  192206ms] [TIMESTAMP] NavItem @ webpack-internal:///(app-pages-browser)/./node_modules/next/dist/compiled/react-dom/cjs/react-dom-client.development.js:4406
[  192209ms] [TIMESTAMP] NavItem @ webpack-internal:///(app-pages-browser)/./node_modules/next/dist/compiled/react-dom/cjs/react-dom-client.development.js:4406
[  192209ms] [TIMESTAMP] NavItem @ webpack-internal:///(app-pages-browser)/./node_modules/next/dist/compiled/react-dom/cjs/react-dom-client.development.js:4406
[  192209ms] [TIMESTAMP] NavItem @ webpack-internal:///(app-pages-browser)/./node_modules/next/dist/compiled/react-dom/cjs/react-dom-client.development.js:4406
[  192210ms] [TIMESTAMP] NavItem @ webpack-internal:///(app-pages-browser)/./node_modules/next/dist/compiled/react-dom/cjs/react-dom-client.development.js:4406
[  192211ms] [TIMESTAMP] NavItem @ webpack-internal:///(app-pages-browser)/./node_modules/next/dist/compiled/react-dom/cjs/react-dom-client.development.js:4406
[  192211ms] [TIMESTAMP] NavItem @ webpack-internal:///(app-pages-browser)/./node_modules/next/dist/compiled/react-dom/cjs/react-dom-client.development.js:4406
[  192212ms] [TIMESTAMP] NavItem @ webpack-internal:///(app-pages-browser)/./node_modules/next/dist/compiled/react-dom/cjs/react-dom-client.development.js:4406
[  192212ms] [TIMESTAMP] NavItem @ webpack-internal:///(app-pages-browser)/./node_modules/next/dist/compiled/react-dom/cjs/react-dom-client.development.js:4406
[  192213ms] [TIMESTAMP] NavItem @ webpack-internal:///(app-pages-browser)/./node_modules/next/dist/compiled/react-dom/cjs/react-dom-client.development.js:4406
[  192214ms] [TIMESTAMP] NavItem @ webpack-internal:///(app-pages-browser)/./node_modules/next/dist/compiled/react-dom/cjs/react-dom-client.development.js:4406
[  192214ms] [TIMESTAMP] NavItem @ webpack-internal:///(app-pages-browser)/./node_modules/next/dist/compiled/react-dom/cjs/react-dom-client.development.js:4406
[  192215ms] [TIMESTAMP] NavItem @ webpack-internal:///(app-pages-browser)/./node_modules/next/dist/compiled/react-dom/cjs/react-dom-client.development.js:4406
[  192215ms] [TIMESTAMP] NavItem @ webpack-internal:///(app-pages-browser)/./node_modules/next/dist/compiled/react-dom/cjs/react-dom-client.development.js:4406
[  192216ms] [TIMESTAMP] NavItem @ webpack-internal:///(app-pages-browser)/./node_modules/next/dist/compiled/react-dom/cjs/react-dom-client.development.js:4406
[  192217ms] [TIMESTAMP] DeliveryAlertListener @ webpack-internal:///(app-pages-browser)/./node_modules/next/dist/compiled/react-dom/cjs/react-dom-client.development.js:4406
[  192219ms] [TIMESTAMP] MissionSoundNotifier @ webpack-internal:///(app-pages-browser)/./node_modules/next/dist/compiled/react-dom/cjs/react-dom-client.development.js:4406
[  192220ms] [TIMESTAMP] SellerReminderNotifier @ webpack-internal:///(app-pages-browser)/./node_modules/next/dist/compiled/react-dom/cjs/react-dom-client.development.js:4406
[  192220ms] [TIMESTAMP] BirthdayBanner @ webpack-internal:///(app-pages-browser)/./node_modules/next/dist/compiled/react-dom/cjs/react-dom-client.development.js:4406
[  192221ms] [TIMESTAMP] JSXStyle @ webpack-internal:///(app-pages-browser)/./node_modules/next/dist/compiled/react-dom/cjs/react-dom-client.development.js:4406
[  192223ms] [TIMESTAMP] ConfirmDialog @ webpack-internal:///(app-pages-browser)/./node_modules/next/dist/compiled/react-dom/cjs/react-dom-client.development.js:4406
[  192224ms] [TIMESTAMP] Remaining Effects @ webpack-internal:///(app-pages-browser)/./node_modules/next/dist/compiled/react-dom/cjs/react-dom-client.development.js:19980
[  192300ms] [TIMESTAMP] Blocking Track @ webpack-internal:///(app-pages-browser)/./node_modules/next/dist/compiled/react-dom/cjs/react-dom-client.development.js:18271
[  192302ms] [TIMESTAMP] Transition Track @ webpack-internal:///(app-pages-browser)/./node_modules/next/dist/compiled/react-dom/cjs/react-dom-client.development.js:18279
[  192302ms] [TIMESTAMP] Suspense Track @ webpack-internal:///(app-pages-browser)/./node_modules/next/dist/compiled/react-dom/cjs/react-dom-client.development.js:18287
[  192303ms] [TIMESTAMP] Idle Track @ webpack-internal:///(app-pages-browser)/./node_modules/next/dist/compiled/react-dom/cjs/react-dom-client.development.js:18295
[  192361ms] [TIMESTAMP] Render @ webpack-internal:///(app-pages-browser)/./node_modules/next/dist/compiled/react-dom/cjs/react-dom-client.development.js:19292
[  192371ms] [TIMESTAMP] Commit @ webpack-internal:///(app-pages-browser)/./node_modules/next/dist/compiled/react-dom/cjs/react-dom-client.development.js:4724
[  192374ms] [TIMESTAMP] Waiting for Paint @ webpack-internal:///(app-pages-browser)/./node_modules/next/dist/compiled/react-dom/cjs/react-dom-client.development.js:19929
[  192375ms] [TIMESTAMP] AttendanceDashboardPage @ webpack-internal:///(app-pages-browser)/./node_modules/next/dist/compiled/react-dom/cjs/react-dom-client.development.js:4426
[  192375ms] [TIMESTAMP] ScrollRestorer @ webpack-internal:///(app-pages-browser)/./node_modules/next/dist/compiled/react-dom/cjs/react-dom-client.development.js:4406
[  192376ms] [TIMESTAMP] Sidebar @ webpack-internal:///(app-pages-browser)/./node_modules/next/dist/compiled/react-dom/cjs/react-dom-client.development.js:4406
[  192379ms] [TIMESTAMP] NavItem @ webpack-internal:///(app-pages-browser)/./node_modules/next/dist/compiled/react-dom/cjs/react-dom-client.development.js:4406
[  192379ms] [TIMESTAMP] NavItem @ webpack-internal:///(app-pages-browser)/./node_modules/next/dist/compiled/react-dom/cjs/react-dom-client.development.js:4406
[  192379ms] [TIMESTAMP] NavItem @ webpack-internal:///(app-pages-browser)/./node_modules/next/dist/compiled/react-dom/cjs/react-dom-client.development.js:4406
[  192380ms] [TIMESTAMP] NavItem @ webpack-internal:///(app-pages-browser)/./node_modules/next/dist/compiled/react-dom/cjs/react-dom-client.development.js:4406
[  192380ms] [TIMESTAMP] NavItem @ webpack-internal:///(app-pages-browser)/./node_modules/next/dist/compiled/react-dom/cjs/react-dom-client.development.js:4406
[  192381ms] [TIMESTAMP] NavItem @ webpack-internal:///(app-pages-browser)/./node_modules/next/dist/compiled/react-dom/cjs/react-dom-client.development.js:4406
[  192381ms] [TIMESTAMP] NavItem @ webpack-internal:///(app-pages-browser)/./node_modules/next/dist/compiled/react-dom/cjs/react-dom-client.development.js:4406
[  192381ms] [TIMESTAMP] NavItem @ webpack-internal:///(app-pages-browser)/./node_modules/next/dist/compiled/react-dom/cjs/react-dom-client.development.js:4406
[  192382ms] [TIMESTAMP] NavItem @ webpack-internal:///(app-pages-browser)/./node_modules/next/dist/compiled/react-dom/cjs/react-dom-client.development.js:4406
[  192382ms] [TIMESTAMP] NavItem @ webpack-internal:///(app-pages-browser)/./node_modules/next/dist/compiled/react-dom/cjs/react-dom-client.development.js:4406
[  192382ms] [TIMESTAMP] NavItem @ webpack-internal:///(app-pages-browser)/./node_modules/next/dist/compiled/react-dom/cjs/react-dom-client.development.js:4406
[  192384ms] [TIMESTAMP] NavItem @ webpack-internal:///(app-pages-browser)/./node_modules/next/dist/compiled/react-dom/cjs/react-dom-client.development.js:4406
[  192385ms] [TIMESTAMP] NavItem @ webpack-internal:///(app-pages-browser)/./node_modules/next/dist/compiled/react-dom/cjs/react-dom-client.development.js:4406
[  192388ms] [TIMESTAMP] NavItem @ webpack-internal:///(app-pages-browser)/./node_modules/next/dist/compiled/react-dom/cjs/react-dom-client.development.js:4406
[  192390ms] [TIMESTAMP] NavItem @ webpack-internal:///(app-pages-browser)/./node_modules/next/dist/compiled/react-dom/cjs/react-dom-client.development.js:4406
[  192391ms] [TIMESTAMP] NavItem @ webpack-internal:///(app-pages-browser)/./node_modules/next/dist/compiled/react-dom/cjs/react-dom-client.development.js:4406
[  192391ms] [TIMESTAMP] NavItem @ webpack-internal:///(app-pages-browser)/./node_modules/next/dist/compiled/react-dom/cjs/react-dom-client.development.js:4406
[  192391ms] [TIMESTAMP] NavItem @ webpack-internal:///(app-pages-browser)/./node_modules/next/dist/compiled/react-dom/cjs/react-dom-client.development.js:4406
[  192392ms] [TIMESTAMP] NavItem @ webpack-internal:///(app-pages-browser)/./node_modules/next/dist/compiled/react-dom/cjs/react-dom-client.development.js:4406
[  192392ms] [TIMESTAMP] NavItem @ webpack-internal:///(app-pages-browser)/./node_modules/next/dist/compiled/react-dom/cjs/react-dom-client.development.js:4406
[  192392ms] [TIMESTAMP] NavItem @ webpack-internal:///(app-pages-browser)/./node_modules/next/dist/compiled/react-dom/cjs/react-dom-client.development.js:4406
[  192393ms] [TIMESTAMP] NavItem @ webpack-internal:///(app-pages-browser)/./node_modules/next/dist/compiled/react-dom/cjs/react-dom-client.development.js:4406
[  192393ms] [TIMESTAMP] NavItem @ webpack-internal:///(app-pages-browser)/./node_modules/next/dist/compiled/react-dom/cjs/react-dom-client.development.js:4406
[  192394ms] [TIMESTAMP] NavItem @ webpack-internal:///(app-pages-browser)/./node_modules/next/dist/compiled/react-dom/cjs/react-dom-client.development.js:4406
[  192394ms] [TIMESTAMP] NavItem @ webpack-internal:///(app-pages-browser)/./node_modules/next/dist/compiled/react-dom/cjs/react-dom-client.development.js:4406
[  192394ms] [TIMESTAMP] NavItem @ webpack-internal:///(app-pages-browser)/./node_modules/next/dist/compiled/react-dom/cjs/react-dom-client.development.js:4406
[  192394ms] [TIMESTAMP] NavItem @ webpack-internal:///(app-pages-browser)/./node_modules/next/dist/compiled/react-dom/cjs/react-dom-client.development.js:4406
[  192394ms] [TIMESTAMP] DeliveryAlertListener @ webpack-internal:///(app-pages-browser)/./node_modules/next/dist/compiled/react-dom/cjs/react-dom-client.development.js:4406
[  192394ms] [TIMESTAMP] MissionSoundNotifier @ webpack-internal:///(app-pages-browser)/./node_modules/next/dist/compiled/react-dom/cjs/react-dom-client.development.js:4406
[  192394ms] [TIMESTAMP] SellerReminderNotifier @ webpack-internal:///(app-pages-browser)/./node_modules/next/dist/compiled/react-dom/cjs/react-dom-client.development.js:4406
[  192395ms] [TIMESTAMP] BirthdayBanner @ webpack-internal:///(app-pages-browser)/./node_modules/next/dist/compiled/react-dom/cjs/react-dom-client.development.js:4406
[  192395ms] [TIMESTAMP] CalendarDays @ webpack-internal:///(app-pages-browser)/./node_modules/next/dist/compiled/react-dom/cjs/react-dom-client.development.js:4406
[  192396ms] [TIMESTAMP] ForwardRef @ webpack-internal:///(app-pages-browser)/./node_modules/next/dist/compiled/react-dom/cjs/react-dom-client.development.js:4406
[  192396ms] [TIMESTAMP] JSXStyle @ webpack-internal:///(app-pages-browser)/./node_modules/next/dist/compiled/react-dom/cjs/react-dom-client.development.js:4406
[  192396ms] [TIMESTAMP] ConfirmDialog @ webpack-internal:///(app-pages-browser)/./node_modules/next/dist/compiled/react-dom/cjs/react-dom-client.development.js:4406
[  192397ms] [TIMESTAMP] Remaining Effects @ webpack-internal:///(app-pages-browser)/./node_modules/next/dist/compiled/react-dom/cjs/react-dom-client.development.js:19980
[  192408ms] [TIMESTAMP] Blocking Track @ webpack-internal:///(app-pages-browser)/./node_modules/next/dist/compiled/react-dom/cjs/react-dom-client.development.js:18271
[  192408ms] [TIMESTAMP] Transition Track @ webpack-internal:///(app-pages-browser)/./node_modules/next/dist/compiled/react-dom/cjs/react-dom-client.development.js:18279
[  192409ms] [TIMESTAMP] Suspense Track @ webpack-internal:///(app-pages-browser)/./node_modules/next/dist/compiled/react-dom/cjs/react-dom-client.development.js:18287
[  192409ms] [TIMESTAMP] Idle Track @ webpack-internal:///(app-pages-browser)/./node_modules/next/dist/compiled/react-dom/cjs/react-dom-client.development.js:18295
[  192436ms] [TIMESTAMP] Render @ webpack-internal:///(app-pages-browser)/./node_modules/next/dist/compiled/react-dom/cjs/react-dom-client.development.js:19292
[  192443ms] [TIMESTAMP] Commit @ webpack-internal:///(app-pages-browser)/./node_modules/next/dist/compiled/react-dom/cjs/react-dom-client.development.js:4724
[  192444ms] [TIMESTAMP] Waiting for Paint @ webpack-internal:///(app-pages-browser)/./node_modules/next/dist/compiled/react-dom/cjs/react-dom-client.development.js:19929
[  192444ms] [TIMESTAMP] AttendanceDashboardPage @ webpack-internal:///(app-pages-browser)/./node_modules/next/dist/compiled/react-dom/cjs/react-dom-client.development.js:4426
[  192445ms] [TIMESTAMP] ScrollRestorer @ webpack-internal:///(app-pages-browser)/./node_modules/next/dist/compiled/react-dom/cjs/react-dom-client.development.js:4406
[  192445ms] [TIMESTAMP] Sidebar @ webpack-internal:///(app-pages-browser)/./node_modules/next/dist/compiled/react-dom/cjs/react-dom-client.development.js:4406
[  192447ms] [TIMESTAMP] NavItem @ webpack-internal:///(app-pages-browser)/./node_modules/next/dist/compiled/react-dom/cjs/react-dom-client.development.js:4406
[  192448ms] [TIMESTAMP] NavItem @ webpack-internal:///(app-pages-browser)/./node_modules/next/dist/compiled/react-dom/cjs/react-dom-client.development.js:4406
[  192448ms] [TIMESTAMP] NavItem @ webpack-internal:///(app-pages-browser)/./node_modules/next/dist/compiled/react-dom/cjs/react-dom-client.development.js:4406
[  192448ms] [TIMESTAMP] NavItem @ webpack-internal:///(app-pages-browser)/./node_modules/next/dist/compiled/react-dom/cjs/react-dom-client.development.js:4406
[  192449ms] [TIMESTAMP] NavItem @ webpack-internal:///(app-pages-browser)/./node_modules/next/dist/compiled/react-dom/cjs/react-dom-client.development.js:4406
[  192449ms] [TIMESTAMP] NavItem @ webpack-internal:///(app-pages-browser)/./node_modules/next/dist/compiled/react-dom/cjs/react-dom-client.development.js:4406
[  192449ms] [TIMESTAMP] NavItem @ webpack-internal:///(app-pages-browser)/./node_modules/next/dist/compiled/react-dom/cjs/react-dom-client.development.js:4406
[  192450ms] [TIMESTAMP] NavItem @ webpack-internal:///(app-pages-browser)/./node_modules/next/dist/compiled/react-dom/cjs/react-dom-client.development.js:4406
[  192450ms] [TIMESTAMP] NavItem @ webpack-internal:///(app-pages-browser)/./node_modules/next/dist/compiled/react-dom/cjs/react-dom-client.development.js:4406
[  192450ms] [TIMESTAMP] NavItem @ webpack-internal:///(app-pages-browser)/./node_modules/next/dist/compiled/react-dom/cjs/react-dom-client.development.js:4406
[  192451ms] [TIMESTAMP] NavItem @ webpack-internal:///(app-pages-browser)/./node_modules/next/dist/compiled/react-dom/cjs/react-dom-client.development.js:4406
[  192452ms] [TIMESTAMP] NavItem @ webpack-internal:///(app-pages-browser)/./node_modules/next/dist/compiled/react-dom/cjs/react-dom-client.development.js:4406
[  192454ms] [TIMESTAMP] NavItem @ webpack-internal:///(app-pages-browser)/./node_modules/next/dist/compiled/react-dom/cjs/react-dom-client.development.js:4406
[  192454ms] [TIMESTAMP] NavItem @ webpack-internal:///(app-pages-browser)/./node_modules/next/dist/compiled/react-dom/cjs/react-dom-client.development.js:4406
[  192456ms] [TIMESTAMP] NavItem @ webpack-internal:///(app-pages-browser)/./node_modules/next/dist/compiled/react-dom/cjs/react-dom-client.development.js:4406
[  192456ms] [TIMESTAMP] NavItem @ webpack-internal:///(app-pages-browser)/./node_modules/next/dist/compiled/react-dom/cjs/react-dom-client.development.js:4406
[  192457ms] [TIMESTAMP] NavItem @ webpack-internal:///(app-pages-browser)/./node_modules/next/dist/compiled/react-dom/cjs/react-dom-client.development.js:4406
[  192457ms] [TIMESTAMP] NavItem @ webpack-internal:///(app-pages-browser)/./node_modules/next/dist/compiled/react-dom/cjs/react-dom-client.development.js:4406
[  192457ms] [TIMESTAMP] NavItem @ webpack-internal:///(app-pages-browser)/./node_modules/next/dist/compiled/react-dom/cjs/react-dom-client.development.js:4406
[  192457ms] [TIMESTAMP] NavItem @ webpack-internal:///(app-pages-browser)/./node_modules/next/dist/compiled/react-dom/cjs/react-dom-client.development.js:4406
[  192458ms] [TIMESTAMP] NavItem @ webpack-internal:///(app-pages-browser)/./node_modules/next/dist/compiled/react-dom/cjs/react-dom-client.development.js:4406
[  192458ms] [TIMESTAMP] NavItem @ webpack-internal:///(app-pages-browser)/./node_modules/next/dist/compiled/react-dom/cjs/react-dom-client.development.js:4406
[  192458ms] [TIMESTAMP] NavItem @ webpack-internal:///(app-pages-browser)/./node_modules/next/dist/compiled/react-dom/cjs/react-dom-client.development.js:4406
[  192458ms] [TIMESTAMP] NavItem @ webpack-internal:///(app-pages-browser)/./node_modules/next/dist/compiled/react-dom/cjs/react-dom-client.development.js:4406
[  192458ms] [TIMESTAMP] NavItem @ webpack-internal:///(app-pages-browser)/./node_modules/next/dist/compiled/react-dom/cjs/react-dom-client.development.js:4406
[  192458ms] [TIMESTAMP] DeliveryAlertListener @ webpack-internal:///(app-pages-browser)/./node_modules/next/dist/compiled/react-dom/cjs/react-dom-client.development.js:4406
[  192458ms] [TIMESTAMP] MissionSoundNotifier @ webpack-internal:///(app-pages-browser)/./node_modules/next/dist/compiled/react-dom/cjs/react-dom-client.development.js:4406
[  192458ms] [TIMESTAMP] SellerReminderNotifier @ webpack-internal:///(app-pages-browser)/./node_modules/next/dist/compiled/react-dom/cjs/react-dom-client.development.js:4406
[  192458ms] [TIMESTAMP] ConfirmDialog @ webpack-internal:///(app-pages-browser)/./node_modules/next/dist/compiled/react-dom/cjs/react-dom-client.development.js:4406
[  192459ms] [TIMESTAMP] Remaining Effects @ webpack-internal:///(app-pages-browser)/./node_modules/next/dist/compiled/react-dom/cjs/react-dom-client.development.js:19980
[  197927ms] [TIMESTAMP] Blocking Track @ webpack-internal:///(app-pages-browser)/./node_modules/next/dist/compiled/react-dom/cjs/react-dom-client.development.js:18271
[  197928ms] [TIMESTAMP] Transition Track @ webpack-internal:///(app-pages-browser)/./node_modules/next/dist/compiled/react-dom/cjs/react-dom-client.development.js:18279
[  197928ms] [TIMESTAMP] Suspense Track @ webpack-internal:///(app-pages-browser)/./node_modules/next/dist/compiled/react-dom/cjs/react-dom-client.development.js:18287
[  197929ms] [TIMESTAMP] Idle Track @ webpack-internal:///(app-pages-browser)/./node_modules/next/dist/compiled/react-dom/cjs/react-dom-client.development.js:18295
[  197929ms] [TIMESTAMP] Event: message @ webpack-internal:///(app-pages-browser)/./node_modules/next/dist/compiled/react-dom/cjs/react-dom-client.development.js:18414
[  197934ms] [TIMESTAMP] Render @ webpack-internal:///(app-pages-browser)/./node_modules/next/dist/compiled/react-dom/cjs/react-dom-client.development.js:19292
[  197937ms] [TIMESTAMP] Commit @ webpack-internal:///(app-pages-browser)/./node_modules/next/dist/compiled/react-dom/cjs/react-dom-client.development.js:4724
[  197938ms] [TIMESTAMP] Waiting for Paint @ webpack-internal:///(app-pages-browser)/./node_modules/next/dist/compiled/react-dom/cjs/react-dom-client.development.js:19929
[  197939ms] [TIMESTAMP] HTCallProvider @ webpack-internal:///(app-pages-browser)/./node_modules/next/dist/compiled/react-dom/cjs/react-dom-client.development.js:4426
[  197940ms] [TIMESTAMP] Remaining Effects @ webpack-internal:///(app-pages-browser)/./node_modules/next/dist/compiled/react-dom/cjs/react-dom-client.development.js:19980
[  203927ms] [TIMESTAMP] Blocking Track @ webpack-internal:///(app-pages-browser)/./node_modules/next/dist/compiled/react-dom/cjs/react-dom-client.development.js:18271
[  203928ms] [TIMESTAMP] Transition Track @ webpack-internal:///(app-pages-browser)/./node_modules/next/dist/compiled/react-dom/cjs/react-dom-client.development.js:18279
[  203928ms] [TIMESTAMP] Suspense Track @ webpack-internal:///(app-pages-browser)/./node_modules/next/dist/compiled/react-dom/cjs/react-dom-client.development.js:18287
[  203928ms] [TIMESTAMP] Idle Track @ webpack-internal:///(app-pages-browser)/./node_modules/next/dist/compiled/react-dom/cjs/react-dom-client.development.js:18295
[  203928ms] [TIMESTAMP] Event: message @ webpack-internal:///(app-pages-browser)/./node_modules/next/dist/compiled/react-dom/cjs/react-dom-client.development.js:18414
[  203936ms] [TIMESTAMP] Render @ webpack-internal:///(app-pages-browser)/./node_modules/next/dist/compiled/react-dom/cjs/react-dom-client.development.js:19292
[  203940ms] [TIMESTAMP] Commit @ webpack-internal:///(app-pages-browser)/./node_modules/next/dist/compiled/react-dom/cjs/react-dom-client.development.js:4724
[  203944ms] [TIMESTAMP] Waiting for Paint @ webpack-internal:///(app-pages-browser)/./node_modules/next/dist/compiled/react-dom/cjs/react-dom-client.development.js:19929
[  203945ms] [TIMESTAMP] HTCallProvider @ webpack-internal:///(app-pages-browser)/./node_modules/next/dist/compiled/react-dom/cjs/react-dom-client.development.js:4426
[  203945ms] [TIMESTAMP] Remaining Effects @ webpack-internal:///(app-pages-browser)/./node_modules/next/dist/compiled/react-dom/cjs/react-dom-client.development.js:19980
[  209945ms] [TIMESTAMP] Blocking Track @ webpack-internal:///(app-pages-browser)/./node_modules/next/dist/compiled/react-dom/cjs/react-dom-client.development.js:18271
[  209945ms] [TIMESTAMP] Transition Track @ webpack-internal:///(app-pages-browser)/./node_modules/next/dist/compiled/react-dom/cjs/react-dom-client.development.js:18279
[  209948ms] [TIMESTAMP] Suspense Track @ webpack-internal:///(app-pages-browser)/./node_modules/next/dist/compiled/react-dom/cjs/react-dom-client.development.js:18287
[  209949ms] [TIMESTAMP] Idle Track @ webpack-internal:///(app-pages-browser)/./node_modules/next/dist/compiled/react-dom/cjs/react-dom-client.development.js:18295
[  209950ms] [TIMESTAMP] Event: message @ webpack-internal:///(app-pages-browser)/./node_modules/next/dist/compiled/react-dom/cjs/react-dom-client.development.js:18414
[  209957ms] [TIMESTAMP] Render @ webpack-internal:///(app-pages-browser)/./node_modules/next/dist/compiled/react-dom/cjs/react-dom-client.development.js:19292
[  209959ms] [TIMESTAMP] Commit @ webpack-internal:///(app-pages-browser)/./node_modules/next/dist/compiled/react-dom/cjs/react-dom-client.development.js:4724
[  209962ms] [TIMESTAMP] Waiting for Paint @ webpack-internal:///(app-pages-browser)/./node_modules/next/dist/compiled/react-dom/cjs/react-dom-client.development.js:19929
[  209963ms] [TIMESTAMP] HTCallProvider @ webpack-internal:///(app-pages-browser)/./node_modules/next/dist/compiled/react-dom/cjs/react-dom-client.development.js:4426
[  209964ms] [TIMESTAMP] Remaining Effects @ webpack-internal:///(app-pages-browser)/./node_modules/next/dist/compiled/react-dom/cjs/react-dom-client.development.js:19980
[  236874ms] [TIMESTAMP] Blocking Track @ webpack-internal:///(app-pages-browser)/./node_modules/next/dist/compiled/react-dom/cjs/react-dom-client.development.js:18271
[  236875ms] [TIMESTAMP] Transition Track @ webpack-internal:///(app-pages-browser)/./node_modules/next/dist/compiled/react-dom/cjs/react-dom-client.development.js:18279
[  236875ms] [TIMESTAMP] Suspense Track @ webpack-internal:///(app-pages-browser)/./node_modules/next/dist/compiled/react-dom/cjs/react-dom-client.development.js:18287
[  236876ms] [TIMESTAMP] Idle Track @ webpack-internal:///(app-pages-browser)/./node_modules/next/dist/compiled/react-dom/cjs/react-dom-client.development.js:18295
[  236878ms] [TIMESTAMP] Event: resize @ webpack-internal:///(app-pages-browser)/./node_modules/next/dist/compiled/react-dom/cjs/react-dom-client.development.js:18414
[  236892ms] [TIMESTAMP] Render @ webpack-internal:///(app-pages-browser)/./node_modules/next/dist/compiled/react-dom/cjs/react-dom-client.development.js:19292
[  236892ms] [TIMESTAMP] Commit @ webpack-internal:///(app-pages-browser)/./node_modules/next/dist/compiled/react-dom/cjs/react-dom-client.development.js:4724
[  236892ms] [TIMESTAMP] Waiting for Paint @ webpack-internal:///(app-pages-browser)/./node_modules/next/dist/compiled/react-dom/cjs/react-dom-client.development.js:19929
[  236892ms] [TIMESTAMP] SellerReminderNotifier @ webpack-internal:///(app-pages-browser)/./node_modules/next/dist/compiled/react-dom/cjs/react-dom-client.development.js:4426
[  236893ms] [TIMESTAMP] ChatBarBackground @ webpack-internal:///(app-pages-browser)/./node_modules/next/dist/compiled/react-dom/cjs/react-dom-client.development.js:4426
[  236893ms] [TIMESTAMP] Remaining Effects @ webpack-internal:///(app-pages-browser)/./node_modules/next/dist/compiled/react-dom/cjs/react-dom-client.development.js:19980
[  237438ms] [TIMESTAMP] Blocking Track @ webpack-internal:///(app-pages-browser)/./node_modules/next/dist/compiled/react-dom/cjs/react-dom-client.development.js:18271
[  237439ms] [TIMESTAMP] Transition Track @ webpack-internal:///(app-pages-browser)/./node_modules/next/dist/compiled/react-dom/cjs/react-dom-client.development.js:18279
[  237440ms] [TIMESTAMP] Suspense Track @ webpack-internal:///(app-pages-browser)/./node_modules/next/dist/compiled/react-dom/cjs/react-dom-client.development.js:18287
[  237441ms] [TIMESTAMP] Idle Track @ webpack-internal:///(app-pages-browser)/./node_modules/next/dist/compiled/react-dom/cjs/react-dom-client.development.js:18295
[  237441ms] [TIMESTAMP] Event: resize @ webpack-internal:///(app-pages-browser)/./node_modules/next/dist/compiled/react-dom/cjs/react-dom-client.development.js:18414
[  237447ms] [TIMESTAMP] Render @ webpack-internal:///(app-pages-browser)/./node_modules/next/dist/compiled/react-dom/cjs/react-dom-client.development.js:19292
[  237451ms] [TIMESTAMP] Commit @ webpack-internal:///(app-pages-browser)/./node_modules/next/dist/compiled/react-dom/cjs/react-dom-client.development.js:4724
[  237454ms] [TIMESTAMP] Waiting for Paint @ webpack-internal:///(app-pages-browser)/./node_modules/next/dist/compiled/react-dom/cjs/react-dom-client.development.js:19929
[  237455ms] [TIMESTAMP] SellerReminderNotifier @ webpack-internal:///(app-pages-browser)/./node_modules/next/dist/compiled/react-dom/cjs/react-dom-client.development.js:4426
[  237456ms] [TIMESTAMP] SellerReminderNotifier @ webpack-internal:///(app-pages-browser)/./node_modules/next/dist/compiled/react-dom/cjs/react-dom-client.development.js:4554
[  237457ms] [TIMESTAMP] ChatBarBackground @ webpack-internal:///(app-pages-browser)/./node_modules/next/dist/compiled/react-dom/cjs/react-dom-client.development.js:4426
[  237460ms] [TIMESTAMP] Remaining Effects @ webpack-internal:///(app-pages-browser)/./node_modules/next/dist/compiled/react-dom/cjs/react-dom-client.development.js:19980
[  260731ms] [TIMESTAMP] Blocking Track @ webpack-internal:///(app-pages-browser)/./node_modules/next/dist/compiled/react-dom/cjs/react-dom-client.development.js:18271
[  260732ms] [TIMESTAMP] Transition Track @ webpack-internal:///(app-pages-browser)/./node_modules/next/dist/compiled/react-dom/cjs/react-dom-client.development.js:18279
[  260732ms] [TIMESTAMP] Suspense Track @ webpack-internal:///(app-pages-browser)/./node_modules/next/dist/compiled/react-dom/cjs/react-dom-client.development.js:18287
[  260733ms] [TIMESTAMP] Idle Track @ webpack-internal:///(app-pages-browser)/./node_modules/next/dist/compiled/react-dom/cjs/react-dom-client.development.js:18295
[  260733ms] [TIMESTAMP] Event: message @ webpack-internal:///(app-pages-browser)/./node_modules/next/dist/compiled/react-dom/cjs/react-dom-client.development.js:18414
[  260742ms] [TIMESTAMP] Render @ webpack-internal:///(app-pages-browser)/./node_modules/next/dist/compiled/react-dom/cjs/react-dom-client.development.js:19292
[  260744ms] [TIMESTAMP] Commit @ webpack-internal:///(app-pages-browser)/./node_modules/next/dist/compiled/react-dom/cjs/react-dom-client.development.js:4724
[  260753ms] [TIMESTAMP] Waiting for Paint @ webpack-internal:///(app-pages-browser)/./node_modules/next/dist/compiled/react-dom/cjs/react-dom-client.development.js:19929
[  260754ms] [TIMESTAMP] HTCallProvider @ webpack-internal:///(app-pages-browser)/./node_modules/next/dist/compiled/react-dom/cjs/react-dom-client.development.js:4426
[  260756ms] [TIMESTAMP] Remaining Effects @ webpack-internal:///(app-pages-browser)/./node_modules/next/dist/compiled/react-dom/cjs/react-dom-client.development.js:19980
[  267785ms] [TIMESTAMP] Blocking Track @ webpack-internal:///(app-pages-browser)/./node_modules/next/dist/compiled/react-dom/cjs/react-dom-client.development.js:18271
[  267787ms] [TIMESTAMP] Transition Track @ webpack-internal:///(app-pages-browser)/./node_modules/next/dist/compiled/react-dom/cjs/react-dom-client.development.js:18279
[  267787ms] [TIMESTAMP] Suspense Track @ webpack-internal:///(app-pages-browser)/./node_modules/next/dist/compiled/react-dom/cjs/react-dom-client.development.js:18287
[  267788ms] [TIMESTAMP] Idle Track @ webpack-internal:///(app-pages-browser)/./node_modules/next/dist/compiled/react-dom/cjs/react-dom-client.development.js:18295
[  267791ms] [TIMESTAMP] Render @ webpack-internal:///(app-pages-browser)/./node_modules/next/dist/compiled/react-dom/cjs/react-dom-client.development.js:19292
[  267795ms] [TIMESTAMP] Commit @ webpack-internal:///(app-pages-browser)/./node_modules/next/dist/compiled/react-dom/cjs/react-dom-client.development.js:4724
[  267800ms] [TIMESTAMP] Waiting for Paint @ webpack-internal:///(app-pages-browser)/./node_modules/next/dist/compiled/react-dom/cjs/react-dom-client.development.js:19929
[  267801ms] [TIMESTAMP] HTCallProvider @ webpack-internal:///(app-pages-browser)/./node_modules/next/dist/compiled/react-dom/cjs/react-dom-client.development.js:4426
[  267802ms] [TIMESTAMP] Remaining Effects @ webpack-internal:///(app-pages-browser)/./node_modules/next/dist/compiled/react-dom/cjs/react-dom-client.development.js:19980
[  268446ms] [TIMESTAMP] Blocking Track @ webpack-internal:///(app-pages-browser)/./node_modules/next/dist/compiled/react-dom/cjs/react-dom-client.development.js:18271
[  268448ms] [TIMESTAMP] Transition Track @ webpack-internal:///(app-pages-browser)/./node_modules/next/dist/compiled/react-dom/cjs/react-dom-client.development.js:18279
[  268448ms] [TIMESTAMP] Suspense Track @ webpack-internal:///(app-pages-browser)/./node_modules/next/dist/compiled/react-dom/cjs/react-dom-client.development.js:18287
[  268449ms] [TIMESTAMP] Idle Track @ webpack-internal:///(app-pages-browser)/./node_modules/next/dist/compiled/react-dom/cjs/react-dom-client.development.js:18295
[  268450ms] [TIMESTAMP] Event: message @ webpack-internal:///(app-pages-browser)/./node_modules/next/dist/compiled/react-dom/cjs/react-dom-client.development.js:18414
[  268454ms] [TIMESTAMP] Render @ webpack-internal:///(app-pages-browser)/./node_modules/next/dist/compiled/react-dom/cjs/react-dom-client.development.js:19292
[  268456ms] [TIMESTAMP] Commit @ webpack-internal:///(app-pages-browser)/./node_modules/next/dist/compiled/react-dom/cjs/react-dom-client.development.js:4724
[  268461ms] [TIMESTAMP] Waiting for Paint @ webpack-internal:///(app-pages-browser)/./node_modules/next/dist/compiled/react-dom/cjs/react-dom-client.development.js:19929
[  268462ms] [TIMESTAMP] HTCallProvider @ webpack-internal:///(app-pages-browser)/./node_modules/next/dist/compiled/react-dom/cjs/react-dom-client.development.js:4426
[  268463ms] [TIMESTAMP] Remaining Effects @ webpack-internal:///(app-pages-browser)/./node_modules/next/dist/compiled/react-dom/cjs/react-dom-client.development.js:19980
[  269623ms] [TIMESTAMP] Blocking Track @ webpack-internal:///(app-pages-browser)/./node_modules/next/dist/compiled/react-dom/cjs/react-dom-client.development.js:18271
[  269624ms] [TIMESTAMP] Transition Track @ webpack-internal:///(app-pages-browser)/./node_modules/next/dist/compiled/react-dom/cjs/react-dom-client.development.js:18279
[  269629ms] [TIMESTAMP] Suspense Track @ webpack-internal:///(app-pages-browser)/./node_modules/next/dist/compiled/react-dom/cjs/react-dom-client.development.js:18287
[  269629ms] [TIMESTAMP] Idle Track @ webpack-internal:///(app-pages-browser)/./node_modules/next/dist/compiled/react-dom/cjs/react-dom-client.development.js:18295
[  269633ms] [TIMESTAMP] Render @ webpack-internal:///(app-pages-browser)/./node_modules/next/dist/compiled/react-dom/cjs/react-dom-client.development.js:19292
[  269635ms] [TIMESTAMP] Commit @ webpack-internal:///(app-pages-browser)/./node_modules/next/dist/compiled/react-dom/cjs/react-dom-client.development.js:4724
[  269641ms] [TIMESTAMP] Waiting for Paint @ webpack-internal:///(app-pages-browser)/./node_modules/next/dist/compiled/react-dom/cjs/react-dom-client.development.js:19929
[  269642ms] [TIMESTAMP] HTCallProvider @ webpack-internal:///(app-pages-browser)/./node_modules/next/dist/compiled/react-dom/cjs/react-dom-client.development.js:4426
[  269642ms] [TIMESTAMP] Remaining Effects @ webpack-internal:///(app-pages-browser)/./node_modules/next/dist/compiled/react-dom/cjs/react-dom-client.development.js:19980
[  304643ms] [TIMESTAMP] Blocking Track @ webpack-internal:///(app-pages-browser)/./node_modules/next/dist/compiled/react-dom/cjs/react-dom-client.development.js:18271
[  304644ms] [TIMESTAMP] Transition Track @ webpack-internal:///(app-pages-browser)/./node_modules/next/dist/compiled/react-dom/cjs/react-dom-client.development.js:18279
[  304645ms] [TIMESTAMP] Suspense Track @ webpack-internal:///(app-pages-browser)/./node_modules/next/dist/compiled/react-dom/cjs/react-dom-client.development.js:18287
[  304645ms] [TIMESTAMP] Idle Track @ webpack-internal:///(app-pages-browser)/./node_modules/next/dist/compiled/react-dom/cjs/react-dom-client.development.js:18295
[  304645ms] [TIMESTAMP] Event: message @ webpack-internal:///(app-pages-browser)/./node_modules/next/dist/compiled/react-dom/cjs/react-dom-client.development.js:18414
[  304649ms] [TIMESTAMP] Render @ webpack-internal:///(app-pages-browser)/./node_modules/next/dist/compiled/react-dom/cjs/react-dom-client.development.js:19292
[  304652ms] [TIMESTAMP] Commit @ webpack-internal:///(app-pages-browser)/./node_modules/next/dist/compiled/react-dom/cjs/react-dom-client.development.js:4724
[  304657ms] [TIMESTAMP] Waiting for Paint @ webpack-internal:///(app-pages-browser)/./node_modules/next/dist/compiled/react-dom/cjs/react-dom-client.development.js:19929
[  304658ms] [TIMESTAMP] HTCallProvider @ webpack-internal:///(app-pages-browser)/./node_modules/next/dist/compiled/react-dom/cjs/react-dom-client.development.js:4426
[  304659ms] [TIMESTAMP] Remaining Effects @ webpack-internal:///(app-pages-browser)/./node_modules/next/dist/compiled/react-dom/cjs/react-dom-client.development.js:19980
[  305476ms] [TIMESTAMP] Blocking Track @ webpack-internal:///(app-pages-browser)/./node_modules/next/dist/compiled/react-dom/cjs/react-dom-client.development.js:18271
[  305477ms] [TIMESTAMP] Transition Track @ webpack-internal:///(app-pages-browser)/./node_modules/next/dist/compiled/react-dom/cjs/react-dom-client.development.js:18279
[  305477ms] [TIMESTAMP] Suspense Track @ webpack-internal:///(app-pages-browser)/./node_modules/next/dist/compiled/react-dom/cjs/react-dom-client.development.js:18287
[  305478ms] [TIMESTAMP] Idle Track @ webpack-internal:///(app-pages-browser)/./node_modules/next/dist/compiled/react-dom/cjs/react-dom-client.development.js:18295
[  305478ms] [TIMESTAMP] Event: message @ webpack-internal:///(app-pages-browser)/./node_modules/next/dist/compiled/react-dom/cjs/react-dom-client.development.js:18414
[  305482ms] [TIMESTAMP] Render @ webpack-internal:///(app-pages-browser)/./node_modules/next/dist/compiled/react-dom/cjs/react-dom-client.development.js:19292
[  305484ms] [TIMESTAMP] Commit @ webpack-internal:///(app-pages-browser)/./node_modules/next/dist/compiled/react-dom/cjs/react-dom-client.development.js:4724
[  305490ms] [TIMESTAMP] Waiting for Paint @ webpack-internal:///(app-pages-browser)/./node_modules/next/dist/compiled/react-dom/cjs/react-dom-client.development.js:19929
[  305491ms] [TIMESTAMP] HTCallProvider @ webpack-internal:///(app-pages-browser)/./node_modules/next/dist/compiled/react-dom/cjs/react-dom-client.development.js:4426
[  305492ms] [TIMESTAMP] Remaining Effects @ webpack-internal:///(app-pages-browser)/./node_modules/next/dist/compiled/react-dom/cjs/react-dom-client.development.js:19980
[  315951ms] [TIMESTAMP] Blocking Track @ webpack-internal:///(app-pages-browser)/./node_modules/next/dist/compiled/react-dom/cjs/react-dom-client.development.js:18271
[  315952ms] [TIMESTAMP] Transition Track @ webpack-internal:///(app-pages-browser)/./node_modules/next/dist/compiled/react-dom/cjs/react-dom-client.development.js:18279
[  315953ms] [TIMESTAMP] Suspense Track @ webpack-internal:///(app-pages-browser)/./node_modules/next/dist/compiled/react-dom/cjs/react-dom-client.development.js:18287
[  315953ms] [TIMESTAMP] Idle Track @ webpack-internal:///(app-pages-browser)/./node_modules/next/dist/compiled/react-dom/cjs/react-dom-client.development.js:18295
[  315953ms] [TIMESTAMP] Event: message @ webpack-internal:///(app-pages-browser)/./node_modules/next/dist/compiled/react-dom/cjs/react-dom-client.development.js:18414
[  315957ms] [TIMESTAMP] Render @ webpack-internal:///(app-pages-browser)/./node_modules/next/dist/compiled/react-dom/cjs/react-dom-client.development.js:19292
[  315959ms] [TIMESTAMP] Commit @ webpack-internal:///(app-pages-browser)/./node_modules/next/dist/compiled/react-dom/cjs/react-dom-client.development.js:4724
[  315976ms] [TIMESTAMP] Waiting for Paint @ webpack-internal:///(app-pages-browser)/./node_modules/next/dist/compiled/react-dom/cjs/react-dom-client.development.js:19929
[  315977ms] [TIMESTAMP] HTCallProvider @ webpack-internal:///(app-pages-browser)/./node_modules/next/dist/compiled/react-dom/cjs/react-dom-client.development.js:4426
[  315977ms] [TIMESTAMP] Remaining Effects @ webpack-internal:///(app-pages-browser)/./node_modules/next/dist/compiled/react-dom/cjs/react-dom-client.development.js:19980
[  323970ms] [TIMESTAMP] Blocking Track @ webpack-internal:///(app-pages-browser)/./node_modules/next/dist/compiled/react-dom/cjs/react-dom-client.development.js:18271
[  323971ms] [TIMESTAMP] Transition Track @ webpack-internal:///(app-pages-browser)/./node_modules/next/dist/compiled/react-dom/cjs/react-dom-client.development.js:18279
[  323971ms] [TIMESTAMP] Suspense Track @ webpack-internal:///(app-pages-browser)/./node_modules/next/dist/compiled/react-dom/cjs/react-dom-client.development.js:18287
[  323972ms] [TIMESTAMP] Idle Track @ webpack-internal:///(app-pages-browser)/./node_modules/next/dist/compiled/react-dom/cjs/react-dom-client.development.js:18295
[  323973ms] [TIMESTAMP] Event: message @ webpack-internal:///(app-pages-browser)/./node_modules/next/dist/compiled/react-dom/cjs/react-dom-client.development.js:18414
[  323978ms] [TIMESTAMP] Render @ webpack-internal:///(app-pages-browser)/./node_modules/next/dist/compiled/react-dom/cjs/react-dom-client.development.js:19292
[  323980ms] [TIMESTAMP] Commit @ webpack-internal:///(app-pages-browser)/./node_modules/next/dist/compiled/react-dom/cjs/react-dom-client.development.js:4724
[  323987ms] [TIMESTAMP] Waiting for Paint @ webpack-internal:///(app-pages-browser)/./node_modules/next/dist/compiled/react-dom/cjs/react-dom-client.development.js:19929
[  323988ms] [TIMESTAMP] HTCallProvider @ webpack-internal:///(app-pages-browser)/./node_modules/next/dist/compiled/react-dom/cjs/react-dom-client.development.js:4426
[  326973ms] [TIMESTAMP] Blocking Track @ webpack-internal:///(app-pages-browser)/./node_modules/next/dist/compiled/react-dom/cjs/react-dom-client.development.js:18271
[  326974ms] [TIMESTAMP] Transition Track @ webpack-internal:///(app-pages-browser)/./node_modules/next/dist/compiled/react-dom/cjs/react-dom-client.development.js:18279
[  326987ms] [TIMESTAMP] Suspense Track @ webpack-internal:///(app-pages-browser)/./node_modules/next/dist/compiled/react-dom/cjs/react-dom-client.development.js:18287
[  326988ms] [TIMESTAMP] Idle Track @ webpack-internal:///(app-pages-browser)/./node_modules/next/dist/compiled/react-dom/cjs/react-dom-client.development.js:18295
[  326989ms] [TIMESTAMP] Event: message @ webpack-internal:///(app-pages-browser)/./node_modules/next/dist/compiled/react-dom/cjs/react-dom-client.development.js:18414
[  326998ms] [TIMESTAMP] Render @ webpack-internal:///(app-pages-browser)/./node_modules/next/dist/compiled/react-dom/cjs/react-dom-client.development.js:19292
[  344977ms] [TIMESTAMP] Blocking Track @ webpack-internal:///(app-pages-browser)/./node_modules/next/dist/compiled/react-dom/cjs/react-dom-client.development.js:18271
[  344978ms] [TIMESTAMP] Transition Track @ webpack-internal:///(app-pages-browser)/./node_modules/next/dist/compiled/react-dom/cjs/react-dom-client.development.js:18279
[  344979ms] [TIMESTAMP] Suspense Track @ webpack-internal:///(app-pages-browser)/./node_modules/next/dist/compiled/react-dom/cjs/react-dom-client.development.js:18287
[  344979ms] [TIMESTAMP] Idle Track @ webpack-internal:///(app-pages-browser)/./node_modules/next/dist/compiled/react-dom/cjs/react-dom-client.development.js:18295
[  344985ms] [TIMESTAMP] Render @ webpack-internal:///(app-pages-browser)/./node_modules/next/dist/compiled/react-dom/cjs/react-dom-client.development.js:19292
[  344989ms] [TIMESTAMP] Commit @ webpack-internal:///(app-pages-browser)/./node_modules/next/dist/compiled/react-dom/cjs/react-dom-client.development.js:4724
[  344991ms] [TIMESTAMP] Waiting for Paint @ webpack-internal:///(app-pages-browser)/./node_modules/next/dist/compiled/react-dom/cjs/react-dom-client.development.js:19929
[  344991ms] [TIMESTAMP] HTCallProvider @ webpack-internal:///(app-pages-browser)/./node_modules/next/dist/compiled/react-dom/cjs/react-dom-client.development.js:4426
[  344992ms] [TIMESTAMP] Remaining Effects @ webpack-internal:///(app-pages-browser)/./node_modules/next/dist/compiled/react-dom/cjs/react-dom-client.development.js:19980
[  347988ms] [TIMESTAMP] Blocking Track @ webpack-internal:///(app-pages-browser)/./node_modules/next/dist/compiled/react-dom/cjs/react-dom-client.development.js:18271
[  347988ms] [TIMESTAMP] Transition Track @ webpack-internal:///(app-pages-browser)/./node_modules/next/dist/compiled/react-dom/cjs/react-dom-client.development.js:18279
[  347988ms] [TIMESTAMP] Suspense Track @ webpack-internal:///(app-pages-browser)/./node_modules/next/dist/compiled/react-dom/cjs/react-dom-client.development.js:18287
[  347989ms] [TIMESTAMP] Idle Track @ webpack-internal:///(app-pages-browser)/./node_modules/next/dist/compiled/react-dom/cjs/react-dom-client.development.js:18295
[  347990ms] [TIMESTAMP] Render @ webpack-internal:///(app-pages-browser)/./node_modules/next/dist/compiled/react-dom/cjs/react-dom-client.development.js:19292
[  347992ms] [TIMESTAMP] Commit @ webpack-internal:///(app-pages-browser)/./node_modules/next/dist/compiled/react-dom/cjs/react-dom-client.development.js:4724
[  350979ms] [TIMESTAMP] Blocking Track @ webpack-internal:///(app-pages-browser)/./node_modules/next/dist/compiled/react-dom/cjs/react-dom-client.development.js:18271
[  350980ms] [TIMESTAMP] Transition Track @ webpack-internal:///(app-pages-browser)/./node_modules/next/dist/compiled/react-dom/cjs/react-dom-client.development.js:18279
[  350981ms] [TIMESTAMP] Suspense Track @ webpack-internal:///(app-pages-browser)/./node_modules/next/dist/compiled/react-dom/cjs/react-dom-client.development.js:18287
[  350981ms] [TIMESTAMP] Idle Track @ webpack-internal:///(app-pages-browser)/./node_modules/next/dist/compiled/react-dom/cjs/react-dom-client.development.js:18295
[  350982ms] [TIMESTAMP] Event: message @ webpack-internal:///(app-pages-browser)/./node_modules/next/dist/compiled/react-dom/cjs/react-dom-client.development.js:18414
[  350987ms] [TIMESTAMP] Render @ webpack-internal:///(app-pages-browser)/./node_modules/next/dist/compiled/react-dom/cjs/react-dom-client.development.js:19292
[  350992ms] [TIMESTAMP] Commit @ webpack-internal:///(app-pages-browser)/./node_modules/next/dist/compiled/react-dom/cjs/react-dom-client.development.js:4724
[  351001ms] [TIMESTAMP] Waiting for Paint @ webpack-internal:///(app-pages-browser)/./node_modules/next/dist/compiled/react-dom/cjs/react-dom-client.development.js:19929
[  351002ms] [TIMESTAMP] HTCallProvider @ webpack-internal:///(app-pages-browser)/./node_modules/next/dist/compiled/react-dom/cjs/react-dom-client.development.js:4426
[  351002ms] [TIMESTAMP] Remaining Effects @ webpack-internal:///(app-pages-browser)/./node_modules/next/dist/compiled/react-dom/cjs/react-dom-client.development.js:19980
[  371411ms] [TIMESTAMP] Blocking Track @ webpack-internal:///(app-pages-browser)/./node_modules/next/dist/compiled/react-dom/cjs/react-dom-client.development.js:18271
[  371412ms] [TIMESTAMP] Transition Track @ webpack-internal:///(app-pages-browser)/./node_modules/next/dist/compiled/react-dom/cjs/react-dom-client.development.js:18279
[  371412ms] [TIMESTAMP] Suspense Track @ webpack-internal:///(app-pages-browser)/./node_modules/next/dist/compiled/react-dom/cjs/react-dom-client.development.js:18287
[  371413ms] [TIMESTAMP] Idle Track @ webpack-internal:///(app-pages-browser)/./node_modules/next/dist/compiled/react-dom/cjs/react-dom-client.development.js:18295
[  371416ms] [TIMESTAMP] Render @ webpack-internal:///(app-pages-browser)/./node_modules/next/dist/compiled/react-dom/cjs/react-dom-client.development.js:19292
[  371421ms] [TIMESTAMP] Waiting for Paint @ webpack-internal:///(app-pages-browser)/./node_modules/next/dist/compiled/react-dom/cjs/react-dom-client.development.js:19929
[  371425ms] [TIMESTAMP] SellerReminderNotifier @ webpack-internal:///(app-pages-browser)/./node_modules/next/dist/compiled/react-dom/cjs/react-dom-client.development.js:4426
[  371426ms] [TIMESTAMP] Remaining Effects @ webpack-internal:///(app-pages-browser)/./node_modules/next/dist/compiled/react-dom/cjs/react-dom-client.development.js:19980
[  389993ms] [TIMESTAMP] Blocking Track @ webpack-internal:///(app-pages-browser)/./node_modules/next/dist/compiled/react-dom/cjs/react-dom-client.development.js:18271
[  389993ms] [TIMESTAMP] Transition Track @ webpack-internal:///(app-pages-browser)/./node_modules/next/dist/compiled/react-dom/cjs/react-dom-client.development.js:18279
[  389994ms] [TIMESTAMP] Suspense Track @ webpack-internal:///(app-pages-browser)/./node_modules/next/dist/compiled/react-dom/cjs/react-dom-client.development.js:18287
[  389994ms] [TIMESTAMP] Idle Track @ webpack-internal:///(app-pages-browser)/./node_modules/next/dist/compiled/react-dom/cjs/react-dom-client.development.js:18295
[  389994ms] [TIMESTAMP] Event: message @ webpack-internal:///(app-pages-browser)/./node_modules/next/dist/compiled/react-dom/cjs/react-dom-client.development.js:18414
[  389997ms] [TIMESTAMP] Render @ webpack-internal:///(app-pages-browser)/./node_modules/next/dist/compiled/react-dom/cjs/react-dom-client.development.js:19292
[  389999ms] [TIMESTAMP] Commit @ webpack-internal:///(app-pages-browser)/./node_modules/next/dist/compiled/react-dom/cjs/react-dom-client.development.js:4724
[  393162ms] [TIMESTAMP] Blocking Track @ webpack-internal:///(app-pages-browser)/./node_modules/next/dist/compiled/react-dom/cjs/react-dom-client.development.js:18271
[  393163ms] [TIMESTAMP] Transition Track @ webpack-internal:///(app-pages-browser)/./node_modules/next/dist/compiled/react-dom/cjs/react-dom-client.development.js:18279
[  393164ms] [TIMESTAMP] Suspense Track @ webpack-internal:///(app-pages-browser)/./node_modules/next/dist/compiled/react-dom/cjs/react-dom-client.development.js:18287
[  393164ms] [TIMESTAMP] Idle Track @ webpack-internal:///(app-pages-browser)/./node_modules/next/dist/compiled/react-dom/cjs/react-dom-client.development.js:18295
[  393164ms] [TIMESTAMP] Event: message @ webpack-internal:///(app-pages-browser)/./node_modules/next/dist/compiled/react-dom/cjs/react-dom-client.development.js:18414
[  393167ms] [TIMESTAMP] Render @ webpack-internal:///(app-pages-browser)/./node_modules/next/dist/compiled/react-dom/cjs/react-dom-client.development.js:19292
[  393169ms] [TIMESTAMP] Commit @ webpack-internal:///(app-pages-browser)/./node_modules/next/dist/compiled/react-dom/cjs/react-dom-client.development.js:4724
[  393171ms] [TIMESTAMP] Waiting for Paint @ webpack-internal:///(app-pages-browser)/./node_modules/next/dist/compiled/react-dom/cjs/react-dom-client.development.js:19929
[  393171ms] [TIMESTAMP] HTCallProvider @ webpack-internal:///(app-pages-browser)/./node_modules/next/dist/compiled/react-dom/cjs/react-dom-client.development.js:4426
[  399428ms] [TIMESTAMP] Blocking Track @ webpack-internal:///(app-pages-browser)/./node_modules/next/dist/compiled/react-dom/cjs/react-dom-client.development.js:18271
[  399429ms] [TIMESTAMP] Transition Track @ webpack-internal:///(app-pages-browser)/./node_modules/next/dist/compiled/react-dom/cjs/react-dom-client.development.js:18279
[  399430ms] [TIMESTAMP] Suspense Track @ webpack-internal:///(app-pages-browser)/./node_modules/next/dist/compiled/react-dom/cjs/react-dom-client.development.js:18287
[  399430ms] [TIMESTAMP] Idle Track @ webpack-internal:///(app-pages-browser)/./node_modules/next/dist/compiled/react-dom/cjs/react-dom-client.development.js:18295
[  399430ms] [TIMESTAMP] Event: message @ webpack-internal:///(app-pages-browser)/./node_modules/next/dist/compiled/react-dom/cjs/react-dom-client.development.js:18414
[  399437ms] [TIMESTAMP] Render @ webpack-internal:///(app-pages-browser)/./node_modules/next/dist/compiled/react-dom/cjs/react-dom-client.development.js:19292
[  399441ms] [TIMESTAMP] Commit @ webpack-internal:///(app-pages-browser)/./node_modules/next/dist/compiled/react-dom/cjs/react-dom-client.development.js:4724
[  399446ms] [TIMESTAMP] Waiting for Paint @ webpack-internal:///(app-pages-browser)/./node_modules/next/dist/compiled/react-dom/cjs/react-dom-client.development.js:19929
[  399447ms] [TIMESTAMP] HTCallProvider @ webpack-internal:///(app-pages-browser)/./node_modules/next/dist/compiled/react-dom/cjs/react-dom-client.development.js:4426
[  399449ms] [TIMESTAMP] Remaining Effects @ webpack-internal:///(app-pages-browser)/./node_modules/next/dist/compiled/react-dom/cjs/react-dom-client.development.js:19980
[  443804ms] [TIMESTAMP] Blocking Track @ webpack-internal:///(app-pages-browser)/./node_modules/next/dist/compiled/react-dom/cjs/react-dom-client.development.js:18271
[  443805ms] [TIMESTAMP] Transition Track @ webpack-internal:///(app-pages-browser)/./node_modules/next/dist/compiled/react-dom/cjs/react-dom-client.development.js:18279
[  443805ms] [TIMESTAMP] Suspense Track @ webpack-internal:///(app-pages-browser)/./node_modules/next/dist/compiled/react-dom/cjs/react-dom-client.development.js:18287
[  443805ms] [TIMESTAMP] Idle Track @ webpack-internal:///(app-pages-browser)/./node_modules/next/dist/compiled/react-dom/cjs/react-dom-client.development.js:18295
[  443807ms] [TIMESTAMP] Event: message @ webpack-internal:///(app-pages-browser)/./node_modules/next/dist/compiled/react-dom/cjs/react-dom-client.development.js:18414
[  443809ms] [TIMESTAMP] Render @ webpack-internal:///(app-pages-browser)/./node_modules/next/dist/compiled/react-dom/cjs/react-dom-client.development.js:19292
[  443810ms] [TIMESTAMP] Commit @ webpack-internal:///(app-pages-browser)/./node_modules/next/dist/compiled/react-dom/cjs/react-dom-client.development.js:4724
[  450022ms] [TIMESTAMP] Blocking Track @ webpack-internal:///(app-pages-browser)/./node_modules/next/dist/compiled/react-dom/cjs/react-dom-client.development.js:18271
[  450023ms] [TIMESTAMP] Transition Track @ webpack-internal:///(app-pages-browser)/./node_modules/next/dist/compiled/react-dom/cjs/react-dom-client.development.js:18279
[  450023ms] [TIMESTAMP] Suspense Track @ webpack-internal:///(app-pages-browser)/./node_modules/next/dist/compiled/react-dom/cjs/react-dom-client.development.js:18287
[  450024ms] [TIMESTAMP] Idle Track @ webpack-internal:///(app-pages-browser)/./node_modules/next/dist/compiled/react-dom/cjs/react-dom-client.development.js:18295
[  450024ms] [TIMESTAMP] Event: message @ webpack-internal:///(app-pages-browser)/./node_modules/next/dist/compiled/react-dom/cjs/react-dom-client.development.js:18414
[  450027ms] [TIMESTAMP] Render @ webpack-internal:///(app-pages-browser)/./node_modules/next/dist/compiled/react-dom/cjs/react-dom-client.development.js:19292
[  450031ms] [TIMESTAMP] Commit @ webpack-internal:///(app-pages-browser)/./node_modules/next/dist/compiled/react-dom/cjs/react-dom-client.development.js:4724
[  450034ms] [TIMESTAMP] Waiting for Paint @ webpack-internal:///(app-pages-browser)/./node_modules/next/dist/compiled/react-dom/cjs/react-dom-client.development.js:19929
[  450036ms] [TIMESTAMP] HTCallProvider @ webpack-internal:///(app-pages-browser)/./node_modules/next/dist/compiled/react-dom/cjs/react-dom-client.development.js:4426
[  450037ms] [TIMESTAMP] Remaining Effects @ webpack-internal:///(app-pages-browser)/./node_modules/next/dist/compiled/react-dom/cjs/react-dom-client.development.js:19980
[  480028ms] [TIMESTAMP] Blocking Track @ webpack-internal:///(app-pages-browser)/./node_modules/next/dist/compiled/react-dom/cjs/react-dom-client.development.js:18271
[  480028ms] [TIMESTAMP] Transition Track @ webpack-internal:///(app-pages-browser)/./node_modules/next/dist/compiled/react-dom/cjs/react-dom-client.development.js:18279
[  480028ms] [TIMESTAMP] Suspense Track @ webpack-internal:///(app-pages-browser)/./node_modules/next/dist/compiled/react-dom/cjs/react-dom-client.development.js:18287
[  480030ms] [TIMESTAMP] Idle Track @ webpack-internal:///(app-pages-browser)/./node_modules/next/dist/compiled/react-dom/cjs/react-dom-client.development.js:18295
[  480030ms] [TIMESTAMP] Event: message @ webpack-internal:///(app-pages-browser)/./node_modules/next/dist/compiled/react-dom/cjs/react-dom-client.development.js:18414
[  480034ms] [TIMESTAMP] Render @ webpack-internal:///(app-pages-browser)/./node_modules/next/dist/compiled/react-dom/cjs/react-dom-client.development.js:19292
[  480035ms] [TIMESTAMP] Commit @ webpack-internal:///(app-pages-browser)/./node_modules/next/dist/compiled/react-dom/cjs/react-dom-client.development.js:4724
[  480044ms] [TIMESTAMP] Waiting for Paint @ webpack-internal:///(app-pages-browser)/./node_modules/next/dist/compiled/react-dom/cjs/react-dom-client.development.js:19929
[  480051ms] [TIMESTAMP] HTCallProvider @ webpack-internal:///(app-pages-browser)/./node_modules/next/dist/compiled/react-dom/cjs/react-dom-client.development.js:4426
[  480054ms] [TIMESTAMP] Remaining Effects @ webpack-internal:///(app-pages-browser)/./node_modules/next/dist/compiled/react-dom/cjs/react-dom-client.development.js:19980
[  483023ms] [TIMESTAMP] Blocking Track @ webpack-internal:///(app-pages-browser)/./node_modules/next/dist/compiled/react-dom/cjs/react-dom-client.development.js:18271
[  483024ms] [TIMESTAMP] Transition Track @ webpack-internal:///(app-pages-browser)/./node_modules/next/dist/compiled/react-dom/cjs/react-dom-client.development.js:18279
[  483024ms] [TIMESTAMP] Suspense Track @ webpack-internal:///(app-pages-browser)/./node_modules/next/dist/compiled/react-dom/cjs/react-dom-client.development.js:18287
[  483025ms] [TIMESTAMP] Idle Track @ webpack-internal:///(app-pages-browser)/./node_modules/next/dist/compiled/react-dom/cjs/react-dom-client.development.js:18295
[  483026ms] [TIMESTAMP] Event: message @ webpack-internal:///(app-pages-browser)/./node_modules/next/dist/compiled/react-dom/cjs/react-dom-client.development.js:18414
[  483029ms] [TIMESTAMP] Render @ webpack-internal:///(app-pages-browser)/./node_modules/next/dist/compiled/react-dom/cjs/react-dom-client.development.js:19292
[  483033ms] [TIMESTAMP] Commit @ webpack-internal:///(app-pages-browser)/./node_modules/next/dist/compiled/react-dom/cjs/react-dom-client.development.js:4724
[  483035ms] [TIMESTAMP] Waiting for Paint @ webpack-internal:///(app-pages-browser)/./node_modules/next/dist/compiled/react-dom/cjs/react-dom-client.development.js:19929
[  483037ms] [TIMESTAMP] HTCallProvider @ webpack-internal:///(app-pages-browser)/./node_modules/next/dist/compiled/react-dom/cjs/react-dom-client.development.js:4426
[  483038ms] [TIMESTAMP] Remaining Effects @ webpack-internal:///(app-pages-browser)/./node_modules/next/dist/compiled/react-dom/cjs/react-dom-client.development.js:19980
[  522436ms] [TIMESTAMP] Blocking Track @ webpack-internal:///(app-pages-browser)/./node_modules/next/dist/compiled/react-dom/cjs/react-dom-client.development.js:18271
[  522437ms] [TIMESTAMP] Transition Track @ webpack-internal:///(app-pages-browser)/./node_modules/next/dist/compiled/react-dom/cjs/react-dom-client.development.js:18279
[  522440ms] [TIMESTAMP] Suspense Track @ webpack-internal:///(app-pages-browser)/./node_modules/next/dist/compiled/react-dom/cjs/react-dom-client.development.js:18287
[  522441ms] [TIMESTAMP] Idle Track @ webpack-internal:///(app-pages-browser)/./node_modules/next/dist/compiled/react-dom/cjs/react-dom-client.development.js:18295
[  522454ms] [TIMESTAMP] Event: message @ webpack-internal:///(app-pages-browser)/./node_modules/next/dist/compiled/react-dom/cjs/react-dom-client.development.js:18414
[  522460ms] [TIMESTAMP] Render @ webpack-internal:///(app-pages-browser)/./node_modules/next/dist/compiled/react-dom/cjs/react-dom-client.development.js:19292
[  522467ms] [TIMESTAMP] Commit @ webpack-internal:///(app-pages-browser)/./node_modules/next/dist/compiled/react-dom/cjs/react-dom-client.development.js:4724
[  522472ms] [TIMESTAMP] Waiting for Paint @ webpack-internal:///(app-pages-browser)/./node_modules/next/dist/compiled/react-dom/cjs/react-dom-client.development.js:19929
[  522473ms] [TIMESTAMP] HTCallProvider @ webpack-internal:///(app-pages-browser)/./node_modules/next/dist/compiled/react-dom/cjs/react-dom-client.development.js:4426
[  522476ms] [TIMESTAMP] Remaining Effects @ webpack-internal:///(app-pages-browser)/./node_modules/next/dist/compiled/react-dom/cjs/react-dom-client.development.js:19980
[  534471ms] [TIMESTAMP] Blocking Track @ webpack-internal:///(app-pages-browser)/./node_modules/next/dist/compiled/react-dom/cjs/react-dom-client.development.js:18271
[  534472ms] [TIMESTAMP] Transition Track @ webpack-internal:///(app-pages-browser)/./node_modules/next/dist/compiled/react-dom/cjs/react-dom-client.development.js:18279
[  534473ms] [TIMESTAMP] Suspense Track @ webpack-internal:///(app-pages-browser)/./node_modules/next/dist/compiled/react-dom/cjs/react-dom-client.development.js:18287
[  534474ms] [TIMESTAMP] Idle Track @ webpack-internal:///(app-pages-browser)/./node_modules/next/dist/compiled/react-dom/cjs/react-dom-client.development.js:18295
[  534475ms] [TIMESTAMP] Event: message @ webpack-internal:///(app-pages-browser)/./node_modules/next/dist/compiled/react-dom/cjs/react-dom-client.development.js:18414
[  534477ms] [TIMESTAMP] Render @ webpack-internal:///(app-pages-browser)/./node_modules/next/dist/compiled/react-dom/cjs/react-dom-client.development.js:19292
[  534480ms] [TIMESTAMP] Commit @ webpack-internal:///(app-pages-browser)/./node_modules/next/dist/compiled/react-dom/cjs/react-dom-client.development.js:4724
[  534486ms] [TIMESTAMP] Waiting for Paint @ webpack-internal:///(app-pages-browser)/./node_modules/next/dist/compiled/react-dom/cjs/react-dom-client.development.js:19929
[  535268ms] [TIMESTAMP] Blocking Track @ webpack-internal:///(app-pages-browser)/./node_modules/next/dist/compiled/react-dom/cjs/react-dom-client.development.js:18271
[  535278ms] [TIMESTAMP] Transition Track @ webpack-internal:///(app-pages-browser)/./node_modules/next/dist/compiled/react-dom/cjs/react-dom-client.development.js:18279
[  535279ms] [TIMESTAMP] Suspense Track @ webpack-internal:///(app-pages-browser)/./node_modules/next/dist/compiled/react-dom/cjs/react-dom-client.development.js:18287
[  535279ms] [TIMESTAMP] Idle Track @ webpack-internal:///(app-pages-browser)/./node_modules/next/dist/compiled/react-dom/cjs/react-dom-client.development.js:18295
[  535313ms] [TIMESTAMP] Event: message @ webpack-internal:///(app-pages-browser)/./node_modules/next/dist/compiled/react-dom/cjs/react-dom-client.development.js:18414
[  535333ms] [TIMESTAMP] Render @ webpack-internal:///(app-pages-browser)/./node_modules/next/dist/compiled/react-dom/cjs/react-dom-client.development.js:19292
[  535350ms] [TIMESTAMP] Commit @ webpack-internal:///(app-pages-browser)/./node_modules/next/dist/compiled/react-dom/cjs/react-dom-client.development.js:4724
[  535380ms] [TIMESTAMP] Waiting for Paint @ webpack-internal:///(app-pages-browser)/./node_modules/next/dist/compiled/react-dom/cjs/react-dom-client.development.js:19929
[  535388ms] [TIMESTAMP] HTCallProvider @ webpack-internal:///(app-pages-browser)/./node_modules/next/dist/compiled/react-dom/cjs/react-dom-client.development.js:4426
[  535396ms] [TIMESTAMP] Remaining Effects @ webpack-internal:///(app-pages-browser)/./node_modules/next/dist/compiled/react-dom/cjs/react-dom-client.development.js:19980
[  546471ms] [TIMESTAMP] Blocking Track @ webpack-internal:///(app-pages-browser)/./node_modules/next/dist/compiled/react-dom/cjs/react-dom-client.development.js:18271
[  546472ms] [TIMESTAMP] Transition Track @ webpack-internal:///(app-pages-browser)/./node_modules/next/dist/compiled/react-dom/cjs/react-dom-client.development.js:18279
[  546473ms] [TIMESTAMP] Suspense Track @ webpack-internal:///(app-pages-browser)/./node_modules/next/dist/compiled/react-dom/cjs/react-dom-client.development.js:18287
[  546476ms] [TIMESTAMP] Idle Track @ webpack-internal:///(app-pages-browser)/./node_modules/next/dist/compiled/react-dom/cjs/react-dom-client.development.js:18295
[  546476ms] [TIMESTAMP] Event: message @ webpack-internal:///(app-pages-browser)/./node_modules/next/dist/compiled/react-dom/cjs/react-dom-client.development.js:18414
[  546483ms] [TIMESTAMP] Render @ webpack-internal:///(app-pages-browser)/./node_modules/next/dist/compiled/react-dom/cjs/react-dom-client.development.js:19292
[  546485ms] [TIMESTAMP] Commit @ webpack-internal:///(app-pages-browser)/./node_modules/next/dist/compiled/react-dom/cjs/react-dom-client.development.js:4724
[  546487ms] [TIMESTAMP] Waiting for Paint @ webpack-internal:///(app-pages-browser)/./node_modules/next/dist/compiled/react-dom/cjs/react-dom-client.development.js:19929
[  546488ms] [TIMESTAMP] HTCallProvider @ webpack-internal:///(app-pages-browser)/./node_modules/next/dist/compiled/react-dom/cjs/react-dom-client.development.js:4426
[  546489ms] [TIMESTAMP] Remaining Effects @ webpack-internal:///(app-pages-browser)/./node_modules/next/dist/compiled/react-dom/cjs/react-dom-client.development.js:19980
[  547967ms] [TIMESTAMP] Blocking Track @ webpack-internal:///(app-pages-browser)/./node_modules/next/dist/compiled/react-dom/cjs/react-dom-client.development.js:18271
[  547971ms] [TIMESTAMP] Transition Track @ webpack-internal:///(app-pages-browser)/./node_modules/next/dist/compiled/react-dom/cjs/react-dom-client.development.js:18279
[  547981ms] [TIMESTAMP] Suspense Track @ webpack-internal:///(app-pages-browser)/./node_modules/next/dist/compiled/react-dom/cjs/react-dom-client.development.js:18287
[  547981ms] [TIMESTAMP] Idle Track @ webpack-internal:///(app-pages-browser)/./node_modules/next/dist/compiled/react-dom/cjs/react-dom-client.development.js:18295
[  547983ms] [TIMESTAMP] Event: message @ webpack-internal:///(app-pages-browser)/./node_modules/next/dist/compiled/react-dom/cjs/react-dom-client.development.js:18414
[  547986ms] [TIMESTAMP] Render @ webpack-internal:///(app-pages-browser)/./node_modules/next/dist/compiled/react-dom/cjs/react-dom-client.development.js:19292
[  547989ms] [TIMESTAMP] Waiting for Paint @ webpack-internal:///(app-pages-browser)/./node_modules/next/dist/compiled/react-dom/cjs/react-dom-client.development.js:19929
[  547990ms] [TIMESTAMP] HTCallProvider @ webpack-internal:///(app-pages-browser)/./node_modules/next/dist/compiled/react-dom/cjs/react-dom-client.development.js:4426
[  547996ms] [TIMESTAMP] Remaining Effects @ webpack-internal:///(app-pages-browser)/./node_modules/next/dist/compiled/react-dom/cjs/react-dom-client.development.js:19980
[  551387ms] [TIMESTAMP] Blocking Track @ webpack-internal:///(app-pages-browser)/./node_modules/next/dist/compiled/react-dom/cjs/react-dom-client.development.js:18271
[  551393ms] [TIMESTAMP] Transition Track @ webpack-internal:///(app-pages-browser)/./node_modules/next/dist/compiled/react-dom/cjs/react-dom-client.development.js:18279
[  551396ms] [TIMESTAMP] Suspense Track @ webpack-internal:///(app-pages-browser)/./node_modules/next/dist/compiled/react-dom/cjs/react-dom-client.development.js:18287
[  551399ms] [TIMESTAMP] Idle Track @ webpack-internal:///(app-pages-browser)/./node_modules/next/dist/compiled/react-dom/cjs/react-dom-client.development.js:18295
[  551414ms] [TIMESTAMP] Render @ webpack-internal:///(app-pages-browser)/./node_modules/next/dist/compiled/react-dom/cjs/react-dom-client.development.js:19292
[  551418ms] [TIMESTAMP] Commit @ webpack-internal:///(app-pages-browser)/./node_modules/next/dist/compiled/react-dom/cjs/react-dom-client.development.js:4724
[  551428ms] [TIMESTAMP] Waiting for Paint @ webpack-internal:///(app-pages-browser)/./node_modules/next/dist/compiled/react-dom/cjs/react-dom-client.development.js:19929
[  551430ms] [TIMESTAMP] SellerReminderNotifier @ webpack-internal:///(app-pages-browser)/./node_modules/next/dist/compiled/react-dom/cjs/react-dom-client.development.js:4426
[  551433ms] [TIMESTAMP] Remaining Effects @ webpack-internal:///(app-pages-browser)/./node_modules/next/dist/compiled/react-dom/cjs/react-dom-client.development.js:19980
[  551844ms] [TIMESTAMP] Blocking Track @ webpack-internal:///(app-pages-browser)/./node_modules/next/dist/compiled/react-dom/cjs/react-dom-client.development.js:18271
[  551845ms] [TIMESTAMP] Transition Track @ webpack-internal:///(app-pages-browser)/./node_modules/next/dist/compiled/react-dom/cjs/react-dom-client.development.js:18279
[  551845ms] [TIMESTAMP] Suspense Track @ webpack-internal:///(app-pages-browser)/./node_modules/next/dist/compiled/react-dom/cjs/react-dom-client.development.js:18287
[  551846ms] [TIMESTAMP] Idle Track @ webpack-internal:///(app-pages-browser)/./node_modules/next/dist/compiled/react-dom/cjs/react-dom-client.development.js:18295
[  551847ms] [TIMESTAMP] Event: message @ webpack-internal:///(app-pages-browser)/./node_modules/next/dist/compiled/react-dom/cjs/react-dom-client.development.js:18414
[  551851ms] [TIMESTAMP] Render @ webpack-internal:///(app-pages-browser)/./node_modules/next/dist/compiled/react-dom/cjs/react-dom-client.development.js:19292
[  551854ms] [TIMESTAMP] Commit @ webpack-internal:///(app-pages-browser)/./node_modules/next/dist/compiled/react-dom/cjs/react-dom-client.development.js:4724
[  551855ms] [TIMESTAMP] Waiting for Paint @ webpack-internal:///(app-pages-browser)/./node_modules/next/dist/compiled/react-dom/cjs/react-dom-client.development.js:19929
[  551856ms] [TIMESTAMP] HTCallProvider @ webpack-internal:///(app-pages-browser)/./node_modules/next/dist/compiled/react-dom/cjs/react-dom-client.development.js:4426
[  551856ms] [TIMESTAMP] Remaining Effects @ webpack-internal:///(app-pages-browser)/./node_modules/next/dist/compiled/react-dom/cjs/react-dom-client.development.js:19980
[  566730ms] [TIMESTAMP] Blocking Track @ webpack-internal:///(app-pages-browser)/./node_modules/next/dist/compiled/react-dom/cjs/react-dom-client.development.js:18271
[  566730ms] [TIMESTAMP] Transition Track @ webpack-internal:///(app-pages-browser)/./node_modules/next/dist/compiled/react-dom/cjs/react-dom-client.development.js:18279
[  566733ms] [TIMESTAMP] Suspense Track @ webpack-internal:///(app-pages-browser)/./node_modules/next/dist/compiled/react-dom/cjs/react-dom-client.development.js:18287
[  566733ms] [TIMESTAMP] Idle Track @ webpack-internal:///(app-pages-browser)/./node_modules/next/dist/compiled/react-dom/cjs/react-dom-client.development.js:18295
[  566736ms] [TIMESTAMP] Render @ webpack-internal:///(app-pages-browser)/./node_modules/next/dist/compiled/react-dom/cjs/react-dom-client.development.js:19292
[  566737ms] [TIMESTAMP] Commit @ webpack-internal:///(app-pages-browser)/./node_modules/next/dist/compiled/react-dom/cjs/react-dom-client.development.js:4724
[  566743ms] [TIMESTAMP] Waiting for Paint @ webpack-internal:///(app-pages-browser)/./node_modules/next/dist/compiled/react-dom/cjs/react-dom-client.development.js:19929
[  566744ms] [TIMESTAMP] HTCallProvider @ webpack-internal:///(app-pages-browser)/./node_modules/next/dist/compiled/react-dom/cjs/react-dom-client.development.js:4426
[  566745ms] [TIMESTAMP] Remaining Effects @ webpack-internal:///(app-pages-browser)/./node_modules/next/dist/compiled/react-dom/cjs/react-dom-client.development.js:19980
[  575727ms] [TIMESTAMP] Blocking Track @ webpack-internal:///(app-pages-browser)/./node_modules/next/dist/compiled/react-dom/cjs/react-dom-client.development.js:18271
[  575732ms] [TIMESTAMP] Transition Track @ webpack-internal:///(app-pages-browser)/./node_modules/next/dist/compiled/react-dom/cjs/react-dom-client.development.js:18279
[  575735ms] [TIMESTAMP] Suspense Track @ webpack-internal:///(app-pages-browser)/./node_modules/next/dist/compiled/react-dom/cjs/react-dom-client.development.js:18287
[  575754ms] [TIMESTAMP] Idle Track @ webpack-internal:///(app-pages-browser)/./node_modules/next/dist/compiled/react-dom/cjs/react-dom-client.development.js:18295
[  575760ms] [TIMESTAMP] Event: message @ webpack-internal:///(app-pages-browser)/./node_modules/next/dist/compiled/react-dom/cjs/react-dom-client.development.js:18414
[  575950ms] [TIMESTAMP] Render @ webpack-internal:///(app-pages-browser)/./node_modules/next/dist/compiled/react-dom/cjs/react-dom-client.development.js:19292
[  575953ms] [TIMESTAMP] Commit @ webpack-internal:///(app-pages-browser)/./node_modules/next/dist/compiled/react-dom/cjs/react-dom-client.development.js:4724
[  576275ms] [TIMESTAMP] Waiting for Paint @ webpack-internal:///(app-pages-browser)/./node_modules/next/dist/compiled/react-dom/cjs/react-dom-client.development.js:19929
[  576277ms] [TIMESTAMP] HTCallProvider @ webpack-internal:///(app-pages-browser)/./node_modules/next/dist/compiled/react-dom/cjs/react-dom-client.development.js:4426
[  576283ms] [TIMESTAMP] Remaining Effects @ webpack-internal:///(app-pages-browser)/./node_modules/next/dist/compiled/react-dom/cjs/react-dom-client.development.js:19980
[  578962ms] [TIMESTAMP] Blocking Track @ webpack-internal:///(app-pages-browser)/./node_modules/next/dist/compiled/react-dom/cjs/react-dom-client.development.js:18271
[  578963ms] [TIMESTAMP] Transition Track @ webpack-internal:///(app-pages-browser)/./node_modules/next/dist/compiled/react-dom/cjs/react-dom-client.development.js:18279
[  578972ms] [TIMESTAMP] Suspense Track @ webpack-internal:///(app-pages-browser)/./node_modules/next/dist/compiled/react-dom/cjs/react-dom-client.development.js:18287
[  578976ms] [TIMESTAMP] Idle Track @ webpack-internal:///(app-pages-browser)/./node_modules/next/dist/compiled/react-dom/cjs/react-dom-client.development.js:18295
[  578977ms] [TIMESTAMP] Event: message @ webpack-internal:///(app-pages-browser)/./node_modules/next/dist/compiled/react-dom/cjs/react-dom-client.development.js:18414
[  578985ms] [TIMESTAMP] Render @ webpack-internal:///(app-pages-browser)/./node_modules/next/dist/compiled/react-dom/cjs/react-dom-client.development.js:19292
[  578994ms] [TIMESTAMP] Commit @ webpack-internal:///(app-pages-browser)/./node_modules/next/dist/compiled/react-dom/cjs/react-dom-client.development.js:4724
[  579000ms] [TIMESTAMP] Waiting for Paint @ webpack-internal:///(app-pages-browser)/./node_modules/next/dist/compiled/react-dom/cjs/react-dom-client.development.js:19929
[  579002ms] [TIMESTAMP] HTCallProvider @ webpack-internal:///(app-pages-browser)/./node_modules/next/dist/compiled/react-dom/cjs/react-dom-client.development.js:4426
[  579006ms] [TIMESTAMP] Remaining Effects @ webpack-internal:///(app-pages-browser)/./node_modules/next/dist/compiled/react-dom/cjs/react-dom-client.development.js:19980
[  579009ms] [TIMESTAMP] Blocking Track @ webpack-internal:///(app-pages-browser)/./node_modules/next/dist/compiled/react-dom/cjs/react-dom-client.development.js:18271
[  579010ms] [TIMESTAMP] Transition Track @ webpack-internal:///(app-pages-browser)/./node_modules/next/dist/compiled/react-dom/cjs/react-dom-client.development.js:18279
[  579013ms] [TIMESTAMP] Suspense Track @ webpack-internal:///(app-pages-browser)/./node_modules/next/dist/compiled/react-dom/cjs/react-dom-client.development.js:18287
[  579013ms] [TIMESTAMP] Idle Track @ webpack-internal:///(app-pages-browser)/./node_modules/next/dist/compiled/react-dom/cjs/react-dom-client.development.js:18295
[  579018ms] [TIMESTAMP] Render @ webpack-internal:///(app-pages-browser)/./node_modules/next/dist/compiled/react-dom/cjs/react-dom-client.development.js:19292
[  579039ms] [TIMESTAMP] Commit @ webpack-internal:///(app-pages-browser)/./node_modules/next/dist/compiled/react-dom/cjs/react-dom-client.development.js:4724
[  579075ms] [TIMESTAMP] Waiting for Paint @ webpack-internal:///(app-pages-browser)/./node_modules/next/dist/compiled/react-dom/cjs/react-dom-client.development.js:19929
[  579075ms] [TIMESTAMP] HTCallProvider @ webpack-internal:///(app-pages-browser)/./node_modules/next/dist/compiled/react-dom/cjs/react-dom-client.development.js:4426
[  593735ms] [TIMESTAMP] Blocking Track @ webpack-internal:///(app-pages-browser)/./node_modules/next/dist/compiled/react-dom/cjs/react-dom-client.development.js:18271
[  593736ms] [TIMESTAMP] Transition Track @ webpack-internal:///(app-pages-browser)/./node_modules/next/dist/compiled/react-dom/cjs/react-dom-client.development.js:18279
[  593737ms] [TIMESTAMP] Suspense Track @ webpack-internal:///(app-pages-browser)/./node_modules/next/dist/compiled/react-dom/cjs/react-dom-client.development.js:18287
[  593737ms] [TIMESTAMP] Idle Track @ webpack-internal:///(app-pages-browser)/./node_modules/next/dist/compiled/react-dom/cjs/react-dom-client.development.js:18295
[  593738ms] [TIMESTAMP] Event: message @ webpack-internal:///(app-pages-browser)/./node_modules/next/dist/compiled/react-dom/cjs/react-dom-client.development.js:18414
[  593742ms] [TIMESTAMP] Render @ webpack-internal:///(app-pages-browser)/./node_modules/next/dist/compiled/react-dom/cjs/react-dom-client.development.js:19292
[  593745ms] [TIMESTAMP] Commit @ webpack-internal:///(app-pages-browser)/./node_modules/next/dist/compiled/react-dom/cjs/react-dom-client.development.js:4724
[  593751ms] [TIMESTAMP] Waiting for Paint @ webpack-internal:///(app-pages-browser)/./node_modules/next/dist/compiled/react-dom/cjs/react-dom-client.development.js:19929
[  593752ms] [TIMESTAMP] HTCallProvider @ webpack-internal:///(app-pages-browser)/./node_modules/next/dist/compiled/react-dom/cjs/react-dom-client.development.js:4426
[  593754ms] [TIMESTAMP] Remaining Effects @ webpack-internal:///(app-pages-browser)/./node_modules/next/dist/compiled/react-dom/cjs/react-dom-client.development.js:19980
[  596726ms] [TIMESTAMP] Blocking Track @ webpack-internal:///(app-pages-browser)/./node_modules/next/dist/compiled/react-dom/cjs/react-dom-client.development.js:18271
[  596727ms] [TIMESTAMP] Transition Track @ webpack-internal:///(app-pages-browser)/./node_modules/next/dist/compiled/react-dom/cjs/react-dom-client.development.js:18279
[  596728ms] [TIMESTAMP] Suspense Track @ webpack-internal:///(app-pages-browser)/./node_modules/next/dist/compiled/react-dom/cjs/react-dom-client.development.js:18287
[  596728ms] [TIMESTAMP] Idle Track @ webpack-internal:///(app-pages-browser)/./node_modules/next/dist/compiled/react-dom/cjs/react-dom-client.development.js:18295
[  596728ms] [TIMESTAMP] Event: message @ webpack-internal:///(app-pages-browser)/./node_modules/next/dist/compiled/react-dom/cjs/react-dom-client.development.js:18414
[  596733ms] [TIMESTAMP] Render @ webpack-internal:///(app-pages-browser)/./node_modules/next/dist/compiled/react-dom/cjs/react-dom-client.development.js:19292
[  596735ms] [TIMESTAMP] Commit @ webpack-internal:///(app-pages-browser)/./node_modules/next/dist/compiled/react-dom/cjs/react-dom-client.development.js:4724
[  596740ms] [TIMESTAMP] Waiting for Paint @ webpack-internal:///(app-pages-browser)/./node_modules/next/dist/compiled/react-dom/cjs/react-dom-client.development.js:19929
[  596741ms] [TIMESTAMP] HTCallProvider @ webpack-internal:///(app-pages-browser)/./node_modules/next/dist/compiled/react-dom/cjs/react-dom-client.development.js:4426
[  596742ms] [TIMESTAMP] Remaining Effects @ webpack-internal:///(app-pages-browser)/./node_modules/next/dist/compiled/react-dom/cjs/react-dom-client.development.js:19980
[  599748ms] [TIMESTAMP] Blocking Track @ webpack-internal:///(app-pages-browser)/./node_modules/next/dist/compiled/react-dom/cjs/react-dom-client.development.js:18271
[  599749ms] [TIMESTAMP] Transition Track @ webpack-internal:///(app-pages-browser)/./node_modules/next/dist/compiled/react-dom/cjs/react-dom-client.development.js:18279
[  599750ms] [TIMESTAMP] Suspense Track @ webpack-internal:///(app-pages-browser)/./node_modules/next/dist/compiled/react-dom/cjs/react-dom-client.development.js:18287
[  599750ms] [TIMESTAMP] Idle Track @ webpack-internal:///(app-pages-browser)/./node_modules/next/dist/compiled/react-dom/cjs/react-dom-client.development.js:18295
[  599750ms] [TIMESTAMP] Event: message @ webpack-internal:///(app-pages-browser)/./node_modules/next/dist/compiled/react-dom/cjs/react-dom-client.development.js:18414
[  599756ms] [TIMESTAMP] Render @ webpack-internal:///(app-pages-browser)/./node_modules/next/dist/compiled/react-dom/cjs/react-dom-client.development.js:19292
[  599758ms] [TIMESTAMP] Commit @ webpack-internal:///(app-pages-browser)/./node_modules/next/dist/compiled/react-dom/cjs/react-dom-client.development.js:4724
[  599762ms] [TIMESTAMP] Waiting for Paint @ webpack-internal:///(app-pages-browser)/./node_modules/next/dist/compiled/react-dom/cjs/react-dom-client.development.js:19929
[  599763ms] [TIMESTAMP] HTCallProvider @ webpack-internal:///(app-pages-browser)/./node_modules/next/dist/compiled/react-dom/cjs/react-dom-client.development.js:4426
[  599764ms] [TIMESTAMP] Remaining Effects @ webpack-internal:///(app-pages-browser)/./node_modules/next/dist/compiled/react-dom/cjs/react-dom-client.development.js:19980
[  603693ms] [TIMESTAMP] Blocking Track @ webpack-internal:///(app-pages-browser)/./node_modules/next/dist/compiled/react-dom/cjs/react-dom-client.development.js:18271
[  603694ms] [TIMESTAMP] Transition Track @ webpack-internal:///(app-pages-browser)/./node_modules/next/dist/compiled/react-dom/cjs/react-dom-client.development.js:18279
[  603695ms] [TIMESTAMP] Suspense Track @ webpack-internal:///(app-pages-browser)/./node_modules/next/dist/compiled/react-dom/cjs/react-dom-client.development.js:18287
[  603695ms] [TIMESTAMP] Idle Track @ webpack-internal:///(app-pages-browser)/./node_modules/next/dist/compiled/react-dom/cjs/react-dom-client.development.js:18295
[  603696ms] [TIMESTAMP] Event: message @ webpack-internal:///(app-pages-browser)/./node_modules/next/dist/compiled/react-dom/cjs/react-dom-client.development.js:18414
[  603700ms] [TIMESTAMP] Render @ webpack-internal:///(app-pages-browser)/./node_modules/next/dist/compiled/react-dom/cjs/react-dom-client.development.js:19292
[  603705ms] [TIMESTAMP] Commit @ webpack-internal:///(app-pages-browser)/./node_modules/next/dist/compiled/react-dom/cjs/react-dom-client.development.js:4724
[  603710ms] [TIMESTAMP] Waiting for Paint @ webpack-internal:///(app-pages-browser)/./node_modules/next/dist/compiled/react-dom/cjs/react-dom-client.development.js:19929
[  603711ms] [TIMESTAMP] HTCallProvider @ webpack-internal:///(app-pages-browser)/./node_modules/next/dist/compiled/react-dom/cjs/react-dom-client.development.js:4426
[  603712ms] [TIMESTAMP] Remaining Effects @ webpack-internal:///(app-pages-browser)/./node_modules/next/dist/compiled/react-dom/cjs/react-dom-client.development.js:19980
[  609514ms] [TIMESTAMP] Blocking Track @ webpack-internal:///(app-pages-browser)/./node_modules/next/dist/compiled/react-dom/cjs/react-dom-client.development.js:18271
[  609515ms] [TIMESTAMP] Transition Track @ webpack-internal:///(app-pages-browser)/./node_modules/next/dist/compiled/react-dom/cjs/react-dom-client.development.js:18279
[  609521ms] [TIMESTAMP] Suspense Track @ webpack-internal:///(app-pages-browser)/./node_modules/next/dist/compiled/react-dom/cjs/react-dom-client.development.js:18287
[  609523ms] [TIMESTAMP] Idle Track @ webpack-internal:///(app-pages-browser)/./node_modules/next/dist/compiled/react-dom/cjs/react-dom-client.development.js:18295
[  609524ms] [TIMESTAMP] Event: message @ webpack-internal:///(app-pages-browser)/./node_modules/next/dist/compiled/react-dom/cjs/react-dom-client.development.js:18414
[  609531ms] [TIMESTAMP] Render @ webpack-internal:///(app-pages-browser)/./node_modules/next/dist/compiled/react-dom/cjs/react-dom-client.development.js:19292
[  609535ms] [TIMESTAMP] Commit @ webpack-internal:///(app-pages-browser)/./node_modules/next/dist/compiled/react-dom/cjs/react-dom-client.development.js:4724
[  609539ms] [TIMESTAMP] Waiting for Paint @ webpack-internal:///(app-pages-browser)/./node_modules/next/dist/compiled/react-dom/cjs/react-dom-client.development.js:19929
[  609541ms] [TIMESTAMP] HTCallProvider @ webpack-internal:///(app-pages-browser)/./node_modules/next/dist/compiled/react-dom/cjs/react-dom-client.development.js:4426
[  609544ms] [TIMESTAMP] Remaining Effects @ webpack-internal:///(app-pages-browser)/./node_modules/next/dist/compiled/react-dom/cjs/react-dom-client.development.js:19980
[  615499ms] [TIMESTAMP] Blocking Track @ webpack-internal:///(app-pages-browser)/./node_modules/next/dist/compiled/react-dom/cjs/react-dom-client.development.js:18271
[  615502ms] [TIMESTAMP] Transition Track @ webpack-internal:///(app-pages-browser)/./node_modules/next/dist/compiled/react-dom/cjs/react-dom-client.development.js:18279
[  615504ms] [TIMESTAMP] Suspense Track @ webpack-internal:///(app-pages-browser)/./node_modules/next/dist/compiled/react-dom/cjs/react-dom-client.development.js:18287
[  615504ms] [TIMESTAMP] Idle Track @ webpack-internal:///(app-pages-browser)/./node_modules/next/dist/compiled/react-dom/cjs/react-dom-client.development.js:18295
[  615504ms] [TIMESTAMP] Event: message @ webpack-internal:///(app-pages-browser)/./node_modules/next/dist/compiled/react-dom/cjs/react-dom-client.development.js:18414
[  615516ms] [TIMESTAMP] Render @ webpack-internal:///(app-pages-browser)/./node_modules/next/dist/compiled/react-dom/cjs/react-dom-client.development.js:19292
[  615519ms] [TIMESTAMP] Commit @ webpack-internal:///(app-pages-browser)/./node_modules/next/dist/compiled/react-dom/cjs/react-dom-client.development.js:4724
[  615522ms] [TIMESTAMP] Waiting for Paint @ webpack-internal:///(app-pages-browser)/./node_modules/next/dist/compiled/react-dom/cjs/react-dom-client.development.js:19929
[  615523ms] [TIMESTAMP] HTCallProvider @ webpack-internal:///(app-pages-browser)/./node_modules/next/dist/compiled/react-dom/cjs/react-dom-client.development.js:4426
[  618498ms] [TIMESTAMP] Blocking Track @ webpack-internal:///(app-pages-browser)/./node_modules/next/dist/compiled/react-dom/cjs/react-dom-client.development.js:18271
[  618499ms] [TIMESTAMP] Transition Track @ webpack-internal:///(app-pages-browser)/./node_modules/next/dist/compiled/react-dom/cjs/react-dom-client.development.js:18279
[  618500ms] [TIMESTAMP] Suspense Track @ webpack-internal:///(app-pages-browser)/./node_modules/next/dist/compiled/react-dom/cjs/react-dom-client.development.js:18287
[  618502ms] [TIMESTAMP] Idle Track @ webpack-internal:///(app-pages-browser)/./node_modules/next/dist/compiled/react-dom/cjs/react-dom-client.development.js:18295
[  618523ms] [TIMESTAMP] Render @ webpack-internal:///(app-pages-browser)/./node_modules/next/dist/compiled/react-dom/cjs/react-dom-client.development.js:19292
[  618523ms] [TIMESTAMP] Commit @ webpack-internal:///(app-pages-browser)/./node_modules/next/dist/compiled/react-dom/cjs/react-dom-client.development.js:4724
[  618525ms] [TIMESTAMP] Waiting for Paint @ webpack-internal:///(app-pages-browser)/./node_modules/next/dist/compiled/react-dom/cjs/react-dom-client.development.js:19929
[  618538ms] [TIMESTAMP] HTCallProvider @ webpack-internal:///(app-pages-browser)/./node_modules/next/dist/compiled/react-dom/cjs/react-dom-client.development.js:4426
[  618544ms] [TIMESTAMP] Remaining Effects @ webpack-internal:///(app-pages-browser)/./node_modules/next/dist/compiled/react-dom/cjs/react-dom-client.development.js:19980
[  639986ms] [TIMESTAMP] Blocking Track @ webpack-internal:///(app-pages-browser)/./node_modules/next/dist/compiled/react-dom/cjs/react-dom-client.development.js:18271
[  639987ms] [TIMESTAMP] Transition Track @ webpack-internal:///(app-pages-browser)/./node_modules/next/dist/compiled/react-dom/cjs/react-dom-client.development.js:18279
[  639988ms] [TIMESTAMP] Suspense Track @ webpack-internal:///(app-pages-browser)/./node_modules/next/dist/compiled/react-dom/cjs/react-dom-client.development.js:18287
[  639989ms] [TIMESTAMP] Idle Track @ webpack-internal:///(app-pages-browser)/./node_modules/next/dist/compiled/react-dom/cjs/react-dom-client.development.js:18295
[  639989ms] [TIMESTAMP] Event: message @ webpack-internal:///(app-pages-browser)/./node_modules/next/dist/compiled/react-dom/cjs/react-dom-client.development.js:18414
[  639997ms] [TIMESTAMP] Render @ webpack-internal:///(app-pages-browser)/./node_modules/next/dist/compiled/react-dom/cjs/react-dom-client.development.js:19292
[  639999ms] [TIMESTAMP] Commit @ webpack-internal:///(app-pages-browser)/./node_modules/next/dist/compiled/react-dom/cjs/react-dom-client.development.js:4724
[  640001ms] [TIMESTAMP] Waiting for Paint @ webpack-internal:///(app-pages-browser)/./node_modules/next/dist/compiled/react-dom/cjs/react-dom-client.development.js:19929
[  640001ms] [TIMESTAMP] HTCallProvider @ webpack-internal:///(app-pages-browser)/./node_modules/next/dist/compiled/react-dom/cjs/react-dom-client.development.js:4426
[  640002ms] [TIMESTAMP] Remaining Effects @ webpack-internal:///(app-pages-browser)/./node_modules/next/dist/compiled/react-dom/cjs/react-dom-client.development.js:19980
[  659752ms] [TIMESTAMP] Blocking Track @ webpack-internal:///(app-pages-browser)/./node_modules/next/dist/compiled/react-dom/cjs/react-dom-client.development.js:18271
[  659753ms] [TIMESTAMP] Transition Track @ webpack-internal:///(app-pages-browser)/./node_modules/next/dist/compiled/react-dom/cjs/react-dom-client.development.js:18279
[  659754ms] [TIMESTAMP] Suspense Track @ webpack-internal:///(app-pages-browser)/./node_modules/next/dist/compiled/react-dom/cjs/react-dom-client.development.js:18287
[  659754ms] [TIMESTAMP] Idle Track @ webpack-internal:///(app-pages-browser)/./node_modules/next/dist/compiled/react-dom/cjs/react-dom-client.development.js:18295
[  659754ms] [TIMESTAMP] Event: message @ webpack-internal:///(app-pages-browser)/./node_modules/next/dist/compiled/react-dom/cjs/react-dom-client.development.js:18414
[  659761ms] [TIMESTAMP] Render @ webpack-internal:///(app-pages-browser)/./node_modules/next/dist/compiled/react-dom/cjs/react-dom-client.development.js:19292
[  659765ms] [TIMESTAMP] Commit @ webpack-internal:///(app-pages-browser)/./node_modules/next/dist/compiled/react-dom/cjs/react-dom-client.development.js:4724
[  659767ms] [TIMESTAMP] Waiting for Paint @ webpack-internal:///(app-pages-browser)/./node_modules/next/dist/compiled/react-dom/cjs/react-dom-client.development.js:19929
[  659769ms] [TIMESTAMP] HTCallProvider @ webpack-internal:///(app-pages-browser)/./node_modules/next/dist/compiled/react-dom/cjs/react-dom-client.development.js:4426
[  659769ms] [TIMESTAMP] Remaining Effects @ webpack-internal:///(app-pages-browser)/./node_modules/next/dist/compiled/react-dom/cjs/react-dom-client.development.js:19980
[  660787ms] [TIMESTAMP] Blocking Track @ webpack-internal:///(app-pages-browser)/./node_modules/next/dist/compiled/react-dom/cjs/react-dom-client.development.js:18271
[  660788ms] [TIMESTAMP] Transition Track @ webpack-internal:///(app-pages-browser)/./node_modules/next/dist/compiled/react-dom/cjs/react-dom-client.development.js:18279
[  660788ms] [TIMESTAMP] Suspense Track @ webpack-internal:///(app-pages-browser)/./node_modules/next/dist/compiled/react-dom/cjs/react-dom-client.development.js:18287
[  660788ms] [TIMESTAMP] Idle Track @ webpack-internal:///(app-pages-browser)/./node_modules/next/dist/compiled/react-dom/cjs/react-dom-client.development.js:18295
[  660789ms] [TIMESTAMP] Event: message @ webpack-internal:///(app-pages-browser)/./node_modules/next/dist/compiled/react-dom/cjs/react-dom-client.development.js:18414
[  660796ms] [TIMESTAMP] Render @ webpack-internal:///(app-pages-browser)/./node_modules/next/dist/compiled/react-dom/cjs/react-dom-client.development.js:19292
[  660800ms] [TIMESTAMP] Commit @ webpack-internal:///(app-pages-browser)/./node_modules/next/dist/compiled/react-dom/cjs/react-dom-client.development.js:4724
[  660804ms] [TIMESTAMP] Waiting for Paint @ webpack-internal:///(app-pages-browser)/./node_modules/next/dist/compiled/react-dom/cjs/react-dom-client.development.js:19929
[  660804ms] [TIMESTAMP] HTCallProvider @ webpack-internal:///(app-pages-browser)/./node_modules/next/dist/compiled/react-dom/cjs/react-dom-client.development.js:4426
[  660805ms] [TIMESTAMP] Remaining Effects @ webpack-internal:///(app-pages-browser)/./node_modules/next/dist/compiled/react-dom/cjs/react-dom-client.development.js:19980
[  665752ms] [TIMESTAMP] Blocking Track @ webpack-internal:///(app-pages-browser)/./node_modules/next/dist/compiled/react-dom/cjs/react-dom-client.development.js:18271
[  665753ms] [TIMESTAMP] Transition Track @ webpack-internal:///(app-pages-browser)/./node_modules/next/dist/compiled/react-dom/cjs/react-dom-client.development.js:18279
[  665754ms] [TIMESTAMP] Suspense Track @ webpack-internal:///(app-pages-browser)/./node_modules/next/dist/compiled/react-dom/cjs/react-dom-client.development.js:18287
[  665754ms] [TIMESTAMP] Idle Track @ webpack-internal:///(app-pages-browser)/./node_modules/next/dist/compiled/react-dom/cjs/react-dom-client.development.js:18295
[  665755ms] [TIMESTAMP] Event: message @ webpack-internal:///(app-pages-browser)/./node_modules/next/dist/compiled/react-dom/cjs/react-dom-client.development.js:18414
[  665761ms] [TIMESTAMP] Render @ webpack-internal:///(app-pages-browser)/./node_modules/next/dist/compiled/react-dom/cjs/react-dom-client.development.js:19292
[  665764ms] [TIMESTAMP] Commit @ webpack-internal:///(app-pages-browser)/./node_modules/next/dist/compiled/react-dom/cjs/react-dom-client.development.js:4724
[  665767ms] [TIMESTAMP] Waiting for Paint @ webpack-internal:///(app-pages-browser)/./node_modules/next/dist/compiled/react-dom/cjs/react-dom-client.development.js:19929
[  665768ms] [TIMESTAMP] HTCallProvider @ webpack-internal:///(app-pages-browser)/./node_modules/next/dist/compiled/react-dom/cjs/react-dom-client.development.js:4426
[  665769ms] [TIMESTAMP] Remaining Effects @ webpack-internal:///(app-pages-browser)/./node_modules/next/dist/compiled/react-dom/cjs/react-dom-client.development.js:19980
[  678513ms] [TIMESTAMP] Blocking Track @ webpack-internal:///(app-pages-browser)/./node_modules/next/dist/compiled/react-dom/cjs/react-dom-client.development.js:18271
[  678514ms] [TIMESTAMP] Transition Track @ webpack-internal:///(app-pages-browser)/./node_modules/next/dist/compiled/react-dom/cjs/react-dom-client.development.js:18279
[  678516ms] [TIMESTAMP] Suspense Track @ webpack-internal:///(app-pages-browser)/./node_modules/next/dist/compiled/react-dom/cjs/react-dom-client.development.js:18287
[  678517ms] [TIMESTAMP] Idle Track @ webpack-internal:///(app-pages-browser)/./node_modules/next/dist/compiled/react-dom/cjs/react-dom-client.development.js:18295
[  678517ms] [TIMESTAMP] Event: message @ webpack-internal:///(app-pages-browser)/./node_modules/next/dist/compiled/react-dom/cjs/react-dom-client.development.js:18414
[  678522ms] [TIMESTAMP] Render @ webpack-internal:///(app-pages-browser)/./node_modules/next/dist/compiled/react-dom/cjs/react-dom-client.development.js:19292
[  678523ms] [TIMESTAMP] Commit @ webpack-internal:///(app-pages-browser)/./node_modules/next/dist/compiled/react-dom/cjs/react-dom-client.development.js:4724
[  678525ms] [TIMESTAMP] Waiting for Paint @ webpack-internal:///(app-pages-browser)/./node_modules/next/dist/compiled/react-dom/cjs/react-dom-client.development.js:19929
[  678525ms] [TIMESTAMP] HTCallProvider @ webpack-internal:///(app-pages-browser)/./node_modules/next/dist/compiled/react-dom/cjs/react-dom-client.development.js:4426
[  678526ms] [TIMESTAMP] Remaining Effects @ webpack-internal:///(app-pages-browser)/./node_modules/next/dist/compiled/react-dom/cjs/react-dom-client.development.js:19980
[  681530ms] [TIMESTAMP] Blocking Track @ webpack-internal:///(app-pages-browser)/./node_modules/next/dist/compiled/react-dom/cjs/react-dom-client.development.js:18271
[  681531ms] [TIMESTAMP] Transition Track @ webpack-internal:///(app-pages-browser)/./node_modules/next/dist/compiled/react-dom/cjs/react-dom-client.development.js:18279
[  681532ms] [TIMESTAMP] Suspense Track @ webpack-internal:///(app-pages-browser)/./node_modules/next/dist/compiled/react-dom/cjs/react-dom-client.development.js:18287
[  681532ms] [TIMESTAMP] Idle Track @ webpack-internal:///(app-pages-browser)/./node_modules/next/dist/compiled/react-dom/cjs/react-dom-client.development.js:18295
[  681532ms] [TIMESTAMP] Event: message @ webpack-internal:///(app-pages-browser)/./node_modules/next/dist/compiled/react-dom/cjs/react-dom-client.development.js:18414
[  681536ms] [TIMESTAMP] Render @ webpack-internal:///(app-pages-browser)/./node_modules/next/dist/compiled/react-dom/cjs/react-dom-client.development.js:19292
[  681538ms] [TIMESTAMP] Commit @ webpack-internal:///(app-pages-browser)/./node_modules/next/dist/compiled/react-dom/cjs/react-dom-client.development.js:4724
[  681543ms] [TIMESTAMP] Waiting for Paint @ webpack-internal:///(app-pages-browser)/./node_modules/next/dist/compiled/react-dom/cjs/react-dom-client.development.js:19929
[  681544ms] [TIMESTAMP] HTCallProvider @ webpack-internal:///(app-pages-browser)/./node_modules/next/dist/compiled/react-dom/cjs/react-dom-client.development.js:4426
[  681546ms] [TIMESTAMP] Remaining Effects @ webpack-internal:///(app-pages-browser)/./node_modules/next/dist/compiled/react-dom/cjs/react-dom-client.development.js:19980
[  689758ms] [TIMESTAMP] Blocking Track @ webpack-internal:///(app-pages-browser)/./node_modules/next/dist/compiled/react-dom/cjs/react-dom-client.development.js:18271
[  689759ms] [TIMESTAMP] Transition Track @ webpack-internal:///(app-pages-browser)/./node_modules/next/dist/compiled/react-dom/cjs/react-dom-client.development.js:18279
[  689761ms] [TIMESTAMP] Suspense Track @ webpack-internal:///(app-pages-browser)/./node_modules/next/dist/compiled/react-dom/cjs/react-dom-client.development.js:18287
[  689761ms] [TIMESTAMP] Idle Track @ webpack-internal:///(app-pages-browser)/./node_modules/next/dist/compiled/react-dom/cjs/react-dom-client.development.js:18295
[  689762ms] [TIMESTAMP] Event: message @ webpack-internal:///(app-pages-browser)/./node_modules/next/dist/compiled/react-dom/cjs/react-dom-client.development.js:18414
[  689764ms] [TIMESTAMP] Render @ webpack-internal:///(app-pages-browser)/./node_modules/next/dist/compiled/react-dom/cjs/react-dom-client.development.js:19292
[  689767ms] [TIMESTAMP] Commit @ webpack-internal:///(app-pages-browser)/./node_modules/next/dist/compiled/react-dom/cjs/react-dom-client.development.js:4724
[  689773ms] [TIMESTAMP] Waiting for Paint @ webpack-internal:///(app-pages-browser)/./node_modules/next/dist/compiled/react-dom/cjs/react-dom-client.development.js:19929
[  689774ms] [TIMESTAMP] HTCallProvider @ webpack-internal:///(app-pages-browser)/./node_modules/next/dist/compiled/react-dom/cjs/react-dom-client.development.js:4426
[  689775ms] [TIMESTAMP] Remaining Effects @ webpack-internal:///(app-pages-browser)/./node_modules/next/dist/compiled/react-dom/cjs/react-dom-client.development.js:19980
[  693106ms] [TIMESTAMP] Blocking Track @ webpack-internal:///(app-pages-browser)/./node_modules/next/dist/compiled/react-dom/cjs/react-dom-client.development.js:18271
[  693108ms] [TIMESTAMP] Transition Track @ webpack-internal:///(app-pages-browser)/./node_modules/next/dist/compiled/react-dom/cjs/react-dom-client.development.js:18279
[  693108ms] [TIMESTAMP] Suspense Track @ webpack-internal:///(app-pages-browser)/./node_modules/next/dist/compiled/react-dom/cjs/react-dom-client.development.js:18287
[  693109ms] [TIMESTAMP] Idle Track @ webpack-internal:///(app-pages-browser)/./node_modules/next/dist/compiled/react-dom/cjs/react-dom-client.development.js:18295
[  693110ms] [TIMESTAMP] Event: message @ webpack-internal:///(app-pages-browser)/./node_modules/next/dist/compiled/react-dom/cjs/react-dom-client.development.js:18414
[  693116ms] [TIMESTAMP] Render @ webpack-internal:///(app-pages-browser)/./node_modules/next/dist/compiled/react-dom/cjs/react-dom-client.development.js:19292
[  693119ms] [TIMESTAMP] Commit @ webpack-internal:///(app-pages-browser)/./node_modules/next/dist/compiled/react-dom/cjs/react-dom-client.development.js:4724
[  693123ms] [TIMESTAMP] Waiting for Paint @ webpack-internal:///(app-pages-browser)/./node_modules/next/dist/compiled/react-dom/cjs/react-dom-client.development.js:19929
[  693123ms] [TIMESTAMP] HTCallProvider @ webpack-internal:///(app-pages-browser)/./node_modules/next/dist/compiled/react-dom/cjs/react-dom-client.development.js:4426
[  693124ms] [TIMESTAMP] Remaining Effects @ webpack-internal:///(app-pages-browser)/./node_modules/next/dist/compiled/react-dom/cjs/react-dom-client.development.js:19980
[  698804ms] [TIMESTAMP] Blocking Track @ webpack-internal:///(app-pages-browser)/./node_modules/next/dist/compiled/react-dom/cjs/react-dom-client.development.js:18271
[  698805ms] [TIMESTAMP] Transition Track @ webpack-internal:///(app-pages-browser)/./node_modules/next/dist/compiled/react-dom/cjs/react-dom-client.development.js:18279
[  698805ms] [TIMESTAMP] Suspense Track @ webpack-internal:///(app-pages-browser)/./node_modules/next/dist/compiled/react-dom/cjs/react-dom-client.development.js:18287
[  698805ms] [TIMESTAMP] Idle Track @ webpack-internal:///(app-pages-browser)/./node_modules/next/dist/compiled/react-dom/cjs/react-dom-client.development.js:18295
[  698808ms] [TIMESTAMP] Render @ webpack-internal:///(app-pages-browser)/./node_modules/next/dist/compiled/react-dom/cjs/react-dom-client.development.js:19292
[  698809ms] [TIMESTAMP] Commit @ webpack-internal:///(app-pages-browser)/./node_modules/next/dist/compiled/react-dom/cjs/react-dom-client.development.js:4724
[  698811ms] [TIMESTAMP] Waiting for Paint @ webpack-internal:///(app-pages-browser)/./node_modules/next/dist/compiled/react-dom/cjs/react-dom-client.development.js:19929
[  698811ms] [TIMESTAMP] HTCallProvider @ webpack-internal:///(app-pages-browser)/./node_modules/next/dist/compiled/react-dom/cjs/react-dom-client.development.js:4426
[  698811ms] [TIMESTAMP] Remaining Effects @ webpack-internal:///(app-pages-browser)/./node_modules/next/dist/compiled/react-dom/cjs/react-dom-client.development.js:19980
[  705098ms] [TIMESTAMP] Blocking Track @ webpack-internal:///(app-pages-browser)/./node_modules/next/dist/compiled/react-dom/cjs/react-dom-client.development.js:18271
[  705098ms] [TIMESTAMP] Transition Track @ webpack-internal:///(app-pages-browser)/./node_modules/next/dist/compiled/react-dom/cjs/react-dom-client.development.js:18279
[  705099ms] [TIMESTAMP] Suspense Track @ webpack-internal:///(app-pages-browser)/./node_modules/next/dist/compiled/react-dom/cjs/react-dom-client.development.js:18287
[  705100ms] [TIMESTAMP] Idle Track @ webpack-internal:///(app-pages-browser)/./node_modules/next/dist/compiled/react-dom/cjs/react-dom-client.development.js:18295
[  705100ms] [TIMESTAMP] Event: message @ webpack-internal:///(app-pages-browser)/./node_modules/next/dist/compiled/react-dom/cjs/react-dom-client.development.js:18414
[  705104ms] [TIMESTAMP] Render @ webpack-internal:///(app-pages-browser)/./node_modules/next/dist/compiled/react-dom/cjs/react-dom-client.development.js:19292
[  705104ms] [TIMESTAMP] Commit @ webpack-internal:///(app-pages-browser)/./node_modules/next/dist/compiled/react-dom/cjs/react-dom-client.development.js:4724
[  705109ms] [TIMESTAMP] Waiting for Paint @ webpack-internal:///(app-pages-browser)/./node_modules/next/dist/compiled/react-dom/cjs/react-dom-client.development.js:19929
[  705110ms] [TIMESTAMP] HTCallProvider @ webpack-internal:///(app-pages-browser)/./node_modules/next/dist/compiled/react-dom/cjs/react-dom-client.development.js:4426
[  705111ms] [TIMESTAMP] Remaining Effects @ webpack-internal:///(app-pages-browser)/./node_modules/next/dist/compiled/react-dom/cjs/react-dom-client.development.js:19980
[  705492ms] [TIMESTAMP] Blocking Track @ webpack-internal:///(app-pages-browser)/./node_modules/next/dist/compiled/react-dom/cjs/react-dom-client.development.js:18271
[  705493ms] [TIMESTAMP] Transition Track @ webpack-internal:///(app-pages-browser)/./node_modules/next/dist/compiled/react-dom/cjs/react-dom-client.development.js:18279
[  705494ms] [TIMESTAMP] Suspense Track @ webpack-internal:///(app-pages-browser)/./node_modules/next/dist/compiled/react-dom/cjs/react-dom-client.development.js:18287
[  705495ms] [TIMESTAMP] Idle Track @ webpack-internal:///(app-pages-browser)/./node_modules/next/dist/compiled/react-dom/cjs/react-dom-client.development.js:18295
[  705495ms] [TIMESTAMP] Event: message @ webpack-internal:///(app-pages-browser)/./node_modules/next/dist/compiled/react-dom/cjs/react-dom-client.development.js:18414
[  705496ms] [TIMESTAMP] Render @ webpack-internal:///(app-pages-browser)/./node_modules/next/dist/compiled/react-dom/cjs/react-dom-client.development.js:19292
[  705498ms] [TIMESTAMP] Commit @ webpack-internal:///(app-pages-browser)/./node_modules/next/dist/compiled/react-dom/cjs/react-dom-client.development.js:4724
